trade_idx,close_equity_usd,campaign_stress_equity_usd
1,967.50,-2000.00
2,-4727.50,-4907.50
3,-3422.50,-8665.00
4,3832.50,-5235.00
5,-4237.50,-5292.50
6,-2932.50,-4987.50
7,-440.00,-4120.00
8,-3135.00,-3440.00
9,-2955.00,-4197.50
10,-500.00,-4580.00
11,-3632.50,-3625.00
12,-6765.00,-6695.00
13,-5660.00,-8202.50
14,-5380.00,-5972.50
15,-7075.00,-7005.00
16,-6907.50,-7575.00
17,-9102.50,-9407.50
18,-11297.50,-11227.50
19,-13867.50,-14110.00
20,-13650.00,-16055.00
21,-20157.50,-20212.50
22,-22227.50,-22407.50
23,-18497.50,-22977.50
24,-18280.00,-18872.50
25,-20225.00,-20280.00
26,-21982.50,-22287.50
27,-23927.50,-24045.00
28,-27122.50,-28115.00
29,-31130.00,-31185.00
30,-31012.50,-32442.50
31,-32457.50,-32450.00
32,-31915.00,-33145.00
33,-31860.00,-34102.50
34,-34430.00,-34422.50
35,-37000.00,-37242.50
36,-36582.50,-38125.00
37,-33077.50,-37020.00
38,-28822.50,-33515.00
39,-28567.50,-29135.00
40,-30200.00,-30380.00
41,-32145.00,-32137.50
42,-34090.00,-34395.00
43,-36410.00,-36465.00
44,-35292.50,-37097.50
45,-30587.50,-36542.50
46,-32595.00,-32837.50
47,-34602.50,-34532.50
48,-36172.50,-36165.00
49,-33905.00,-36797.50
50,-36412.50,-36405.00
51,-36082.50,-36662.50
52,-37902.50,-38082.50
53,-34935.00,-38902.50
54,-34680.00,-35435.00
55,-35187.50,-35680.00
56,-33220.00,-35875.00
57,-35415.00,-35407.50
58,-32097.50,-36852.50
59,-25217.50,-32410.00
60,-28537.50,-28467.50
61,-31857.50,-32037.50
62,-26177.50,-32545.00
63,-27935.00,-27990.00
64,-29692.50,-29622.50
65,-33012.50,-33130.00
66,-34457.50,-35137.50
67,-36402.50,-36457.50
68,-38347.50,-38590.00
69,-37167.50,-38972.50
70,-38925.00,-38917.50
71,-38745.00,-39925.00
72,-41065.00,-40995.00
73,-40072.50,-42877.50
74,-39330.00,-40510.00
75,-38862.50,-40142.50
76,-42057.50,-42300.00
77,-45690.00,-46495.00
78,-40372.50,-48252.50
79,-37192.50,-41247.50
80,-30275.00,-39692.50
81,-34657.50,-34837.50
82,-33952.50,-35595.00
83,-23435.00,-35515.00
84,-22505.00,-23935.00
85,-17537.50,-22755.00
86,-17007.50,-18975.00
87,-11102.50,-19695.00
88,-15797.50,-15977.50
89,-15155.00,-17172.50
90,-9887.50,-15967.50
91,-12832.50,-12762.50
92,-8540.00,-14207.50
93,-5560.00,-9477.50
94,-2092.50,-5872.50
95,-4225.00,-4342.50
96,-4732.50,-6287.50
97,-6365.00,-6482.50
98,-7997.50,-8490.00
99,-7855.00,-9372.50
100,-9425.00,-9355.00
101,-11807.50,-11737.50
102,-14065.00,-14307.50
103,-18260.00,-18877.50
104,-16767.50,-18385.00
105,-14387.50,-18205.00
106,-13882.50,-14700.00
107,-13040.00,-14320.00
108,-11160.00,-14727.50
109,-15292.50,-16097.50
110,-17862.50,-19042.50
111,-17207.50,-18925.00
112,-19277.50,-19270.00
113,-17160.00,-19402.50
114,-16855.00,-17722.50
115,-12862.50,-17730.00
116,-16432.50,-16425.00
117,-18877.50,-19307.50
118,-22322.50,-22565.00
119,-18580.00,-24822.50
120,-11362.50,-19205.00
121,-13245.00,-13800.00
122,-15127.50,-15120.00
123,-17260.00,-17190.00
124,-19392.50,-19385.00
125,-21025.00,-21267.50
126,-22720.00,-22650.00
127,-21727.50,-23470.00
128,-24797.50,-24790.00
129,-24430.00,-25297.50
130,-25937.50,-25867.50
131,-25807.50,-26625.00
132,-25352.50,-26870.00
133,-22935.00,-26602.50
134,-19505.00,-23497.50
135,-19550.00,-19942.50
136,-21745.00,-21675.00
137,-20677.50,-22995.00
138,-24810.00,-24990.00
139,-24217.50,-25247.50
140,-19587.50,-25030.00
141,-16782.50,-20275.00
142,-16602.50,-17782.50
143,-16422.50,-17790.00
144,-14080.00,-17235.00
145,-17462.50,-17955.00
146,-20032.50,-20087.50
147,-13190.00,-20532.50
148,-12585.00,-14065.00
149,-3455.00,-12897.50
150,-50.00,-4205.00
151,-2807.50,-2862.50
152,-5565.00,-5495.00
153,-7447.50,-7502.50
154,-3292.50,-7572.50
155,-5987.50,-5917.50
156,-4370.00,-6925.00
157,-3802.50,-6120.00
158,-8247.50,-8490.00
159,-11192.50,-11310.00
160,-12325.00,-12380.00
161,-15895.00,-15950.00
162,-17715.00,-18520.00
163,-12785.00,-19590.00
164,-12292.50,-13660.00
165,-6950.00,-13105.00
166,-8707.50,-9075.00
167,-8590.00,-10395.00
168,-6035.00,-9402.50
169,-7542.50,-8222.50
170,-7437.50,-8042.50
171,-8820.00,-8750.00
172,-10577.50,-10570.00
173,-12022.50,-12077.50
174,-13780.00,-13960.00
175,-10837.50,-14592.50
176,-12407.50,-12462.50
177,-14977.50,-15032.50
178,-10347.50,-15102.50
179,-13542.50,-13472.50
180,-16737.50,-16667.50
181,-16482.50,-17737.50
182,-16227.50,-17107.50
183,-15360.00,-17915.00
184,-10342.50,-15610.00
185,-8050.00,-10905.00
186,-8370.00,-9237.50
187,-6777.50,-9120.00
188,-3047.50,-7652.50
189,-2792.50,-4797.50
190,-675.00,-3292.50
191,-2995.00,-2925.00
192,-5315.00,-5245.00
193,-7010.00,-7502.50
194,-8830.00,-8760.00
195,-10400.00,-10330.00
196,-9745.00,-11837.50
197,-12565.00,-12682.50
198,-12072.50,-14377.50
199,-11955.00,-12260.00
200,-12400.00,-12392.50
201,-12007.50,-13212.50
202,-14140.00,-14445.00
203,-14072.50,-14390.00
204,-17767.50,-17697.50
205,-14300.00,-18330.00
206,-5470.00,-14862.50
207,-3852.50,-8220.00
208,2202.50,-4227.50
209,8745.00,-735.00
210,9337.50,7495.00
211,6267.50,5962.50
212,12135.00,5580.00
213,6002.50,5947.50
214,9432.50,2565.00
215,5487.50,5370.00
216,6042.50,4487.50
217,10035.00,5855.00
218,13265.00,9097.50
219,15070.00,10515.00
220,13500.00,11945.00
221,22705.00,13125.00
222,18572.50,16955.00
223,13252.50,13260.00
224,24595.00,10877.50
225,18462.50,18532.50
226,24617.50,16087.50
227,32322.50,22242.50
228,37627.50,31635.00
229,31557.50,31127.50
230,39437.50,25432.50
231,34305.00,34375.00
232,33047.50,33055.00
233,33040.00,29422.50
234,33607.50,32415.00
235,38675.00,32482.50
236,33917.50,33987.50
237,35622.50,33167.50
238,32365.00,32435.00
239,38045.00,31052.50
240,40162.50,36357.50
241,45805.00,39600.00
242,43610.00,43680.00
243,46727.50,42860.00
244,46845.00,46415.00
245,47025.00,46282.50
246,43517.50,43525.00
247,44047.50,43142.50
248,46915.00,43297.50
249,44157.50,43915.00
250,44350.00,43032.50
251,40592.50,40350.00
252,43860.00,39967.50
253,47965.00,42860.00
254,52745.00,46090.00
255,53100.00,52120.00
256,55330.00,52475.00
257,55572.50,53392.50
258,55827.50,55072.50
259,52195.00,52077.50
260,52750.00,51445.00
261,53092.50,51312.50
262,56185.00,52467.50
263,56552.50,55435.00
264,60395.00,55802.50
265,61262.50,58145.00
266,65817.50,61012.50
267,67710.00,64442.50
268,69477.50,66022.50
269,67032.50,67040.00
270,64587.50,64345.00
271,65730.00,63962.50
272,66472.50,63855.00
273,66877.50,63910.00
274,63995.00,64002.50
275,64400.00,62932.50
276,64805.00,63962.50
277,60297.50,60180.00
278,61027.50,58985.00
279,57457.50,57277.50
280,63300.00,55332.50
281,62042.50,62112.50
282,57410.00,56605.00
283,67165.00,56847.50
284,67857.50,65290.00
285,84825.00,66857.50
286,92892.50,78887.50
287,103110.00,91580.00
288,108640.00,102235.00
289,113895.00,108327.50
290,110075.00,109770.00
291,106130.00,106200.00
292,103060.00,102942.50
293,104615.00,101435.00
294,105857.50,104240.00
295,111525.00,104857.50
296,104955.00,105025.00
297,106097.50,104142.50
298,101715.00,101285.00
299,102045.00,100777.50
300,111662.50,98732.50
301,104030.00,103662.50
302,97397.50,96592.50
303,98165.00,93772.50
304,98157.50,95977.50
305,98787.50,95970.00
306,106342.50,98225.00
307,113785.00,104655.00
308,113277.50,112722.50
309,121095.00,112465.00
310,118462.50,118157.50
311,115705.00,115775.00
312,112322.50,112392.50
313,110315.00,110135.00
314,106932.50,106940.00
315,110187.50,106245.00
316,111367.50,106750.00
317,111972.50,110555.00
318,115477.50,110035.00
319,111470.00,111290.00
320,125250.00,109470.00
321,118367.50,118375.00
322,111485.00,111555.00
323,106352.50,106422.50
324,107207.50,105852.50
325,108225.00,106457.50
326,114280.00,104537.50
327,105960.00,105780.00
328,116002.50,105147.50
329,111245.00,111315.00
330,112025.00,110182.50
331,109330.00,109275.00
332,121422.50,108830.00
333,114727.50,114797.50
334,108032.50,108102.50
335,106275.00,106345.00
336,108330.00,100962.50
337,109147.50,106955.00
338,109977.50,107835.00
339,122782.50,108727.50
340,124137.50,117532.50
341,116505.00,116200.00
342,117985.00,113942.50
343,132290.00,111860.00
344,133570.00,130977.50
345,134850.00,131632.50
346,129030.00,128787.50
347,123022.50,123030.00
348,115515.00,114585.00
349,107757.50,107640.00
350,95875.00,95070.00
351,114967.50,91750.00
352,129647.50,113842.50
353,123890.00,123897.50
354,128770.00,118765.00
355,123950.00,123457.50
356,125692.50,120762.50
357,119622.50,118942.50
358,126640.00,117247.50
359,118882.50,118577.50
360,110937.50,110632.50
361,106555.00,105750.00
362,101672.50,101117.50
363,98540.00,98485.00
364,105270.00,98165.00
365,108100.00,102207.50
366,109492.50,106787.50
367,114585.00,106867.50
368,110640.00,110585.00
369,106695.00,106202.50
370,101500.00,101257.50
371,96305.00,95375.00
372,90797.50,90555.00
373,85290.00,85360.00
374,85670.00,83102.50
375,82912.50,82795.00
376,92755.00,82162.50
377,87810.00,86817.50
378,81927.50,81997.50
379,82801.00,77677.50
380,78168.50,77988.50
381,73536.00,73543.50
382,69903.50,69973.50
383,65708.50,65278.50
384,67576.00,59208.50
385,71568.50,64013.50
386,65061.00,64943.50
387,66191.00,62186.00
388,76821.00,62566.00
389,82538.50,74258.50
390,78593.50,78101.00
391,79211.00,78093.50
392,84441.00,77461.00
393,88096.00,82941.00
394,80276.00,80346.00
395,84206.00,76776.00
396,78261.00,78081.00
397,72316.00,72386.00
398,81546.00,70878.50
399,86188.50,79608.50
400,86843.50,82251.00
401,88461.00,86531.00
402,96803.50,87336.00
403,90858.50,90616.00
404,84913.50,84608.50
405,77906.00,77913.50
406,67586.00,66718.50
407,76928.50,67273.50
408,77571.00,75866.00
409,81113.50,77008.50
410,75668.50,74613.50
411,69598.50,69543.50
412,65966.00,65786.00
413,71071.00,65216.00
414,61751.00,61696.00
415,61493.50,58063.50
416,61886.00,60493.50
417,60503.50,60573.50
418,60714.50,60191.00
419,57207.00,57214.50
420,69374.50,56832.00
421,69917.00,67187.00
422,66347.00,66229.50
423,77502.00,65347.00
424,84719.50,76564.50
425,81587.00,80844.50
426,77829.50,77399.50
427,78409.50,76142.00
428,86077.00,77534.50
429,86782.00,83827.00
430,88212.00,85282.00
431,88617.00,87524.50
432,89097.00,86992.00
433,85839.50,85909.50
434,82832.00,82714.50
435,79824.50,79894.50
436,77379.50,77387.00
437,77697.00,75379.50
438,73752.00,73072.00
439,75432.00,72939.50
440,76487.00,71682.00
441,74167.00,72549.50
442,70097.00,70042.00
443,66027.00,66034.50
444,63269.50,63277.00
445,60512.00,59707.00
446,56129.50,55699.50
447,60697.00,55004.50
448,71739.50,57572.00
449,68044.50,66927.00
450,63537.00,62669.50
451,70379.50,62099.50
452,71209.50,69754.50
453,66202.00,65709.50
454,62632.00,62264.50
455,59062.00,59132.00
456,61104.50,55749.50
457,57222.00,56729.50
458,53339.50,53347.00
459,53382.00,52902.00
460,50437.00,49882.00
461,57504.50,49124.50
462,54934.50,54692.00
463,55277.00,54497.00
464,52582.00,52652.00
465,53949.50,51144.50
466,49442.00,48887.00
467,44622.00,44504.50
468,42239.50,41747.00
469,42107.00,40489.50
470,42562.00,39294.50
471,40367.00,39937.00
472,40322.00,39804.50
473,40614.50,39134.50
474,40832.00,39552.00
475,38887.00,38269.50
476,39292.00,36887.00
477,39847.00,37667.00
478,38402.00,38284.50
479,36957.00,33589.50
480,33824.50,33832.00
481,30692.00,30199.50
482,27372.00,27254.50
483,40814.50,25684.50
484,33494.50,33252.00
485,26174.50,25932.00
486,33242.00,22799.50
487,33947.00,30117.00
488,34652.00,32384.50
489,29207.00,28339.50
490,33762.00,26957.00
491,48554.50,29449.50
492,44422.00,43929.50
493,40289.50,40047.00
494,35344.50,35102.00
495,36162.00,32594.50
496,33904.50,33599.50
497,31522.00,31592.00
498,29389.50,29272.00
499,29644.50,29139.50
500,31349.50,27707.00
501,28092.00,27912.00
502,22772.00,22154.50
503,17452.00,17397.00
504,14007.00,13327.00
505,14524.50,12444.50
506,12079.50,11524.50
507,9134.50,9204.50
508,7627.00,7697.00
509,7757.00,6564.50
510,5937.00,5757.00
511,6129.50,5562.00
512,13384.50,5004.50
513,13814.50,12634.50
514,10807.00,10689.50
515,7549.50,7244.50
516,4167.00,4174.50
517,2722.00,2354.50
518,2527.00,1847.00
519,-730.50,-660.50
520,4424.50,-2918.00
521,4754.50,2924.50
522,2622.00,2692.00
523,2877.00,1309.50
524,4394.50,752.00
525,2137.00,2207.00
526,-2120.50,-2363.00
527,-1440.50,-3308.00
528,-1073.00,-2815.50
529,669.50,-1573.00
530,-1150.50,-1205.50
531,929.50,-1713.00
532,3872.00,-133.00
533,4227.00,1934.50
534,1907.00,1789.50
535,2637.00,907.00
536,1004.50,1012.00
537,-1815.50,-1808.00
538,-1423.00,-2128.00
539,6019.50,-2235.50
540,6349.50,4332.00
541,3842.00,3662.00
542,4122.00,3217.00
543,5489.50,3684.50
544,5782.00,4114.50
545,5399.50,3969.50
546,11229.50,4587.00
547,11384.50,10417.00
548,11539.50,10884.50
549,11032.00,6164.50
550,16899.50,9344.50
551,17117.00,16212.00
552,15172.00,15242.00
553,13914.50,13484.50
554,15169.50,8852.00
555,11287.00,10982.00
556,7279.50,6849.50
557,7397.00,6592.00
558,4452.00,4147.00
559,4682.00,3889.50
560,1612.00,869.50
561,4079.50,-950.50
562,4322.00,3767.00
563,2252.00,1197.00
564,3357.00,1252.00
565,849.50,669.50
566,1054.50,-25.50
567,484.50,-3070.50
568,-1398.00,-1765.50
569,-1318.00,-2085.50
570,-1050.50,-1943.00
571,-3245.50,-3488.00
572,-9065.50,-9308.00
573,-9698.00,-11628.00
574,-3393.00,-11385.50
575,-3146.00,-3580.50
576,-5341.00,-5708.50
577,-4273.50,-6153.50
578,-7656.00,-7586.00
579,-551.00,-9968.50
580,-5496.00,-5426.00
581,-1628.50,-6058.50
582,-4448.50,-5128.50
583,-7268.50,-7386.00
584,-6313.50,-8081.00
585,-9633.50,-9688.50
586,-5741.00,-11008.50
587,-5561.00,-6366.00
588,-1756.00,-6686.00
589,-4576.00,-5068.50
590,-4183.50,-5513.50
591,-6878.50,-6808.50
592,-1498.50,-7128.50
593,-7131.00,-7373.50
594,-8701.00,-12068.50
595,-7671.00,-9013.50
596,-6641.00,-9671.00
597,3014.00,-7203.50
598,7256.50,-298.50
599,5936.50,6006.50
600,3116.50,3186.50
601,296.50,366.50
602,1364.00,-266.00
603,1656.50,-511.00
604,-663.50,-718.50
605,-4796.00,-5351.00
606,-2178.50,-7671.00
607,-5186.00,-5241.00
608,681.50,-7311.00
609,-1138.50,-1131.00
610,-2958.50,-2888.50
611,-28.50,-5833.50
612,2126.50,-1091.00
613,2544.00,751.50
614,2474.00,1419.00
615,4141.50,161.50
616,3634.00,1954.00
617,126.50,71.50
618,-3381.00,-3373.50
619,-7201.00,-7381.00
620,-3871.00,-9451.00
621,-6441.00,-8058.50
622,-7286.00,-7941.00
623,-4743.50,-9036.00
624,-6626.00,-7056.00
625,-6421.00,-7001.00
626,-3853.50,-6983.50
627,2351.50,-5041.00
628,-718.50,-1711.00
629,-3913.50,-3843.50
630,-6608.50,-6601.00
631,-6241.00,-7671.00
632,-6011.00,-7053.50
633,-8018.50,-8011.00
634,-11151.00,-11331.00
635,-11908.50,-13901.00
636,-9716.00,-12471.00
637,-11723.50,-12153.50
638,-10768.50,-12411.00
639,-438.50,-11456.00
640,-21.00,-1313.50
641,-2966.00,-2896.00
642,-5473.50,-6216.00
643,-5768.50,-7848.50
644,-8213.50,-8518.50
645,-10658.50,-10588.50
646,-5728.50,-11096.00
647,-8611.00,-8603.50
648,-11493.50,-11486.00
649,-15376.00,-15868.50
650,-14896.00,-15813.50
651,-18653.50,-18583.50
652,-22411.00,-22403.50
653,-21843.50,-23223.50
654,-20601.00,-22656.00
655,-18971.00,-22538.50
656,-24291.00,-24221.00
657,-19348.50,-28103.50
658,-18818.50,-20723.50
659,-21013.50,-20943.50
660,-15633.50,-22263.50
661,-10253.50,-16446.00
662,-14323.50,-14503.50
663,-8231.00,-16261.00
664,-7938.50,-8793.50
665,-7196.00,-11313.50
666,-10641.00,-10571.00
667,-10123.50,-11891.00
668,-5956.00,-11436.00
669,-276.00,-6956.00
670,-4408.50,-4776.00
671,-6978.50,-8158.50
672,-10298.50,-10978.50
673,-13618.50,-13548.50
674,-16938.50,-16931.00
675,-6983.50,-17501.00
676,-6653.50,-7983.50
677,-9161.00,-9091.00
678,-11293.50,-11661.00
679,-13426.00,-13606.00
680,-12621.00,-17176.00
681,-12336.50,-12871.00
682,-9019.00,-13711.50
683,-13276.50,-13206.50
684,-12409.00,-14776.50
685,-15916.50,-15846.50
686,-17924.00,-18166.50
687,-20369.00,-20799.00
688,-23251.50,-23619.00
689,-26134.00,-26126.50
690,-29579.00,-29696.50
691,-33024.00,-33516.50
692,-35781.50,-35961.50
693,-33401.50,-36719.00
694,-27159.00,-34901.50
695,-30354.00,-30284.00
696,-29886.50,-32354.00
697,-31706.50,-32136.50
698,-30989.00,-32081.50
699,-33059.00,-32989.00
700,-33166.50,-34621.50
701,-32674.00,-35479.00
702,-35181.50,-35236.50
703,-34851.50,-37119.00
704,-29634.00,-36914.00
705,-23804.00,-30196.50
706,-22361.50,-24929.00
707,-16944.00,-24861.50
708,-10364.00,-19694.00
709,-14371.50,-14301.50
710,-18379.00,-18746.50
711,-21324.00,-22254.00
712,-15631.50,-22636.50
713,-19576.50,-19756.50
714,-23521.50,-23639.00
715,-22854.00,-24959.00
716,-25049.00,-25729.00
717,-30181.50,-30236.50
718,-17489.00,-30369.00
719,-20871.50,-21301.50
720,-24566.50,-24871.50
721,-21699.00,-25316.50
722,-21431.50,-22324.00
723,-22064.00,-22056.50
724,-25321.50,-26064.00
725,-29204.00,-29696.50
726,-21911.50,-31329.00
727,-21431.50,-23161.50
728,-24126.50,-24244.00
729,-19196.50,-24876.50
730,-22329.00,-22759.00
731,-25774.00,-26016.50
732,-25319.00,-28086.50
733,-24864.00,-28006.50
734,-16971.50,-26114.00
735,-13054.00,-17596.50
736,-16561.50,-16554.00
737,-20069.00,-19999.00
738,-14301.50,-23506.50
739,-13709.00,-15176.50
740,-12004.00,-14771.50
741,-8786.50,-12941.50
742,-8481.50,-9286.50
743,1473.50,-9731.50
744,-1284.00,-1401.50
745,-4104.00,-4659.00
746,-7424.00,-7979.00
747,-6931.50,-9924.00
748,-4551.50,-8119.00
749,-6621.50,-6739.00
750,-8691.50,-8684.00
751,-10386.50,-10316.50
752,-12081.50,-12011.50
753,-13901.50,-14331.50
754,-11859.00,-14464.00
755,-14991.50,-15546.50
756,-18436.50,-18616.50
757,-19881.50,-20436.50
758,-21326.50,-21381.50
759,-20871.50,-21889.00
760,-19066.50,-22434.00
761,-18486.50,-20566.50
762,-22244.00,-22424.00
763,-12889.00,-24244.00
764,-14396.50,-14576.50
765,-15904.00,-16209.00
766,-19161.50,-19216.50
767,-18681.50,-20661.50
768,-16976.50,-19494.00
769,-19296.50,-19664.00
770,-16541.50,-19421.50
771,-17424.00,-17479.00
772,-19556.50,-19611.50
773,-19301.50,-21306.50
774,-21559.00,-21676.50
775,-23879.00,-23809.00
776,-15686.50,-26504.00
777,-18444.00,-19124.00
778,-18064.00,-19569.00
779,-20446.50,-20501.50
780,-19266.50,-21009.00
781,-19036.50,-20266.50
782,-18806.50,-19786.50
783,-21376.50,-21681.50
784,-21034.00,-22876.50
785,-23354.00,-23346.50
786,-23061.50,-23604.00
787,-25006.50,-25124.00
788,-26951.50,-26944.00
789,-28771.50,-28951.50
790,-30591.50,-30584.00
791,-29036.50,-31466.50
792,-31981.50,-32661.50
793,-34989.00,-35356.50
794,-34596.50,-36364.00
795,-33416.50,-36221.50
796,-35799.00,-35854.00
797,-38181.50,-38111.50
798,-37876.50,-39119.00
799,-40509.00,-41501.50
800,-37779.00,-41071.50
801,-39786.50,-39966.50
802,-39731.50,-41161.50
803,-35739.00,-41106.50
804,-36684.00,-36926.50
805,-36491.50,-37121.50
806,-39874.00,-39866.50
807,-43256.50,-43499.00
808,-47326.50,-48506.50
809,-51959.00,-51951.50
810,-54279.00,-54396.50
811,-56599.00,-56654.00
812,-56119.00,-57224.00
813,-59376.50,-59306.50
814,-60321.50,-60314.00
815,-62141.50,-62384.00
816,-63961.50,-63891.50
817,-57344.00,-65211.50
818,-60039.00,-59969.00
819,-56759.00,-61601.50
820,-52729.00,-57884.00
821,-55986.50,-55979.00
822,-55806.50,-56924.00
823,-58126.50,-58431.50
824,-57834.00,-59376.50
825,-56766.50,-58521.50
826,-58299.00,-59329.00
827,-60931.50,-62674.00
828,-54651.50,-61431.50
829,-54509.00,-55964.00
830,-56891.50,-56884.00
831,-59274.00,-59391.50
832,-58831.50,-60024.00
833,-58389.00,-61206.50
834,-60959.00,-61076.50
835,-57941.50,-61334.00
836,-57336.50,-58754.00
837,-50044.00,-58336.50
838,-48901.50,-51356.50
839,-51221.50,-51151.50
840,-57604.00,-57721.50
841,-56499.00,-58729.00
842,-59131.50,-59561.50
843,-61889.00,-62756.50
844,-58871.50,-62451.50
845,-63066.50,-63559.00
846,-67511.50,-67754.00
847,-69956.50,-70011.50
848,-72401.50,-72519.00
849,-65484.00,-72901.50
850,-67741.50,-67734.00
851,-69999.00,-71991.50
852,-73006.50,-72936.50
853,-76014.00,-76069.00
854,-75759.00,-77701.50
855,-77891.50,-78071.50
856,-80024.00,-80016.50
857,-81531.50,-81774.00
858,-83289.00,-83656.50
859,-85109.00,-85101.50
860,-84229.00,-85671.50
861,-80949.00,-85041.50
862,-82581.50,-82511.50
863,-85089.00,-85831.50
864,-82309.00,-87089.00
865,-85879.00,-86309.00
866,-84824.00,-87566.50
867,-84831.50,-85886.50
868,-86964.00,-87269.00
869,-89159.00,-89151.50
870,-82654.00,-90971.50
871,-86349.00,-86591.50
872,-90044.00,-89974.00
873,-88076.50,-90481.50
874,-91834.00,-92201.50
875,-91254.00,-93896.50
876,-90474.00,-92879.00
877,-84606.50,-90974.00
878,-87989.00,-88544.00
879,-87484.00,-89426.50
880,-71191.50,-88234.00
881,-75761.50,-75691.50
882,-80331.50,-80574.00
883,-82776.50,-83144.00
884,-74671.50,-84214.00
885,-80866.50,-81609.00
886,-80561.50,-83991.50
887,-84506.50,-84436.50
888,-77026.50,-86194.00
889,-80596.50,-80839.00
890,-84229.00,-84159.00
891,-77799.00,-85354.00
892,-81494.00,-81486.50
893,-79526.50,-82244.00
894,-82284.00,-82964.00
895,-85166.50,-85534.00
896,-83011.50,-85916.50
897,-82269.00,-86949.00
898,-85901.50,-86081.50
899,-74671.50,-88964.00
900,-74341.50,-76546.50
901,-76849.00,-76966.50
902,-75769.00,-77161.50
903,-75214.00,-78081.50
904,-80034.00,-80089.00
905,-84854.00,-84846.50
906,-80074.00,-86354.00
907,-81831.50,-81949.00
908,-81714.00,-82956.50
909,-78809.00,-82151.50
910,-73729.00,-79559.00
911,-76799.00,-76791.50
912,-76356.50,-77674.00
913,-75251.50,-78044.00
914,-77509.00,-78001.50
915,-79766.50,-79884.00
916,-82711.50,-82829.00
917,-76694.00,-82899.00
918,-78076.50,-78194.00
919,-77559.00,-78451.50
920,-79566.50,-79496.50
921,-81574.00,-81754.00
922,-81294.00,-81886.50
923,-83551.50,-83669.00
924,-83371.50,-84051.50
925,-84816.50,-85934.00
926,-86511.50,-86441.50
927,-85769.00,-87699.00
928,-87776.50,-88331.50
929,-84771.50,-89276.50
930,-86279.00,-86271.50
931,-86043.00,-86466.50
932,-87800.50,-88043.00
933,-87620.50,-88050.50
934,-90565.50,-90620.50
935,-93510.50,-94065.50
936,-91430.50,-94823.00
937,-85575.50,-92055.50
938,-84845.50,-86950.50
939,-87603.00,-87533.00
940,-90360.50,-90353.00
941,-90418.00,-91048.00
942,-83388.00,-91480.50
943,-82358.00,-84888.00
944,-80465.50,-83295.50
945,-82348.00,-82278.00
946,-77830.50,-82848.00
947,-77438.00,-78268.00
948,-71795.50,-79000.50
949,-75678.00,-76608.00
950,-79560.50,-79553.00
951,-78418.00,-80498.00
952,-81050.50,-81105.50
953,-83683.00,-83863.00
954,-85565.50,-85745.50
955,-87448.00,-87503.00
956,-90580.50,-90698.00
957,-93838.00,-93893.00
958,-93591.00,-94088.00
959,-96786.00,-96778.50
960,-99981.00,-100348.50
961,-98913.50,-100731.00
962,-101108.50,-101038.50
963,-103366.00,-103483.50
964,-105623.50,-105803.50
965,-105381.00,-106248.50
966,-107451.00,-107818.50
967,-111271.00,-111701.00
968,-113841.00,-114021.00
969,-113323.50,-114716.00
970,-107868.50,-114573.50
971,-107551.00,-109056.00
972,-109121.00,-109488.50
973,-101516.00,-112246.00
974,-100331.50,-102953.50
975,-102589.00,-102831.50
976,-102309.00,-103526.50
977,-104066.50,-104246.50
978,-105824.00,-105754.00
979,-107394.00,-107386.50
980,-108964.00,-108894.00
981,-111034.00,-111651.50
982,-103304.00,-111721.50
983,-99311.50,-103804.00
984,-102006.50,-102249.00
985,-100826.50,-102694.00
986,-103271.50,-103451.50
987,-105716.50,-106271.50
988,-109411.50,-109779.00
989,-105419.00,-111161.50
990,-107926.50,-107856.50
991,-110434.00,-110551.50
992,-103904.00,-111621.50
993,-108349.00,-108341.50
994,-112794.00,-113286.50
995,-116801.50,-116731.50
996,-115809.00,-118426.50
997,-103979.00,-116496.50
998,-103336.50,-105416.50
999,-101144.00,-105024.00
1000,-98726.50,-105081.50
1001,-102734.00,-103289.00
1002,-102229.00,-105421.50
1003,-94186.50,-103729.00
1004,-93431.50,-95499.00
1005,-99501.50,-99556.50
1006,-81821.50,-101064.00
1007,-78379.00,-84446.50
1008,-75574.00,-84316.50
1009,-82394.00,-83949.00
1010,-77626.50,-82894.00
1011,-83196.50,-84501.50
1012,-83316.50,-85009.00
1013,-87136.50,-87379.00
1014,-75719.00,-88074.00
1015,-80851.50,-81531.50
1016,-77109.00,-86039.00
1017,-83804.00,-83734.00
1018,-90499.00,-90554.00
1019,-94131.50,-94061.50
1020,-98764.00,-98944.00
1021,-97834.00,-102639.00
1022,-101279.00,-101334.00
1023,-100811.50,-102404.00
1024,-103569.00,-104686.50
1025,-107264.00,-107194.00
1026,-110084.00,-110139.00
1027,-109691.50,-111146.50
1028,-111824.00,-112066.50
1029,-113956.50,-114136.50
1030,-116089.00,-116456.50
1031,-116021.50,-116526.50
1032,-114841.50,-119084.00
1033,-117599.00,-117716.50
1034,-113006.50,-118411.50
1035,-108764.00,-114319.00
1036,-103984.00,-110701.50
1037,-107804.00,-108296.50
1038,-107211.50,-110304.00
1039,-111031.50,-111774.00
1040,-115101.50,-116156.50
1041,-116796.50,-117039.00
1042,-122929.00,-122859.00
1043,-124936.50,-127866.50
1044,-124306.50,-128186.50
1045,-122151.50,-125619.00
1046,-105521.50,-123589.00
1047,-105079.00,-106521.50
1048,-104636.50,-106954.00
1049,-104331.50,-106761.50
1050,-104339.00,-105831.50
1051,-102909.00,-105339.00
1052,-90104.00,-104721.50
1053,-89774.00,-90916.50
1054,-92281.50,-92524.00
1055,-91714.00,-94656.50
1056,-95409.00,-95776.50
1057,-99104.00,-99409.00
1058,-101924.00,-102354.00
1059,-104931.50,-104861.50
1060,-104414.00,-106681.50
1061,-107859.00,-110601.50
1062,-113304.00,-113421.50
1063,-113811.50,-117741.50
1064,-113481.50,-115186.50
1065,-115989.00,-115919.00
1066,-118371.50,-118364.00
1067,-118066.50,-120059.00
1068,-116736.50,-118941.50
1069,-119369.00,-119799.00
1070,-122064.00,-121994.00
1071,-119459.00,-123564.00
1072,-115991.50,-121834.00
1073,-118124.00,-118241.50
1074,-120381.50,-120311.50
1075,-123326.50,-123381.50
1076,-126271.50,-126201.50
1077,-123966.50,-129709.00
1078,-130661.50,-131029.00
1079,-128294.00,-132099.00
1080,-131489.00,-131731.50
1081,-131021.50,-132739.00
1082,-128979.00,-132021.50
1083,-128611.50,-130354.00
1084,-131119.00,-131236.50
1085,-133626.50,-133806.50
1086,-128246.50,-134876.50
1087,-121516.50,-129184.00
1088,-124461.50,-124829.00
1089,-124231.50,-127149.00
1090,-118964.00,-124919.00
1091,-113696.50,-119526.50
1092,-106216.50,-115071.50
1093,-108974.00,-109029.00
1094,-108594.00,-109536.50
1095,-106476.50,-113219.00
1096,-105921.50,-107976.50
1097,-105791.50,-106859.00
1098,-105099.00,-105979.00
1099,-100731.50,-106661.50
1100,-100489.00,-101606.50
1101,-98859.00,-103239.00
1102,-98404.00,-99171.50
1103,-93136.50,-99029.00
1104,-91294.00,-95636.50
1105,-86326.50,-92544.00
1106,-90584.00,-92201.50
1107,-79991.50,-91021.50
1108,-78999.00,-81179.00
1109,-79506.50,-80686.50
1110,-85451.50,-85631.50
1111,-87209.00,-90764.00
1112,-78229.00,-88521.50
1113,-77474.00,-79479.00
1114,-73519.00,-78536.50
1115,-69714.00,-74581.50
1116,-66546.50,-70776.50
1117,-64766.50,-68359.00
1118,-63399.00,-65766.50
1119,-62369.00,-64336.50
1120,-61339.00,-63744.00
1121,-60471.50,-64276.50
1122,-53929.00,-61721.50
1123,-49749.00,-54491.50
1124,-53006.50,-52936.50
1125,-44664.00,-53944.00
1126,-43459.00,-46476.50
1127,-43904.00,-45521.50
1128,-56786.50,-57341.50
1129,-57231.50,-57349.00
1130,-62989.00,-63981.50
1131,-69371.50,-69364.00
1132,-65766.50,-71309.00
1133,-68461.50,-69204.00
1134,-71156.50,-71149.00
1135,-68139.00,-72469.00
1136,-68109.00,-68451.50
1137,-66662.00,-68859.00
1138,-69357.00,-69287.00
1139,-69364.50,-71044.50
1140,-70872.00,-71239.50
1141,-70742.00,-72184.50
1142,-72124.50,-72054.50
1143,-72019.50,-72437.00
1144,-74589.50,-74582.00
1145,-77159.50,-77214.50
1146,-72529.50,-77659.50
1147,-75474.50,-75404.50
1148,-72407.00,-77474.50
1149,-69614.50,-72969.50
1150,-69372.00,-70677.00
1151,-71442.00,-71434.50
1152,-74012.00,-74004.50
1153,-70132.00,-74324.50
1154,-72202.00,-72444.50
1155,-74522.00,-74577.00
1156,-77217.00,-77459.50
1157,-80037.00,-80529.50
1158,-79082.00,-81849.50
1159,-81089.50,-81457.00
1160,-80022.00,-82277.00
1161,-88029.50,-88647.00
1162,-72999.50,-88592.00
1163,-72457.00,-73999.50
1164,-66327.00,-74019.50
1165,-64130.00,-67639.50
1166,-60250.00,-67067.50
1167,-66445.00,-66812.50
1168,-65290.00,-68445.00
1169,-70735.00,-70727.50
1170,-65067.50,-75922.50
1171,-74262.50,-75192.50
1172,-69882.50,-81450.00
1173,-76765.00,-77570.00
1174,-71535.00,-80827.50
1175,-70705.00,-72597.50
1176,-68675.00,-72392.50
1177,-55270.00,-69487.50
1178,-59465.00,-60082.50
1179,-64097.50,-64215.00
1180,-62892.50,-64660.00
1181,-62225.00,-64392.50
1182,-59732.50,-65787.50
1183,-55902.50,-64357.50
1184,-55360.00,-56715.00
1185,-58930.00,-59547.50
1186,-57612.50,-62180.00
1187,-56876.50,-58675.00
1188,-56684.00,-57751.50
1189,-50516.50,-58496.50
1190,-52586.50,-52516.50
1191,-48969.00,-54461.50
1192,-46539.00,-55219.00
1193,-53171.50,-53226.50
1194,-44766.50,-53859.00
1195,-48961.50,-49079.00
1196,-48294.00,-51586.50
1197,-51864.00,-52606.50
1198,-51321.50,-53989.00
1199,-50066.50,-53071.50
1200,-40824.00,-51191.50
1201,-47206.50,-50136.50
1202,-40514.00,-49269.00
1203,-34009.00,-41889.00
1204,-33679.00,-36321.50
1205,-36186.50,-36366.50
1206,-38756.50,-38936.50
1207,-38539.00,-41069.00
1208,-41796.50,-45351.50
1209,-31554.00,-41984.00
1210,-30186.50,-34116.50
1211,-29744.00,-32561.50
1212,-28764.00,-32806.50
1213,-27959.00,-31014.00
1214,-30091.50,-30084.00
1215,-32224.00,-32154.00
1216,-33731.50,-33849.00
1217,-33651.50,-33856.50
1218,-32021.50,-34151.50
1219,-16779.00,-33209.00
1220,-15711.50,-17529.00
1221,-13519.00,-17211.50
1222,-11476.50,-13831.50
1223,-9434.00,-13414.00
1224,-8066.50,-11934.00
1225,-15824.00,-17316.50
1226,-24581.50,-24949.00
1227,-23351.50,-27394.00
1228,-19546.50,-25039.00
1229,-18366.50,-20359.00
1230,-25749.00,-26116.50
1231,-33131.50,-35436.50
1232,-32089.00,-37506.50
1233,-31046.50,-34901.50
1234,-41429.00,-41671.50
1235,-39524.00,-47366.50
1236,-38056.50,-41649.00
1237,-45001.50,-46744.00
1238,-45221.50,-50814.00
1239,-40741.50,-49659.00
1240,-40036.50,-42179.00
1241,-44419.00,-44536.50
1242,-50926.50,-51981.50
1243,-48871.50,-59551.50
1244,-47754.00,-50621.50
1245,-47049.00,-48754.00
1246,-45719.00,-48236.50
1247,-51226.50,-51469.00
1248,-50621.50,-51601.50
1249,-42654.00,-51746.50
1250,-41674.00,-43716.50
1251,-47431.50,-48111.50
1252,-51376.50,-51556.50
1253,-55321.50,-55251.50
1254,-53579.00,-57071.50
1255,-55399.00,-56141.50
1256,-50869.00,-56586.50
1257,-49539.00,-51369.00
1258,-49184.00,-50226.50
1259,-52566.50,-53121.50
1260,-52061.50,-53629.00
1261,-51831.50,-52499.00
1262,-53839.00,-53831.50
1263,-48459.00,-55151.50
1264,-46637.00,-49084.00
1265,-48957.00,-48887.00
1266,-48664.50,-49582.00
1267,-52859.50,-53727.00
1268,-52504.50,-53797.00
1269,-54949.50,-55067.00
1270,-51594.50,-55387.00
1271,-56477.00,-56469.50
1272,-56609.50,-58727.00
1273,-53067.00,-59547.00
1274,-44462.00,-54629.50
1275,-44032.00,-45212.00
1276,-44039.50,-44719.50
1277,-38422.00,-46227.00
1278,-40742.00,-40984.50
1279,-39524.50,-41054.50
1280,-39907.00,-40837.00
1281,-38577.00,-40407.00
1282,-41209.50,-42264.50
1283,-40854.50,-41459.50
1284,-40499.50,-42604.50
1285,-40182.00,-42812.00
1286,-36864.50,-41932.00
1287,-39059.50,-39489.50
1288,-38904.50,-40997.00
1289,-33974.50,-39717.00
1290,-36232.00,-36537.00
1291,-38489.50,-38482.00
1292,-43372.00,-43427.00
1293,-48254.50,-48184.50
1294,-46824.50,-55129.50
1295,-39569.50,-47324.50
1296,-42514.50,-44007.00
1297,-36197.00,-43389.50
1298,-35742.00,-38822.00
1299,-38874.50,-39742.00
1300,-31994.50,-41749.50
1301,-30514.50,-32557.00
1302,-33022.00,-33389.50
1303,-35842.00,-35897.00
1304,-41162.00,-41467.00
1305,-34957.00,-42474.50
1306,-37902.00,-37832.00
1307,-37484.50,-38464.50
1308,-37042.00,-38547.00
1309,-33237.00,-37479.50
1310,-35432.00,-35362.00
1311,-37627.00,-37619.50
1312,-41509.50,-41689.50
1313,-36167.00,-42384.50
1314,-33937.00,-36729.50
1315,-37319.50,-37749.50
1316,-37189.50,-37944.50
1317,-38322.00,-40564.50
1318,-40954.50,-40884.50
1319,-38837.00,-41454.50
1320,-41407.00,-41337.00
1321,-36627.00,-42907.00
1322,-36209.50,-37439.50
1323,-35717.00,-37522.00
1324,-33574.50,-37404.50
1325,-29619.50,-34262.00
1326,-32002.00,-31994.50
1327,-31697.00,-32627.00
1328,-34767.00,-34884.50
1329,-27737.00,-35329.50
1330,-30057.00,-30112.00
1331,-32877.00,-32994.50
1332,-35697.00,-35627.00
1333,-37767.00,-37884.50
1334,-39837.00,-39829.50
1335,-42657.00,-42774.50
1336,-41214.50,-45094.50
1337,-43722.00,-43777.00
1338,-38004.50,-44659.50
1339,-37799.50,-39379.50
1340,-39682.00,-39612.00
1341,-41939.50,-42307.00
1342,-44197.00,-44252.00
1343,-43717.00,-45259.50
1344,-45912.00,-45904.50
1345,-48107.00,-48349.50
1346,-52552.00,-52732.00
1347,-51834.50,-52989.50
1348,-54717.00,-54959.50
1349,-57662.00,-57717.00
1350,-50932.00,-58162.00
1351,-52939.50,-53119.50
1352,-47172.00,-54877.00
1353,-41867.00,-47859.50
1354,-49374.50,-49617.00
1355,-57007.00,-57437.00
1356,-64264.50,-64632.00
1357,-71647.00,-71639.50
1358,-74467.00,-74397.00
1359,-74074.50,-75279.50
1360,-76769.50,-77012.00
1361,-79589.50,-80082.00
1362,-85472.00,-85964.50
1363,-78404.50,-86222.00
1364,-77674.50,-80467.00
1365,-81494.50,-82299.50
1366,-81527.00,-82557.00
1367,-85659.50,-85777.00
1368,-85917.00,-86659.50
1369,-80199.50,-87479.50
1370,-74744.50,-81762.00
1371,-70677.00,-75994.50
1372,-75434.50,-75552.00
1373,-44367.00,-78747.00
1374,-49374.50,-49304.50
1375,-60007.00,-60749.50
1376,-46802.00,-61382.00
1377,-50559.50,-50489.50
1378,-54317.00,-54622.00
1379,-57887.00,-58004.50
1380,-61457.00,-61512.00
1381,-69589.50,-69769.50
1382,-64534.50,-71464.50
1383,-67479.50,-67409.50
1384,-70424.50,-70979.50
1385,-69769.50,-72737.00
1386,-64864.50,-73582.00
1387,-66684.50,-69614.50
1388,-62279.50,-68809.50
1389,-65912.00,-66529.50
1390,-65357.00,-66849.50
1391,-68489.50,-68607.00
1392,-67484.50,-70739.50
1393,-74117.00,-74234.50
1394,-70812.00,-75804.50
1395,-69869.50,-75562.00
1396,-68589.50,-71244.50
1397,-67447.00,-70277.00
1398,-69579.50,-72384.50
1399,-64574.50,-70892.00
1400,-54019.50,-66824.50
1401,-63339.50,-63332.00
1402,-56159.50,-63589.50
1403,-61604.50,-62722.00
1404,-68112.00,-68604.50
1405,-70244.50,-70174.50
1406,-72377.00,-72307.00
1407,-70934.50,-73564.50
1408,-78817.00,-79059.50
1409,-65862.00,-80129.50
1410,-75557.00,-75549.50
1411,-85252.00,-85182.00
1412,-83709.50,-87627.00
1413,-92279.50,-92397.00
1414,-90787.00,-94029.50
1415,-99107.00,-99037.00
1416,-103489.50,-104419.50
1417,-71172.00,-103614.50
1418,-77492.00,-77422.00
1419,-70012.00,-78367.00
1420,-78144.50,-78512.00
1421,-70464.50,-82332.00
1422,-77659.50,-78777.00
1423,-67154.50,-82222.00
1424,-70849.50,-71592.00
1425,-74794.50,-74849.50
1426,-78364.50,-78419.50
1427,-81934.50,-82114.50
1428,-86129.50,-87122.00
1429,-81212.00,-88817.00
1430,-80482.00,-84212.00
1431,-80002.00,-81482.00
1432,-83259.50,-83439.50
1433,-78967.00,-85134.50
1434,-82474.50,-82529.50
1435,-83169.50,-83287.00
1436,-82964.50,-87357.00
1437,-82409.50,-84527.00
1438,-86042.00,-86409.50
1439,-75449.50,-87167.00
1440,-68494.50,-76262.00
1441,-74627.00,-75182.00
1442,-81134.50,-81502.00
1443,-67167.00,-85134.50
1444,-73799.50,-74417.00
1445,-80932.00,-81237.00
1446,-78064.50,-83432.00
1447,-82259.50,-82314.50
1448,-82017.00,-83197.00
1449,-76899.50,-85829.50
1450,-75490.00,-77212.00
1451,-77560.00,-79365.00
1452,-79692.50,-80247.50
1453,-82200.00,-82317.50
1454,-73895.00,-84262.50
1455,-79277.50,-79332.50
1456,-78372.50,-80152.50
1457,-77867.50,-81435.00
1458,-76687.50,-78430.00
1459,-79632.50,-79875.00
1460,-82577.50,-82507.50
1461,-87147.50,-87140.00
1462,-86842.50,-89647.50
1463,-91662.50,-92342.50
1464,-87420.00,-94287.50
1465,-82165.00,-88420.00
1466,-80460.00,-83040.00
1467,-79405.00,-84397.50
1468,-82537.50,-82530.00
1469,-85670.00,-86287.50
1470,-84040.00,-86170.00
1471,-86422.50,-86727.50
1472,-85163.00,-87047.50
1473,-82595.50,-86225.50
1474,-87290.50,-87220.50
1475,-86510.50,-88290.50
1476,-91268.00,-91260.50
1477,-90625.50,-92393.00
1478,-89758.00,-92125.50
1479,-86853.00,-90445.50
1480,-89110.50,-89103.00
1481,-88830.50,-90298.00
1482,-83113.00,-91143.00
1483,-89433.00,-89675.50
1484,-96003.00,-96058.00
1485,-88960.50,-97440.50
1486,-77655.50,-89523.00
1487,-83600.50,-83593.00
1488,-82583.00,-84475.50
1489,-94340.50,-94645.50
1490,-91098.00,-104153.00
1491,-78668.00,-97410.50
1492,-72563.00,-83293.00
1493,-78070.50,-78188.00
1494,-74828.00,-80008.00
1495,-67085.50,-76515.50
1496,-45918.00,-68210.50
1497,-48550.50,-53480.50
1498,-52245.50,-52238.00
1499,-55940.50,-56620.50
1500,-54673.00,-57940.50
1501,-61868.00,-61798.00
1502,-60638.00,-63118.00
1503,-66583.00,-66700.50
1504,-72090.50,-72145.50
1505,-70385.50,-73778.00
1506,-59118.00,-72260.50
1507,-51750.50,-65305.50
1508,-47970.50,-55063.00
1509,-42178.00,-49783.00
1510,-37185.50,-45428.00
1511,-27493.00,-39185.50
1512,-37625.50,-38493.00
1513,-30095.50,-40938.00
1514,-39040.50,-39533.00
1515,-34860.50,-41353.00
1516,-41618.00,-42048.00
1517,-40438.00,-43618.00
1518,-49883.00,-50500.50
1519,-54265.50,-57508.00
