week_mon,n,wins,net,losses,wr,mean
2026-02-09,3,0,-402.7420000000038,3,0.0,-134.2473333333346
2025-10-27,2,0,-328.9001999999982,2,0.0,-164.4500999999991
2025-11-17,3,0,-322.637999999999,3,0.0,-107.54599999999967
2026-02-16,5,0,-318.5228999999963,5,0.0,-63.70457999999926
2025-12-29,1,0,-294.9311000000007,1,0.0,-294.9311000000007
2025-03-31,7,1,-267.64600000000337,6,14.3,-38.23514285714334
2025-12-01,4,0,-255.49200000000292,4,0.0,-63.87300000000073
2025-05-05,3,1,-236.03600000000097,2,33.3,-78.67866666666698
2011-09-05,10,2,-223.94800000000032,8,20.0,-22.394800000000032
2022-03-07,4,0,-216.64799999999923,4,0.0,-54.16199999999981
2013-04-15,1,0,-209.22990000000027,1,0.0,-209.22990000000027
2026-03-09,1,0,-183.55100000000039,1,0.0,-183.55100000000039
2025-11-03,2,0,-177.016000000001,2,0.0,-88.5080000000005
2011-09-26,1,0,-166.50670000000036,1,0.0,-166.50670000000036
2026-02-23,1,0,-166.1141000000007,1,0.0,-166.1141000000007
2024-09-16,14,2,-163.61400000000685,12,14.3,-11.686714285714775
2026-03-23,1,0,-154.96699999999964,1,0.0,-154.96699999999964
2025-09-15,2,0,-153.97220000000016,2,0.0,-76.98610000000008
2011-11-07,3,0,-149.14959999999996,3,0.0,-49.716533333333324
2024-09-30,3,0,-146.7780000000016,3,0.0,-48.926000000000535
2024-08-19,6,0,-146.291000000002,6,0.0,-24.381833333333663
2025-02-10,2,0,-145.39220000000114,2,0.0,-72.69610000000057
2025-11-10,1,0,-145.1100000000015,1,0.0,-145.1100000000015
2020-03-30,6,0,-140.3694000000005,6,0.0,-23.39490000000008
2025-12-15,2,0,-136.42399999999907,2,0.0,-68.21199999999953
2011-10-10,3,0,-135.92450000000008,3,0.0,-45.30816666666669
2024-04-22,2,0,-127.400000000001,2,0.0,-63.7000000000005
2020-07-27,3,1,-126.58879999999976,2,33.3,-42.19626666666659
2025-04-21,3,1,-125.98400000000129,2,33.3,-41.994666666667094
2026-01-12,1,0,-122.12600000000111,1,0.0,-122.12600000000111
2025-06-02,1,0,-117.99200000000019,1,0.0,-117.99200000000019
2023-04-24,4,0,-117.13559999999961,4,0.0,-29.283899999999903
2021-03-15,8,0,-111.13959999999861,8,0.0,-13.892449999999826
2024-04-15,2,0,-110.96320000000014,2,0.0,-55.48160000000007
2022-08-01,6,0,-108.07279999999969,6,0.0,-18.01213333333328
2020-08-17,2,0,-107.7679999999998,2,0.0,-53.8839999999999
2022-12-12,5,0,-107.606,5,0.0,-21.5212
2020-08-24,3,0,-104.66200000000003,3,0.0,-34.887333333333345
2024-10-21,4,0,-102.72020000000339,4,0.0,-25.680050000000847
2013-02-25,4,0,-102.56999999999971,4,0.0,-25.642499999999927
2014-11-17,9,1,-101.54080000000022,8,11.1,-11.282311111111134
2024-12-02,3,0,-100.88320000000158,3,0.0,-33.62773333333386
2021-01-11,2,0,-100.05080000000021,2,0.0,-50.025400000000104
2011-10-03,2,0,-99.73280000000022,2,0.0,-49.86640000000011
2023-01-16,5,0,-97.22500000000082,5,0.0,-19.445000000000164
2012-02-13,5,0,-94.89500000000021,5,0.0,-18.979000000000042
2023-01-23,3,0,-94.45829999999933,3,0.0,-31.486099999999777
2025-09-08,2,0,-92.5649999999996,2,0.0,-46.2824999999998
2022-05-02,2,0,-92.25050000000033,2,0.0,-46.125250000000165
2024-06-17,6,1,-90.97600000000193,5,16.7,-15.162666666666988
2012-03-05,3,0,-90.25800000000072,3,0.0,-30.08600000000024
2020-05-25,11,2,-89.58189999999945,9,18.2,-8.143809090909041
2022-06-13,1,0,-88.70299999999997,1,0.0,-88.70299999999997
2025-07-14,2,0,-88.58999999999969,2,0.0,-44.294999999999845
2024-08-26,6,1,-87.92650000000094,5,16.7,-14.654416666666824
2011-05-30,17,1,-87.50739999999723,16,5.9,-5.147494117646896
2012-02-06,3,0,-86.7366999999997,3,0.0,-28.912233333333234
2021-09-20,3,0,-85.31799999999976,3,0.0,-28.439333333333252
2019-08-12,2,0,-85.21000000000004,2,0.0,-42.60500000000002
2024-10-07,3,0,-85.02030000000059,3,0.0,-28.340100000000195
2008-04-07,4,0,-84.67240000000004,4,0.0,-21.16810000000001
2009-11-23,4,0,-82.12930000000051,4,0.0,-20.532325000000128
2022-09-19,6,1,-81.43149999999878,5,16.7,-13.571916666666462
2021-06-21,3,0,-80.41300000000001,3,0.0,-26.804333333333336
2010-07-12,5,1,-80.23440000000028,4,20.0,-16.046880000000055
2009-01-05,2,0,-80.10079999999971,2,0.0,-40.050399999999854
2021-04-19,3,0,-79.43599999999992,3,0.0,-26.47866666666664
2013-05-27,9,1,-78.46079999999802,8,11.1,-8.717866666666445
2025-08-11,2,0,-77.75110000000222,2,0.0,-38.87555000000111
2010-11-08,4,1,-77.38789999999972,3,25.0,-19.34697499999993
2020-09-14,3,0,-77.11380000000054,3,0.0,-25.70460000000018
2024-05-27,4,1,-77.05400000000145,3,25.0,-19.263500000000363
2012-04-16,4,0,-76.09500000000094,4,0.0,-19.023750000000234
2020-05-04,4,0,-75.77859999999964,4,0.0,-18.94464999999991
2013-04-29,4,0,-75.36169999999993,4,0.0,-18.840424999999982
2024-09-02,4,0,-75.19500000000016,4,0.0,-18.79875000000004
2023-10-23,4,0,-74.9350000000004,4,0.0,-18.7337500000001
2013-07-22,2,0,-74.38099999999986,2,0.0,-37.19049999999993
2020-10-19,3,0,-73.04399999999964,3,0.0,-24.34799999999988
2012-07-16,4,0,-72.97310000000039,4,0.0,-18.243275000000096
2011-05-09,3,0,-72.72100000000023,3,0.0,-24.24033333333341
2021-08-16,3,0,-72.2360999999994,3,0.0,-24.0786999999998
2022-05-30,4,0,-71.94949999999972,4,0.0,-17.98737499999993
2008-07-14,3,0,-71.94240000000025,3,0.0,-23.980800000000084
2021-06-28,4,0,-71.55000000000086,4,0.0,-17.887500000000216
2023-10-30,4,0,-71.27000000000135,4,0.0,-17.817500000000337
2012-03-26,2,0,-71.09040000000027,2,0.0,-35.545200000000136
2021-01-25,3,0,-70.49399999999969,3,0.0,-23.497999999999895
2024-07-15,2,0,-70.0248000000006,2,0.0,-35.0124000000003
2022-09-05,9,1,-69.75359999999796,8,11.1,-7.7503999999997735
2011-02-21,3,0,-69.67769999999996,3,0.0,-23.225899999999985
2021-07-19,3,0,-69.55119999999965,3,0.0,-23.18373333333322
2012-03-19,3,0,-68.74950000000013,3,0.0,-22.916500000000042
2016-02-15,2,0,-68.52679999999964,2,0.0,-34.26339999999982
2022-10-24,4,0,-68.52370000000019,4,0.0,-17.130925000000047
2020-10-05,3,0,-68.19169999999963,3,0.0,-22.730566666666544
2024-08-12,2,1,-67.6279999999997,1,50.0,-33.81399999999985
2022-05-23,3,0,-67.01239999999962,3,0.0,-22.33746666666654
2013-06-10,5,0,-65.07059999999979,5,0.0,-13.014119999999957
2025-08-18,3,1,-64.5339999999992,2,33.3,-21.511333333333067
2022-10-10,4,1,-64.21499999999969,3,25.0,-16.053749999999923
2013-02-04,3,0,-62.88000000000034,3,0.0,-20.96000000000011
2023-02-06,4,0,-62.52310000000034,4,0.0,-15.630775000000085
2011-04-11,4,1,-62.004599999999755,3,25.0,-15.501149999999939
2009-08-03,5,0,-61.80799999999999,5,0.0,-12.3616
2021-06-07,4,1,-61.73019999999951,3,25.0,-15.432549999999878
2025-07-28,2,0,-61.7259999999992,2,0.0,-30.8629999999996
2021-03-22,3,0,-61.5150000000001,3,0.0,-20.505000000000035
2013-08-26,3,0,-61.479899999999816,3,0.0,-20.493299999999937
2016-03-07,4,0,-61.21279999999933,4,0.0,-15.303199999999833
2014-06-23,7,1,-61.20990000000006,6,14.3,-8.744271428571437
2008-01-28,5,1,-61.01760000000013,4,20.0,-12.203520000000026
2020-12-07,1,0,-60.66199999999981,1,0.0,-60.66199999999981
2008-09-22,1,0,-59.70779999999991,1,0.0,-59.70779999999991
2010-07-19,3,0,-59.63439999999969,3,0.0,-19.878133333333228
2016-06-20,11,2,-59.391199999998435,9,18.2,-5.3991999999998574
2017-10-30,5,0,-59.08399999999915,5,0.0,-11.81679999999983
2013-11-11,6,0,-59.05140000000006,6,0.0,-9.84190000000001
2016-03-14,2,0,-58.85299999999938,2,0.0,-29.42649999999969
2023-07-03,3,0,-58.72699999999918,3,0.0,-19.575666666666393
2023-04-17,2,0,-58.6396000000002,2,0.0,-29.3198000000001
2013-10-14,3,0,-58.488000000000056,3,0.0,-19.49600000000002
2009-10-12,4,0,-58.079799999999295,4,0.0,-14.519949999999824
2014-09-22,4,0,-57.58629999999994,4,0.0,-14.396574999999984
2023-03-20,1,0,-57.16110000000003,1,0.0,-57.16110000000003
2024-06-24,3,0,-57.12179999999944,3,0.0,-19.040599999999813
2017-01-16,6,0,-57.02839999999878,6,0.0,-9.50473333333313
2020-04-13,1,0,-56.840000000000146,1,0.0,-56.840000000000146
2021-12-06,4,0,-56.73559999999998,4,0.0,-14.183899999999994
2014-04-28,3,0,-56.42549999999983,3,0.0,-18.808499999999942
2016-06-13,4,1,-56.23499999999967,3,25.0,-14.058749999999918
2012-08-27,4,0,-55.987499999999955,4,0.0,-13.996874999999989
2022-08-22,2,0,-55.414000000000215,2,0.0,-27.707000000000107
2020-09-07,5,1,-55.17499999999973,4,20.0,-11.034999999999945
2020-01-06,3,0,-55.097999999999956,3,0.0,-18.365999999999985
2023-05-08,5,1,-54.75900000000047,4,20.0,-10.951800000000095
2019-07-22,7,1,-54.71320000000105,6,14.3,-7.816171428571579
2008-03-03,4,0,-54.456800000000044,4,0.0,-13.614200000000011
2021-04-26,4,0,-54.373700000000326,4,0.0,-13.593425000000082
2009-11-16,2,0,-54.10360000000037,2,0.0,-27.051800000000185
2022-03-28,1,0,-53.875999999999976,1,0.0,-53.875999999999976
2013-09-16,2,0,-53.85299999999984,2,0.0,-26.92649999999992
2022-04-25,1,0,-53.70699999999988,1,0.0,-53.70699999999988
2008-11-03,3,0,-53.62200000000007,3,0.0,-17.874000000000024
2016-11-14,3,0,-53.55999999999972,3,0.0,-17.85333333333324
2011-07-18,3,0,-53.368200000000115,3,0.0,-17.78940000000004
2006-05-22,2,0,-53.310199999999895,2,0.0,-26.655099999999948
2014-08-11,7,0,-53.2792000000004,7,0.0,-7.611314285714343
2012-06-25,3,1,-53.06360000000018,2,33.3,-17.687866666666725
2024-01-22,3,0,-52.973799999999756,3,0.0,-17.65793333333325
2024-07-22,2,0,-52.73500000000104,2,0.0,-26.36750000000052
2016-08-15,5,0,-52.533500000000686,5,0.0,-10.506700000000137
2006-09-18,4,0,-52.265900000000556,4,0.0,-13.066475000000139
2008-10-27,1,0,-52.0326,1,0.0,-52.0326
2018-05-28,9,0,-51.97380000000021,9,0.0,-5.77486666666669
2024-12-09,1,0,-51.01200000000017,1,0.0,-51.01200000000017
2009-01-12,1,0,-50.26589999999999,1,0.0,-50.26589999999999
2010-11-22,2,0,-49.98260000000005,2,0.0,-24.991300000000024
2023-07-24,3,0,-49.65200000000027,3,0.0,-16.550666666666757
2025-08-04,2,1,-49.57120000000123,1,50.0,-24.785600000000613
2017-08-28,2,0,-49.47560000000067,2,0.0,-24.737800000000334
2013-09-23,3,0,-49.39359999999988,3,0.0,-16.464533333333293
2009-09-07,12,2,-49.37999999999977,10,16.7,-4.114999999999981
2006-10-16,5,0,-48.90799999999979,5,0.0,-9.781599999999958
2020-05-18,1,0,-48.85799999999995,1,0.0,-48.85799999999995
2026-03-30,1,0,-48.850000000000364,1,0.0,-48.850000000000364
2021-03-08,1,0,-48.74360000000024,1,0.0,-48.74360000000024
2021-08-30,4,1,-48.647899999999936,3,25.0,-12.161974999999984
2021-11-15,3,0,-48.19000000000051,3,0.0,-16.063333333333503
2021-10-04,2,0,-48.07069999999976,2,0.0,-24.03534999999988
2011-12-05,2,0,-48.00899999999979,2,0.0,-24.004499999999894
2023-06-05,2,0,-47.76199999999949,2,0.0,-23.880999999999744
2014-07-14,1,0,-47.57360000000017,1,0.0,-47.57360000000017
2024-01-29,2,0,-47.5619999999999,2,0.0,-23.78099999999995
2009-06-01,4,1,-47.37699999999995,3,25.0,-11.844249999999988
2013-08-19,3,1,-47.339800000000196,2,33.3,-15.779933333333398
2012-08-13,2,0,-47.22660000000019,2,0.0,-23.613300000000095
2021-07-26,4,1,-46.99770000000012,3,25.0,-11.74942500000003
2009-03-02,1,0,-46.84820000000013,1,0.0,-46.84820000000013
2011-03-28,2,0,-46.745600000000195,2,0.0,-23.372800000000097
2007-12-10,3,0,-46.74400000000014,3,0.0,-15.581333333333381
2016-01-18,11,2,-46.48160000000075,9,18.2,-4.225600000000068
2017-04-17,3,0,-46.268600000000106,3,0.0,-15.422866666666701
2013-07-15,3,0,-46.22209999999927,3,0.0,-15.407366666666425
2023-06-12,2,0,-46.18400000000065,2,0.0,-23.092000000000326
2009-06-08,3,0,-45.983600000000024,3,0.0,-15.327866666666674
2009-01-26,2,0,-45.957999999999856,2,0.0,-22.978999999999928
2019-11-18,2,0,-45.950000000000045,2,0.0,-22.975000000000023
2020-07-13,3,0,-45.878000000000384,3,0.0,-15.292666666666795
2019-07-08,3,0,-45.76270000000045,3,0.0,-15.254233333333483
2012-07-30,4,0,-45.62799999999993,4,0.0,-11.406999999999982
2006-06-19,3,0,-45.22919999999988,3,0.0,-15.076399999999959
2009-10-19,2,0,-45.03739999999971,2,0.0,-22.518699999999853
2016-07-04,2,0,-44.569400000000314,2,0.0,-22.284700000000157
2014-01-13,3,0,-44.549999999998136,3,0.0,-14.849999999999378
2019-11-25,4,0,-44.47599999999966,4,0.0,-11.118999999999915
2008-06-02,3,0,-44.13459999999964,3,0.0,-14.711533333333213
2010-06-07,1,0,-44.05189999999993,1,0.0,-44.05189999999993
2010-06-21,1,0,-43.99079999999981,1,0.0,-43.99079999999981
2008-06-30,2,0,-43.7140000000004,2,0.0,-21.8570000000002
2014-12-15,1,0,-43.577400000000125,1,0.0,-43.577400000000125
2018-08-27,5,1,-43.49999999999932,4,20.0,-8.699999999999864
2015-07-27,2,0,-43.38119999999958,2,0.0,-21.69059999999979
2020-04-20,2,0,-43.141999999999825,2,0.0,-21.570999999999913
2024-06-03,2,1,-42.9590000000012,1,50.0,-21.4795000000006
2025-12-08,5,1,-42.877000000005864,4,20.0,-8.575400000001173
2016-10-24,3,0,-42.51299999999992,3,0.0,-14.170999999999973
2019-01-07,3,0,-42.38619999999992,3,0.0,-14.128733333333306
2019-09-16,2,0,-42.309999999999945,2,0.0,-21.154999999999973
2011-12-19,2,0,-42.220700000000534,2,0.0,-21.110350000000267
2012-07-09,3,0,-41.8324000000016,3,0.0,-13.944133333333866
2018-01-15,5,1,-41.78300000000013,4,20.0,-8.356600000000025
2010-10-25,2,0,-41.730200000000195,2,0.0,-20.865100000000098
2018-01-29,4,1,-41.703299999999444,3,25.0,-10.425824999999861
2010-12-20,3,0,-41.277799999999615,3,0.0,-13.759266666666539
2010-08-09,4,0,-41.27480000000082,4,0.0,-10.318700000000206
2019-04-01,3,0,-41.15700000000015,3,0.0,-13.719000000000051
2010-12-13,3,1,-41.12139999999954,2,33.3,-13.70713333333318
2025-07-07,2,1,-40.90089999999918,1,50.0,-20.45044999999959
2020-01-20,9,1,-40.86599999999862,8,11.1,-4.540666666666514
2021-02-08,1,0,-40.7498999999998,1,0.0,-40.7498999999998
2012-09-17,2,0,-40.67640000000006,2,0.0,-20.33820000000003
2010-05-31,4,0,-40.66159999999968,4,0.0,-10.16539999999992
2022-01-31,3,0,-40.656299999999874,3,0.0,-13.552099999999959
2013-09-02,2,0,-40.52760000000012,2,0.0,-20.26380000000006
2023-09-18,3,0,-40.435700000000224,3,0.0,-13.478566666666742
2009-03-09,1,0,-40.31440000000009,1,0.0,-40.31440000000009
2013-12-02,1,0,-40.22729999999979,1,0.0,-40.22729999999979
2026-02-02,1,0,-40.07300000000032,1,0.0,-40.07300000000032
2013-01-07,2,0,-39.92560000000026,2,0.0,-19.96280000000013
2014-01-27,2,0,-39.656000000000404,2,0.0,-19.828000000000202
2018-04-02,2,0,-39.643399999999474,2,0.0,-19.821699999999737
2007-10-29,5,0,-39.36999999999966,5,0.0,-7.873999999999933
2006-01-16,9,1,-39.33059999999978,8,11.1,-4.3700666666666415
2011-10-31,2,1,-39.26339999999982,1,50.0,-19.63169999999991
2020-06-29,4,0,-39.18189999999936,4,0.0,-9.79547499999984
2014-12-29,2,0,-39.07430000000022,2,0.0,-19.53715000000011
2016-10-10,5,1,-38.80200000000127,4,20.0,-7.760400000000255
2022-12-19,3,0,-38.756199999999126,3,0.0,-12.918733333333043
2018-07-30,9,2,-38.514900000000125,7,22.2,-4.279433333333348
2024-10-28,2,0,-38.3487999999993,2,0.0,-19.17439999999965
2018-10-29,3,0,-38.0240000000008,3,0.0,-12.674666666666932
2009-02-02,1,0,-37.870399999999904,1,0.0,-37.870399999999904
2013-12-09,2,0,-37.41740000000004,2,0.0,-18.70870000000002
2008-12-29,2,0,-37.35199999999986,2,0.0,-18.67599999999993
2009-06-22,3,1,-37.297799999999825,2,33.3,-12.432599999999942
2012-09-24,3,0,-37.13959999999952,3,0.0,-12.379866666666507
2013-07-01,2,1,-37.02330000000006,1,50.0,-18.51165000000003
2023-10-02,1,0,-36.988999999999805,1,0.0,-36.988999999999805
2012-10-01,1,0,-36.74589999999989,1,0.0,-36.74589999999989
2011-05-16,3,1,-36.58899999999994,2,33.3,-12.196333333333314
2009-12-21,1,0,-36.04910000000041,1,0.0,-36.04910000000041
2003-10-27,9,0,-36.04149999999987,9,0.0,-4.004611111111097
2017-10-02,4,0,-36.01000000000022,4,0.0,-9.002500000000055
2007-03-26,5,0,-35.93110000000013,5,0.0,-7.186220000000025
2025-07-21,2,1,-35.90410000000065,1,50.0,-17.952050000000327
2012-05-14,2,1,-35.6560999999997,1,50.0,-17.82804999999985
2018-06-04,5,1,-35.4657000000002,4,20.0,-7.093140000000039
2006-02-13,3,1,-35.36760000000004,2,33.3,-11.789200000000013
2021-03-29,1,0,-35.28600000000074,1,0.0,-35.28600000000074
2021-05-17,2,0,-35.21519999999964,2,0.0,-17.60759999999982
2018-03-05,3,0,-34.90960000000018,3,0.0,-11.636533333333395
2007-06-18,7,1,-34.86370000000045,6,14.3,-4.980528571428636
2019-10-14,2,0,-34.80380000000014,2,0.0,-17.40190000000007
2016-08-29,3,0,-34.74639999999977,3,0.0,-11.582133333333255
2025-05-12,2,1,-34.672000000002754,1,50.0,-17.336000000001377
2013-06-03,2,1,-34.61339999999973,1,50.0,-17.306699999999864
2021-11-29,4,1,-34.41899999999964,3,25.0,-8.60474999999991
2015-08-31,4,1,-34.41340000000082,3,25.0,-8.603350000000205
2015-04-13,2,0,-34.14599999999973,2,0.0,-17.072999999999865
2016-05-09,1,0,-34.143299999999954,1,0.0,-34.143299999999954
2019-07-29,5,1,-33.646999999999935,4,20.0,-6.729399999999987
2024-01-08,2,1,-33.447299999999814,1,50.0,-16.723649999999907
2012-04-09,4,1,-33.39770000000067,3,25.0,-8.349425000000167
2018-07-23,2,0,-33.293200000000525,2,0.0,-16.646600000000262
2021-11-01,2,0,-33.250999999999976,2,0.0,-16.625499999999988
2014-02-03,1,0,-33.08769999999981,1,0.0,-33.08769999999981
2019-06-24,1,0,-32.918699999999944,1,0.0,-32.918699999999944
2004-01-19,8,0,-32.71189999999996,8,0.0,-4.088987499999995
2024-12-23,1,0,-32.63400000000047,1,0.0,-32.63400000000047
2018-03-12,4,1,-32.54299999999944,3,25.0,-8.13574999999986
2020-11-16,1,0,-32.51899999999978,1,0.0,-32.51899999999978
2024-02-05,1,0,-32.413000000000466,1,0.0,-32.413000000000466
2019-09-30,2,1,-32.15099999999984,1,50.0,-16.07549999999992
2018-04-16,4,0,-31.896700000000692,4,0.0,-7.974175000000173
2010-09-06,6,0,-31.854800000000523,6,0.0,-5.3091333333334205
2021-09-27,3,1,-31.795399999999972,2,33.3,-10.598466666666658
2022-07-18,3,1,-31.444400000000087,2,33.3,-10.481466666666696
2010-05-03,5,1,-31.44080000000008,4,20.0,-6.288160000000016
2012-08-06,4,1,-31.293299999999363,3,25.0,-7.823324999999841
2012-12-10,3,1,-31.228599999999687,2,33.3,-10.40953333333323
2008-12-22,2,0,-30.758199999999988,2,0.0,-15.379099999999994
2007-02-12,3,0,-30.654299999999807,3,0.0,-10.218099999999936
2009-12-07,2,1,-30.60680000000002,1,50.0,-15.30340000000001
2009-10-26,1,0,-30.602099999999837,1,0.0,-30.602099999999837
2013-08-05,1,0,-30.222500000000764,1,0.0,-30.222500000000764
2019-09-09,3,1,-30.190999999999576,2,33.3,-10.063666666666526
2018-09-10,4,0,-29.69170000000031,4,0.0,-7.4229250000000775
2004-03-08,8,1,-29.487800000000334,7,12.5,-3.6859750000000417
2008-02-04,2,0,-29.476999999999975,2,0.0,-14.738499999999988
2012-12-24,2,0,-29.450000000000045,2,0.0,-14.725000000000023
2015-03-30,3,1,-29.444899999999734,2,33.3,-9.814966666666578
2023-04-10,1,0,-28.837999999999738,1,0.0,-28.837999999999738
2018-11-19,3,0,-28.68870000000038,3,0.0,-9.562900000000127
2014-04-21,2,0,-28.67150000000038,2,0.0,-14.33575000000019
2022-11-14,1,0,-28.422000000000253,1,0.0,-28.422000000000253
2020-01-13,2,0,-28.37819999999965,2,0.0,-14.189099999999826
2009-08-10,2,0,-28.28449999999998,2,0.0,-14.14224999999999
2014-05-12,1,0,-28.262099999999464,1,0.0,-28.262099999999464
2022-06-20,4,1,-28.26000000000022,3,25.0,-7.065000000000055
2005-09-19,2,0,-28.212799999999902,2,0.0,-14.106399999999951
2021-07-12,2,0,-28.032800000000634,2,0.0,-14.016400000000317
2021-05-24,4,1,-27.90800000000081,3,25.0,-6.977000000000203
2018-09-03,3,0,-27.824000000000296,3,0.0,-9.274666666666766
2019-03-18,5,1,-27.737600000000157,4,20.0,-5.5475200000000315
2020-10-26,8,2,-27.687400000000935,6,25.0,-3.460925000000117
2019-10-28,2,0,-27.514199999999846,2,0.0,-13.757099999999923
2019-11-11,2,0,-27.468999999999824,2,0.0,-13.734499999999912
2016-02-22,1,0,-27.429099999999835,1,0.0,-27.429099999999835
2020-01-27,2,0,-27.100000000000364,2,0.0,-13.550000000000182
2004-07-26,5,0,-26.88799999999992,5,0.0,-5.377599999999984
2014-10-13,2,0,-26.75149999999985,2,0.0,-13.375749999999925
2015-04-27,2,1,-26.708599999999933,1,50.0,-13.354299999999967
2023-06-26,2,0,-26.683999999999287,2,0.0,-13.341999999999643
2006-01-23,2,0,-26.64960000000019,2,0.0,-13.324800000000096
2011-03-21,3,0,-26.595600000000104,3,0.0,-8.865200000000035
2015-12-07,1,0,-26.539599999999837,1,0.0,-26.539599999999837
2018-04-30,2,0,-26.41880000000083,2,0.0,-13.209400000000414
2015-09-28,1,0,-26.392699999999877,1,0.0,-26.392699999999877
2012-07-02,2,0,-26.368999999999687,2,0.0,-13.184499999999844
2008-12-15,1,0,-26.325099999999793,1,0.0,-26.325099999999793
2014-02-24,1,0,-26.315999999999804,1,0.0,-26.315999999999804
2004-10-25,7,1,-26.308800000000303,6,14.3,-3.7584000000000435
2007-10-15,3,1,-26.000800000000254,2,33.3,-8.666933333333418
2015-08-10,2,0,-25.989599999999882,2,0.0,-12.994799999999941
2017-09-11,3,1,-25.961199999999735,2,33.3,-8.653733333333244
2022-09-26,2,1,-25.603999999999587,1,50.0,-12.801999999999794
2008-04-14,2,0,-25.323399999999992,2,0.0,-12.661699999999996
2010-07-05,2,0,-25.30339999999933,2,0.0,-12.651699999999664
2018-09-17,2,0,-25.294099999999844,2,0.0,-12.647049999999922
2014-06-30,1,0,-24.945799999999508,1,0.0,-24.945799999999508
2018-11-26,5,1,-24.87860000000046,4,20.0,-4.975720000000092
2017-05-29,10,1,-24.838999999999714,9,10.0,-2.4838999999999714
2018-09-24,3,1,-24.815100000000257,2,33.3,-8.271700000000086
2005-11-28,5,1,-24.592100000000357,4,20.0,-4.918420000000071
2019-07-15,8,1,-24.570799999999736,7,12.5,-3.071349999999967
2015-12-14,1,0,-24.533700000000408,1,0.0,-24.533700000000408
2006-11-06,3,0,-24.179599999999823,3,0.0,-8.059866666666608
2015-01-26,2,1,-24.112300000000232,1,50.0,-12.056150000000116
2020-04-27,2,1,-24.00799999999981,1,50.0,-12.003999999999905
2009-06-29,4,1,-23.83759999999984,3,25.0,-5.95939999999996
2011-01-10,3,1,-23.81339999999932,2,33.3,-7.937799999999773
2007-12-03,2,0,-23.57249999999999,2,0.0,-11.786249999999995
2006-03-20,4,1,-23.516599999999585,3,25.0,-5.879149999999896
2011-03-07,3,1,-23.4992000000002,2,33.3,-7.833066666666734
2006-07-03,3,1,-23.432899999999563,2,33.3,-7.810966666666521
2004-10-11,17,2,-23.256000000000313,15,11.8,-1.3680000000000183
2006-01-30,2,0,-23.220800000000054,2,0.0,-11.610400000000027
2014-03-03,2,1,-23.187300000000732,1,50.0,-11.593650000000366
2017-08-14,2,0,-23.03029999999967,2,0.0,-11.515149999999835
2005-12-19,2,0,-22.90879999999993,2,0.0,-11.454399999999964
2003-09-01,4,0,-22.85329999999982,4,0.0,-5.713324999999955
2009-07-20,1,0,-22.75529999999992,1,0.0,-22.75529999999992
2021-12-20,2,0,-22.728999999999814,2,0.0,-11.364499999999907
2019-09-02,8,1,-22.683999999999514,7,12.5,-2.8354999999999393
2015-10-19,5,1,-22.593999999999596,4,20.0,-4.518799999999919
2015-11-30,4,1,-22.56320000000005,3,25.0,-5.640800000000013
2010-08-16,2,0,-22.494000000000597,2,0.0,-11.247000000000298
2006-02-20,3,0,-22.09770000000003,3,0.0,-7.3659000000000106
2019-10-07,2,1,-21.970099999999775,1,50.0,-10.985049999999887
2021-08-23,2,1,-21.95599999999945,1,50.0,-10.977999999999724
2020-02-10,3,1,-21.86970000000065,2,33.3,-7.289900000000216
2004-05-10,2,0,-21.85839999999996,2,0.0,-10.92919999999998
2016-08-08,2,0,-21.850600000000895,2,0.0,-10.925300000000448
2016-08-01,4,1,-21.769999999999527,3,25.0,-5.442499999999882
2012-04-30,2,1,-21.75350000000026,1,50.0,-10.87675000000013
2005-04-25,7,1,-21.699400000000082,6,14.3,-3.0999142857142976
2018-05-07,4,1,-21.610399999999345,3,25.0,-5.402599999999836
2014-07-28,5,1,-21.596499999999878,4,20.0,-4.319299999999975
2025-09-29,2,1,-21.503999999999905,1,50.0,-10.751999999999953
2011-06-27,2,0,-20.90079999999989,2,0.0,-10.450399999999945
2007-08-06,3,0,-20.680599999999686,3,0.0,-6.893533333333228
2009-05-04,2,1,-20.6022999999999,1,50.0,-10.30114999999995
2004-11-29,3,0,-20.575199999999995,3,0.0,-6.858399999999999
2019-04-08,2,0,-20.533800000000156,2,0.0,-10.266900000000078
2010-03-22,1,0,-20.510199999999713,1,0.0,-20.510199999999713
2014-09-29,7,2,-20.48129999999992,5,28.6,-2.9258999999999884
2014-01-20,10,2,-20.3779999999997,8,20.0,-2.03779999999997
2017-06-19,2,0,-20.365299999999934,2,0.0,-10.182649999999967
2017-02-06,1,0,-20.194299999999885,1,0.0,-20.194299999999885
2014-05-19,2,0,-20.133200000000215,2,0.0,-10.066600000000108
2013-03-04,1,0,-20.086400000000367,1,0.0,-20.086400000000367
2017-07-31,10,1,-20.08539999999971,9,10.0,-2.0085399999999707
2007-05-28,31,5,-20.01239999999848,26,16.1,-0.6455612903225316
2006-08-21,1,0,-20.000600000000077,1,0.0,-20.000600000000077
2024-03-11,4,1,-19.998000000002776,3,25.0,-4.999500000000694
2009-11-09,1,0,-19.916099999999915,1,0.0,-19.916099999999915
2021-05-10,1,0,-19.914799999999786,1,0.0,-19.914799999999786
2016-06-27,2,1,-19.821300000000292,1,50.0,-9.910650000000146
2019-03-04,2,0,-19.798099999999522,2,0.0,-9.899049999999761
2013-11-04,6,1,-19.577500000001237,5,16.7,-3.262916666666873
2016-03-28,1,0,-19.519600000000082,1,0.0,-19.519600000000082
2015-05-04,1,0,-19.496200000000044,1,0.0,-19.496200000000044
2007-04-16,3,0,-19.494800000000055,3,0.0,-6.498266666666685
2019-08-26,1,0,-19.09790000000021,1,0.0,-19.09790000000021
2011-07-25,3,1,-19.060100000000602,2,33.3,-6.353366666666868
2010-02-22,1,0,-19.047700000000077,1,0.0,-19.047700000000077
2015-08-03,1,0,-18.881299999999783,1,0.0,-18.881299999999783
2015-11-16,2,1,-18.846000000000004,1,50.0,-9.423000000000002
2006-08-28,2,0,-18.781400000000076,2,0.0,-9.390700000000038
2017-03-13,3,1,-18.682999999999993,2,33.3,-6.227666666666664
2017-09-25,2,1,-18.669899999999643,1,50.0,-9.334949999999822
2005-04-04,3,0,-18.650100000000123,3,0.0,-6.216700000000041
2003-12-01,2,0,-18.55899999999997,2,0.0,-9.279499999999985
2004-11-01,5,1,-18.481600000000014,4,20.0,-3.6963200000000027
2005-05-23,6,0,-18.434599999999875,6,0.0,-3.0724333333333127
2019-12-16,3,0,-18.302000000000135,3,0.0,-6.1006666666667115
2017-10-23,3,1,-18.086299999999937,2,33.3,-6.0287666666666455
2016-04-18,1,0,-17.840000000000373,1,0.0,-17.840000000000373
2009-06-15,1,0,-17.74249999999995,1,0.0,-17.74249999999995
2012-12-31,2,1,-17.727999999999838,1,50.0,-8.863999999999919
2018-07-02,2,1,-17.613300000000436,1,50.0,-8.806650000000218
2003-11-17,1,0,-17.505899999999997,1,0.0,-17.505899999999997
2019-02-11,2,0,-17.496000000000322,2,0.0,-8.748000000000161
2003-06-02,2,0,-17.459199999999953,2,0.0,-8.729599999999976
2020-06-15,2,1,-17.446899999999687,1,50.0,-8.723449999999843
2019-05-13,2,1,-17.424999999999727,1,50.0,-8.712499999999864
2005-05-16,6,0,-17.334599999999966,6,0.0,-2.8890999999999942
2017-04-03,3,1,-17.274599999999964,2,33.3,-5.758199999999988
2009-09-21,3,1,-17.142000000000166,2,33.3,-5.7140000000000555
2007-01-08,4,1,-17.0454000000002,3,25.0,-4.26135000000005
2017-12-11,2,0,-16.957600000000184,2,0.0,-8.478800000000092
2016-09-12,4,1,-16.865299999999934,3,25.0,-4.2163249999999834
2022-05-16,2,1,-16.85699999999997,1,50.0,-8.428499999999985
2009-12-14,3,1,-16.83440000000064,2,33.3,-5.611466666666881
2015-02-23,2,1,-16.827999999999747,1,50.0,-8.413999999999874
2007-03-12,2,0,-16.78219999999999,2,0.0,-8.391099999999994
2018-12-24,3,1,-16.77330000000029,2,33.3,-5.591100000000097
2010-03-29,2,0,-16.596799999999803,2,0.0,-8.298399999999901
2007-01-29,2,0,-16.353200000000015,2,0.0,-8.176600000000008
2015-03-23,6,2,-16.347800000000234,4,33.3,-2.7246333333333723
2020-06-22,2,1,-16.24799999999982,1,50.0,-8.12399999999991
2003-06-16,3,0,-16.216399999999794,3,0.0,-5.405466666666598
2023-09-11,1,0,-15.971900000000005,1,0.0,-15.971900000000005
2014-11-03,1,0,-15.953700000000254,1,0.0,-15.953700000000254
2016-04-11,2,1,-15.937600000000202,1,50.0,-7.968800000000101
2013-03-18,1,0,-15.751700000000255,1,0.0,-15.751700000000255
2007-07-30,5,1,-15.525399999999877,4,20.0,-3.105079999999975
2013-01-14,2,1,-15.489999999999782,1,50.0,-7.744999999999891
2017-08-21,1,0,-15.475300000000743,1,0.0,-15.475300000000743
2017-06-12,6,1,-15.397999999999683,5,16.7,-2.5663333333332807
2011-06-06,3,1,-15.374999999999318,2,33.3,-5.124999999999773
2005-06-20,3,0,-15.32220000000018,3,0.0,-5.10740000000006
2008-05-05,2,1,-15.289999999999736,1,50.0,-7.644999999999868
2019-05-20,4,1,-15.148000000000138,3,25.0,-3.7870000000000346
2016-07-18,2,1,-15.077700000000277,1,50.0,-7.538850000000139
2017-05-22,2,1,-15.0478999999998,1,50.0,-7.5239499999999
2004-12-13,2,0,-15.025600000000054,2,0.0,-7.512800000000027
2008-11-10,1,0,-15.019999999999982,1,0.0,-15.019999999999982
2015-03-16,4,1,-14.99270000000024,3,25.0,-3.74817500000006
2022-06-06,3,1,-14.969000000000733,2,33.3,-4.989666666666911
2010-01-25,4,1,-14.901999999999589,3,25.0,-3.7254999999998972
2019-12-02,1,0,-14.827900000000227,1,0.0,-14.827900000000227
2005-03-28,3,0,-14.734500000000025,3,0.0,-4.911500000000008
2015-02-09,7,2,-14.70750000000021,5,28.6,-2.1010714285714585
2004-03-29,2,0,-14.695400000000006,2,0.0,-7.347700000000003
2013-10-21,5,2,-14.630500000000438,3,40.0,-2.926100000000088
2010-02-01,2,1,-14.610099999999875,1,50.0,-7.305049999999937
2009-07-27,1,0,-14.609499999999798,1,0.0,-14.609499999999798
2012-01-30,2,1,-14.5799999999997,1,50.0,-7.28999999999985
2007-06-11,2,0,-14.33140000000003,2,0.0,-7.165700000000015
2007-08-13,14,3,-14.189999999999145,11,21.4,-1.0135714285713675
2017-05-08,1,0,-14.189600000000155,1,0.0,-14.189600000000155
2022-10-17,1,0,-14.066999999999553,1,0.0,-14.066999999999553
2021-10-11,6,2,-13.93300000000022,4,33.3,-2.3221666666667033
2004-11-08,4,1,-13.817699999999604,3,25.0,-3.454424999999901
2022-11-21,1,0,-13.712700000000268,1,0.0,-13.712700000000268
2016-05-02,1,0,-13.689800000000105,1,0.0,-13.689800000000105
2003-05-26,12,2,-13.513000000000261,10,16.7,-1.126083333333355
2019-04-22,5,1,-13.498000000000957,4,20.0,-2.699600000000191
2006-11-13,2,1,-13.495800000000031,1,50.0,-6.7479000000000156
2006-04-24,2,1,-13.450000000000045,1,50.0,-6.725000000000023
2007-07-02,1,0,-13.416100000000029,1,0.0,-13.416100000000029
2021-05-31,14,3,-13.330999999999221,11,21.4,-0.9522142857142301
2013-08-12,3,1,-13.18099999999913,2,33.3,-4.393666666666377
2006-04-03,1,0,-13.169099999999958,1,0.0,-13.169099999999958
2006-04-10,1,0,-13.148299999999836,1,0.0,-13.148299999999836
2024-02-12,2,1,-13.073000000000093,1,50.0,-6.536500000000046
2022-01-17,6,1,-12.829999999999927,5,16.7,-2.138333333333321
2004-03-22,2,0,-12.797799999999995,2,0.0,-6.398899999999998
2006-05-29,11,3,-12.747000000000298,8,27.3,-1.1588181818182088
2005-09-05,6,1,-12.66499999999985,5,16.7,-2.1108333333333085
2006-10-09,3,1,-12.654399999999896,2,33.3,-4.218133333333299
2004-05-31,10,1,-12.503799999999785,9,10.0,-1.2503799999999785
2003-08-18,2,0,-12.353899999999896,2,0.0,-6.176949999999948
2004-04-05,1,0,-12.304599999999994,1,0.0,-12.304599999999994
2003-07-14,3,0,-12.222399999999993,3,0.0,-4.074133333333331
2005-07-11,4,1,-12.198399999999936,3,25.0,-3.049599999999984
2018-12-31,7,1,-12.119399999998677,6,14.3,-1.7313428571426681
2007-09-17,2,1,-12.021999999999935,1,50.0,-6.010999999999967
2006-04-17,3,1,-11.982600000000048,2,33.3,-3.9942000000000157
2004-05-17,2,0,-11.895599999999945,2,0.0,-5.947799999999972
2007-10-08,2,1,-11.881200000000035,1,50.0,-5.940600000000018
2013-07-29,5,1,-11.820000000000164,4,20.0,-2.3640000000000327
2004-08-09,3,0,-11.795700000000124,3,0.0,-3.9319000000000415
2015-11-09,3,1,-11.794900000000325,2,33.3,-3.931633333333442
2019-02-04,1,0,-11.625999999999522,1,0.0,-11.625999999999522
2022-06-27,2,1,-11.587999999999965,1,50.0,-5.793999999999983
2014-09-15,3,1,-11.429000000000315,2,33.3,-3.8096666666667716
2014-10-20,2,1,-11.429000000000087,1,50.0,-5.714500000000044
2008-05-12,3,1,-11.404399999999669,2,33.3,-3.801466666666556
2012-10-15,2,1,-11.248600000000351,1,50.0,-5.624300000000176
2019-04-29,1,0,-11.183999999999969,1,0.0,-11.183999999999969
2006-10-23,2,1,-11.09130000000016,1,50.0,-5.54565000000008
2005-01-17,4,0,-11.074700000000064,4,0.0,-2.768675000000016
2019-07-01,7,1,-10.9274999999991,6,14.3,-1.5610714285712999
2007-08-27,5,1,-10.627500000000055,4,20.0,-2.125500000000011
2019-02-18,8,2,-10.563599999999042,6,25.0,-1.3204499999998802
2007-03-19,2,0,-10.436799999999948,2,0.0,-5.218399999999974
2003-12-08,2,0,-10.413500000000056,2,0.0,-5.206750000000028
2003-10-13,2,0,-10.402199999999993,2,0.0,-5.201099999999997
2003-09-08,3,0,-10.371899999999926,3,0.0,-3.457299999999975
2008-01-21,2,1,-10.319999999999709,1,50.0,-5.1599999999998545
2014-08-04,2,1,-10.230799999999817,1,50.0,-5.115399999999909
2010-03-08,2,1,-10.205400000000054,1,50.0,-5.102700000000027
2020-10-12,2,1,-9.867999999999938,1,50.0,-4.933999999999969
2004-01-26,3,1,-9.828199999999981,2,33.3,-3.2760666666666602
2005-02-07,3,1,-9.685399999999959,2,33.3,-3.228466666666653
2011-09-12,1,0,-9.66599999999994,1,0.0,-9.66599999999994
2006-01-02,76,17,-9.561899999999582,59,22.4,-0.12581447368420504
2017-09-04,9,2,-9.389999999999873,7,22.2,-1.0433333333333192
2006-09-11,2,1,-9.375,1,50.0,-4.6875
2004-03-01,1,0,-9.231399999999951,1,0.0,-9.231399999999951
2003-12-15,1,0,-9.152699999999982,1,0.0,-9.152699999999982
2018-11-12,3,1,-9.136799999999539,2,33.3,-3.045599999999846
2003-09-22,2,0,-9.080000000000041,2,0.0,-4.5400000000000205
2005-08-15,4,1,-9.029200000000003,3,25.0,-2.2573000000000008
2014-03-31,2,1,-8.94349999999963,1,50.0,-4.471749999999815
2010-08-23,2,1,-8.643400000000156,1,50.0,-4.321700000000078
2003-11-24,2,1,-8.621999999999957,1,50.0,-4.310999999999979
2010-02-08,3,1,-8.591600000000426,2,33.3,-2.8638666666668087
2020-08-31,3,1,-8.511799999999766,2,33.3,-2.8372666666665887
2004-02-23,3,1,-8.468799999999817,2,33.3,-2.8229333333332725
2003-10-06,2,0,-8.456300000000056,2,0.0,-4.228150000000028
2019-06-10,2,1,-8.438000000000102,1,50.0,-4.219000000000051
2003-09-29,1,0,-8.387700000000109,1,0.0,-8.387700000000109
2015-09-21,2,1,-8.306299999999965,1,50.0,-4.153149999999982
2004-01-05,2,1,-8.204099999999983,1,50.0,-4.102049999999991
2017-11-13,6,1,-7.976000000000795,5,16.7,-1.3293333333334658
2015-11-23,3,1,-7.9726000000005115,2,33.3,-2.657533333333504
2019-05-06,2,1,-7.952800000000025,1,50.0,-3.9764000000000124
2003-09-15,3,1,-7.817000000000348,2,33.3,-2.605666666666783
2007-01-15,5,1,-7.707599999999729,4,20.0,-1.5415199999999458
2021-11-22,1,0,-7.641999999999825,1,0.0,-7.641999999999825
2017-02-13,3,1,-7.601000000000795,2,33.3,-2.5336666666669316
2005-09-26,2,1,-7.589899999999943,1,50.0,-3.7949499999999716
2018-02-05,2,1,-7.543000000000575,1,50.0,-3.7715000000002874
2007-06-25,1,0,-7.372399999999857,1,0.0,-7.372399999999857
2004-11-22,3,1,-7.3472999999999615,2,33.3,-2.449099999999987
2019-01-14,3,1,-7.123200000000452,2,33.3,-2.3744000000001506
2009-08-24,1,0,-6.948000000000093,1,0.0,-6.948000000000093
2003-12-29,2,0,-6.936799999999948,2,0.0,-3.468399999999974
2005-06-06,1,0,-6.904400000000123,1,0.0,-6.904400000000123
2014-02-17,1,0,-6.88980000000015,1,0.0,-6.88980000000015
2005-10-10,2,1,-6.865199999999959,1,50.0,-3.4325999999999794
2005-05-09,8,2,-6.858299999999758,6,25.0,-0.8572874999999698
2014-06-02,2,1,-6.8224999999997635,1,50.0,-3.4112499999998818
2011-01-24,2,1,-6.487400000000207,1,50.0,-3.2437000000001035
2011-03-14,6,1,-6.314499999999725,5,16.7,-1.0524166666666208
2004-08-30,2,1,-6.30090000000007,1,50.0,-3.150450000000035
2005-01-24,8,2,-6.163199999999733,6,25.0,-0.7703999999999667
2022-07-11,8,2,-6.155599999998913,6,25.0,-0.7694499999998641
2024-01-01,45,9,-5.788000000017291,36,20.0,-0.12862222222260647
2006-09-04,14,4,-5.749799999999141,10,28.6,-0.4106999999999386
2005-04-11,2,0,-5.716799999999978,2,0.0,-2.858399999999989
2007-05-21,2,1,-5.625699999999938,1,50.0,-2.812849999999969
2008-07-21,5,2,-5.552199999999743,3,40.0,-1.1104399999999486
2005-07-18,4,1,-5.489399999999932,3,25.0,-1.372349999999983
2017-01-09,2,1,-5.405199999999695,1,50.0,-2.7025999999998476
2005-01-10,2,0,-5.298000000000002,2,0.0,-2.649000000000001
2004-12-20,1,0,-5.293699999999944,1,0.0,-5.293699999999944
2015-10-12,3,1,-5.2681999999997515,2,33.3,-1.7560666666665838
2006-11-27,3,1,-5.093799999999874,2,33.3,-1.6979333333332913
2005-02-28,2,0,-5.030399999999986,2,0.0,-2.515199999999993
2004-06-07,5,2,-5.029999999999802,3,40.0,-1.0059999999999605
2017-04-24,1,0,-5.026299999999537,1,0.0,-5.026299999999537
2004-07-12,1,0,-4.721699999999885,1,0.0,-4.721699999999885
2018-03-26,2,1,-4.605800000000045,1,50.0,-2.3029000000000224
2017-03-27,2,1,-4.599999999999454,1,50.0,-2.299999999999727
2018-04-23,1,0,-4.574300000000449,1,0.0,-4.574300000000449
2005-02-21,11,3,-4.551299999999799,8,27.3,-0.41375454545452717
2004-10-18,2,1,-4.4162000000000035,1,50.0,-2.2081000000000017
2023-03-27,1,0,-4.37099999999964,1,0.0,-4.37099999999964
2024-12-16,4,1,-4.274799999999686,3,25.0,-1.0686999999999216
2004-09-06,1,0,-4.136699999999962,1,0.0,-4.136699999999962
2024-07-08,1,0,-3.8140000000007603,1,0.0,-3.8140000000007603
2019-03-11,2,1,-3.445000000000391,1,50.0,-1.7225000000001955
2012-10-08,2,1,-3.3866999999991094,1,50.0,-1.6933499999995547
2004-02-02,1,0,-3.330000000000041,1,0.0,-3.330000000000041
2012-01-16,2,1,-3.0400000000006457,1,50.0,-1.5200000000003229
2023-01-09,4,1,-2.9940000000003693,3,25.0,-0.7485000000000923
2009-12-28,2,1,-2.9074999999998,1,50.0,-1.4537499999999
2007-02-19,3,1,-2.8415999999998576,2,33.3,-0.9471999999999525
2017-07-24,5,1,-2.762999999999238,4,20.0,-0.5525999999998475
2006-12-18,1,0,-2.7390000000000327,1,0.0,-2.7390000000000327
2004-09-20,6,2,-2.6125000000000114,4,33.3,-0.43541666666666856
2015-07-06,1,0,-2.6070000000004256,1,0.0,-2.6070000000004256
2010-11-15,1,0,-2.605000000000018,1,0.0,-2.605000000000018
2004-09-13,1,0,-2.421899999999937,1,0.0,-2.421899999999937
2023-12-11,2,1,-2.403999999999769,1,50.0,-1.2019999999998845
2008-06-23,2,1,-2.250400000000127,1,50.0,-1.1252000000000635
2013-01-21,8,3,-2.1624000000001615,5,37.5,-0.2703000000000202
2014-07-21,2,1,-2.1500000000003183,1,50.0,-1.0750000000001592
2014-04-07,5,1,-2.058499999999185,4,20.0,-0.41169999999983703
2015-06-29,2,1,-1.6161999999994805,1,50.0,-0.8080999999997402
2021-10-25,2,1,-1.3840000000000146,1,50.0,-0.6920000000000073
2005-07-25,2,1,-1.3740000000001373,1,50.0,-0.6870000000000687
2004-02-16,7,1,-1.3595000000001392,6,14.3,-0.1942142857143056
2024-06-10,2,1,-1.3570000000013351,1,50.0,-0.6785000000006676
2005-02-14,1,0,-1.3422999999999092,1,0.0,-1.3422999999999092
2005-08-29,2,1,-1.3174999999999955,1,50.0,-0.6587499999999977
2007-04-30,2,1,-1.2265999999998485,1,50.0,-0.6132999999999242
2023-02-13,3,1,-1.1530000000009295,2,33.3,-0.38433333333364317
2011-02-07,3,1,-1.0893999999993866,2,33.3,-0.36313333333312886
2017-11-06,1,0,-0.8969999999999345,1,0.0,-0.8969999999999345
2003-12-22,1,0,-0.7540999999998803,1,0.0,-0.7540999999998803
2015-09-07,3,1,-0.27460000000019136,2,33.3,-0.09153333333339712
2004-08-02,2,1,-0.2740999999999758,1,50.0,-0.1370499999999879
2022-03-21,2,1,-0.2629999999996926,1,50.0,-0.1314999999998463
2021-03-01,2,1,-0.24200000000064392,1,50.0,-0.12100000000032196
2022-10-03,1,0,-0.1799999999998363,1,0.0,-0.1799999999998363
2023-07-17,1,0,-0.08999999999991815,1,0.0,-0.08999999999991815
2018-01-08,3,1,-0.06600000000003092,2,33.3,-0.022000000000010306
2011-01-31,1,1,0.012000000000398359,0,100.0,0.012000000000398359
2019-12-09,9,2,0.059700000000020736,7,22.2,0.006633333333335638
2016-12-19,1,1,0.18899999999962347,0,100.0,0.18899999999962347
2005-11-21,2,1,0.20469999999988886,1,50.0,0.10234999999994443
2017-02-20,5,2,0.5120000000003984,3,40.0,0.10240000000007968
2005-10-24,1,1,0.5279999999999632,0,100.0,0.5279999999999632
2003-08-11,1,1,0.6319000000000301,0,100.0,0.6319000000000301
2022-08-08,1,1,0.6438000000000557,0,100.0,0.6438000000000557
2023-03-06,7,2,0.666499999998905,5,28.6,0.09521428571412928
2008-08-25,7,2,0.7519000000006599,5,28.6,0.10741428571437998
2023-08-14,2,1,0.8160000000000309,1,50.0,0.40800000000001546
2006-09-25,2,1,0.8461000000000922,1,50.0,0.4230500000000461
2022-04-04,1,1,0.904999999999518,0,100.0,0.904999999999518
2004-02-09,2,1,0.933200000000113,1,50.0,0.4666000000000565
2007-09-10,2,1,0.9868000000001302,1,50.0,0.4934000000000651
2010-04-12,3,1,1.1264000000003307,2,33.3,0.3754666666667769
2007-09-24,2,1,1.1637999999999238,1,50.0,0.5818999999999619
2006-08-07,7,2,1.3180000000000973,5,28.6,0.18828571428572818
2022-02-14,3,1,1.6480000000003656,2,33.3,0.5493333333334552
2012-04-02,1,1,1.7790000000002237,0,100.0,1.7790000000002237
2021-12-13,10,2,1.8513000000007196,8,20.0,0.18513000000007196
2018-12-10,2,1,1.8850999999992837,1,50.0,0.9425499999996418
2009-09-14,1,1,2.175000000000068,0,100.0,2.175000000000068
2010-07-26,1,1,2.2200000000000273,0,100.0,2.2200000000000273
2009-08-17,1,1,2.2740000000001146,0,100.0,2.2740000000001146
2014-11-24,2,1,2.3052000000000135,1,50.0,1.1526000000000067
2008-09-29,2,1,2.376600000000053,1,50.0,1.1883000000000266
2007-11-12,1,1,2.421000000000049,0,100.0,2.421000000000049
2010-08-30,7,2,2.4248000000004595,5,28.6,0.34640000000006566
2007-04-23,4,1,2.6036000000003696,3,25.0,0.6509000000000924
2008-03-24,1,1,2.6459999999998445,0,100.0,2.6459999999998445
2016-08-22,3,1,2.868999999999687,2,33.3,0.956333333333229
2007-07-09,1,1,2.8920000000001664,0,100.0,2.8920000000001664
2003-05-12,1,1,2.978700000000117,0,100.0,2.978700000000117
2009-09-28,2,1,2.9891000000000076,1,50.0,1.4945500000000038
2004-06-28,1,1,3.021000000000015,0,100.0,3.021000000000015
2007-08-20,2,1,3.0475000000001273,1,50.0,1.5237500000000637
2004-07-05,10,3,3.217200000000389,7,30.0,0.3217200000000389
2021-12-27,3,1,3.339700000000221,2,33.3,1.113233333333407
2006-01-09,1,1,3.3990000000001146,0,100.0,3.3990000000001146
2012-10-29,2,1,3.4608000000005177,1,50.0,1.7304000000002588
2010-04-19,2,1,3.492400000000316,1,50.0,1.746200000000158
2024-02-26,4,1,3.507000000000289,3,25.0,0.8767500000000723
2008-03-10,2,1,3.51279999999997,1,50.0,1.756399999999985
2005-10-03,3,1,3.6574000000000524,2,33.3,1.2191333333333507
2012-11-19,1,1,3.828000000000202,0,100.0,3.828000000000202
2004-05-03,2,1,3.950599999999895,1,50.0,1.9752999999999474
2005-05-30,2,1,4.018200000000036,1,50.0,2.009100000000018
2019-08-19,2,1,4.07589999999982,1,50.0,2.03794999999991
2004-10-04,1,1,4.164200000000108,0,100.0,4.164200000000108
2015-06-08,1,1,4.211299999999937,0,100.0,4.211299999999937
2015-02-02,2,1,4.249599999999873,1,50.0,2.1247999999999365
2005-03-14,1,1,4.262999999999977,0,100.0,4.262999999999977
2018-10-22,2,1,4.279999999999745,1,50.0,2.1399999999998727
2019-10-21,2,1,4.367099999999937,1,50.0,2.1835499999999683
2011-02-28,3,1,4.528999999999769,2,33.3,1.5096666666665897
2003-06-30,1,1,4.632000000000119,0,100.0,4.632000000000119
2005-07-04,2,1,4.737800000000107,1,50.0,2.3689000000000533
2024-11-04,13,3,4.7728999999972075,10,23.1,0.367146153845939
2007-05-14,2,1,4.944899999999961,1,50.0,2.4724499999999807
2016-11-21,6,2,5.043599999999969,4,33.3,0.8405999999999949
2011-06-13,1,1,5.294999999999618,0,100.0,5.294999999999618
2011-04-25,3,1,5.48259999999982,2,33.3,1.8275333333332735
2022-12-26,23,5,5.5113999999996395,18,21.7,0.23962608695650606
2005-08-08,4,1,5.628399999999829,3,25.0,1.4070999999999572
2018-06-18,5,2,5.666300000000774,3,40.0,1.133260000000155
2004-06-21,1,1,5.822000000000003,0,100.0,5.822000000000003
2003-08-04,3,1,5.981800000000192,2,33.3,1.9939333333333973
2005-03-21,1,1,6.515999999999906,0,100.0,6.515999999999906
2023-08-21,2,1,6.576999999999543,1,50.0,3.2884999999997717
2004-12-27,1,1,6.614999999999952,0,100.0,6.614999999999952
2024-02-19,2,1,6.718000000000302,1,50.0,3.359000000000151
2016-11-28,2,1,6.719699999999648,1,50.0,3.359849999999824
2012-11-12,3,1,6.778399999999465,2,33.3,2.2594666666664884
2007-03-05,1,1,6.790800000000104,0,100.0,6.790800000000104
2008-08-18,6,1,6.985000000000241,5,16.7,1.1641666666667068
2023-05-29,8,2,7.045999999999594,6,25.0,0.8807499999999493
2015-12-28,1,1,7.050000000000409,0,100.0,7.050000000000409
2003-05-19,1,1,7.08299999999997,0,100.0,7.08299999999997
2003-08-25,4,2,7.164000000000044,2,50.0,1.791000000000011
2005-05-02,1,1,7.354900000000043,0,100.0,7.354900000000043
2008-07-28,7,2,7.436499999999683,5,28.6,1.0623571428570975
2004-08-23,1,1,7.451400000000035,0,100.0,7.451400000000035
2015-03-09,2,1,7.474400000000514,1,50.0,3.737200000000257
2006-03-13,1,1,7.605000000000018,0,100.0,7.605000000000018
2005-09-12,2,1,7.64790000000005,1,50.0,3.823950000000025
2009-05-25,6,2,7.660000000000082,4,33.3,1.2766666666666804
2004-06-14,5,1,7.8358000000002335,4,20.0,1.5671600000000467
2016-04-04,7,2,7.934399999999869,5,28.6,1.1334857142856956
2023-12-25,23,5,8.016999999997552,18,21.7,0.3485652173911979
2016-01-11,1,1,8.082000000000562,0,100.0,8.082000000000562
2018-07-16,6,2,8.12299999999982,4,33.3,1.3538333333333032
2007-02-26,13,3,8.240600000000086,10,23.1,0.6338923076923143
2020-02-03,1,1,8.25,0,100.0,8.25
2016-12-26,41,10,8.314500000001772,31,24.4,0.20279268292687247
2008-02-25,2,1,8.408600000000092,1,50.0,4.204300000000046
2014-08-25,5,2,8.856200000000626,3,40.0,1.7712400000001254
2012-02-27,5,2,9.03020000000015,3,40.0,1.80604000000003
2007-04-09,2,1,9.106200000000058,1,50.0,4.553100000000029
2019-09-23,2,1,9.228100000000495,1,50.0,4.614050000000248
2025-03-03,1,1,9.474999999999454,0,100.0,9.474999999999454
2006-07-31,1,1,9.556300000000192,0,100.0,9.556300000000192
2005-08-01,2,1,9.731799999999964,1,50.0,4.865899999999982
2005-01-31,1,1,9.732000000000085,0,100.0,9.732000000000085
2003-07-07,1,1,10.023000000000025,0,100.0,10.023000000000025
2012-10-22,1,1,10.140000000000327,0,100.0,10.140000000000327
2017-07-03,1,1,10.185100000000148,0,100.0,10.185100000000148
2007-04-02,1,1,10.58910000000003,0,100.0,10.58910000000003
2013-09-30,1,1,10.622499999999945,0,100.0,10.622499999999945
2010-01-04,1,1,10.75200000000018,0,100.0,10.75200000000018
2004-11-15,1,1,10.89979999999997,0,100.0,10.89979999999997
2008-02-11,1,1,11.151600000000258,0,100.0,11.151600000000258
2007-12-17,2,1,11.202000000000112,1,50.0,5.601000000000056
2018-10-01,4,2,11.275600000000395,2,50.0,2.8189000000000988
2011-01-17,3,1,11.69999999999959,2,33.3,3.8999999999998636
2022-08-29,1,1,11.790000000000191,0,100.0,11.790000000000191
2004-05-24,3,2,12.136400000000037,1,66.7,4.045466666666679
2004-09-27,2,1,12.681399999999769,1,50.0,6.3406999999998845
2016-09-05,5,1,12.702200000000403,4,20.0,2.5404400000000806
2010-09-20,3,1,12.712599999999838,2,33.3,4.237533333333279
2019-04-15,1,1,12.860999999999422,0,100.0,12.860999999999422
2016-05-16,2,1,13.226400000000012,1,50.0,6.613200000000006
2025-10-06,1,1,13.389900000000125,0,100.0,13.389900000000125
2009-07-06,1,1,13.413400000000024,0,100.0,13.413400000000024
2009-03-30,1,1,13.5,0,100.0,13.5
2017-12-18,1,1,13.575999999999567,0,100.0,13.575999999999567
2009-03-23,1,1,13.712200000000166,0,100.0,13.712200000000166
2020-07-06,1,1,14.348999999999705,0,100.0,14.348999999999705
2015-04-20,1,1,14.479800000000296,0,100.0,14.479800000000296
2018-05-21,2,1,14.571999999999662,1,50.0,7.285999999999831
2015-01-12,4,1,14.628000000000156,3,25.0,3.657000000000039
2005-03-07,3,2,14.710400000000107,1,66.7,4.903466666666702
2007-01-22,1,1,15.372000000000071,0,100.0,15.372000000000071
2006-12-04,1,1,15.456000000000131,0,100.0,15.456000000000131
2021-04-05,7,2,15.669000000000324,5,28.6,2.2384285714286176
2018-12-17,2,1,15.913100000000668,1,50.0,7.956550000000334
2007-11-19,2,1,15.928300000000036,1,50.0,7.964150000000018
2019-01-21,5,2,16.18769999999904,3,40.0,3.2375399999998082
2008-12-01,1,1,16.19870000000003,0,100.0,16.19870000000003
2006-07-24,2,1,16.20900000000006,1,50.0,8.10450000000003
2017-01-02,31,8,16.42560000000094,23,25.8,0.5298580645161594
2021-02-22,3,1,16.64599999999973,2,33.3,5.548666666666577
2018-02-26,1,1,16.70999999999981,0,100.0,16.70999999999981
2012-06-04,4,1,16.896799999999303,3,25.0,4.224199999999826
2015-10-05,3,1,17.07719999999972,2,33.3,5.692399999999907
2024-09-23,6,2,17.50499999999738,4,33.3,2.9174999999995634
2017-02-27,2,1,17.517200000000685,1,50.0,8.758600000000342
2019-06-03,1,1,17.543000000000347,0,100.0,17.543000000000347
2018-08-20,4,1,17.55000000000041,3,25.0,4.387500000000102
2011-11-28,2,1,17.60950000000048,1,50.0,8.80475000000024
2008-03-31,1,1,17.684999999999945,0,100.0,17.684999999999945
2004-04-19,1,1,17.900999999999954,0,100.0,17.900999999999954
2013-12-30,2,1,17.938900000000558,1,50.0,8.969450000000279
2023-07-31,1,1,17.940000000000055,0,100.0,17.940000000000055
2016-10-17,5,2,18.28530000000137,3,40.0,3.657060000000274
2015-05-25,5,2,18.34289999999919,3,40.0,3.668579999999838
2018-11-05,5,1,18.36100000000056,4,20.0,3.6722000000001116
2010-03-15,4,1,18.492900000000645,3,25.0,4.623225000000161
2005-10-17,1,1,18.660000000000082,0,100.0,18.660000000000082
2006-02-06,8,2,18.73900000000026,6,25.0,2.3423750000000325
2003-11-10,2,1,18.773399999999867,1,50.0,9.386699999999934
2009-04-27,1,1,18.78460000000007,0,100.0,18.78460000000007
2017-06-05,10,2,18.79880000000071,8,20.0,1.879880000000071
2005-11-07,3,1,18.95879999999994,2,33.3,6.31959999999998
2008-01-14,1,1,19.203399999999988,0,100.0,19.203399999999988
2021-01-18,1,1,19.23590000000013,0,100.0,19.23590000000013
2023-09-04,4,2,19.327999999999292,2,50.0,4.831999999999823
2019-05-27,43,11,19.347099999994953,32,25.6,0.4499325581394175
2004-08-16,2,2,19.509399999999857,0,100.0,9.754699999999929
2018-04-09,6,2,19.621499999998605,4,33.3,3.2702499999997676
2006-02-27,1,1,19.83000000000004,0,100.0,19.83000000000004
2007-10-01,9,2,20.06389999999999,7,22.2,2.229322222222221
2003-06-23,1,1,20.216999999999928,0,100.0,20.216999999999928
2005-11-14,6,3,20.389600000000087,3,50.0,3.398266666666681
2006-11-20,1,1,20.635700000000156,0,100.0,20.635700000000156
2005-04-18,1,1,20.841000000000008,0,100.0,20.841000000000008
2007-01-01,25,7,21.2488000000003,18,28.0,0.849952000000012
2009-05-11,1,1,21.38250000000005,0,100.0,21.38250000000005
2018-01-01,8,3,21.521900000002233,5,37.5,2.690237500000279
2004-03-15,2,2,21.683300000000088,0,100.0,10.841650000000044
2006-12-25,10,4,22.062599999999975,6,40.0,2.2062599999999977
2017-09-18,1,1,22.110000000000355,0,100.0,22.110000000000355
2019-01-28,4,1,22.1370000000004,3,25.0,5.5342500000001
2003-07-21,2,1,22.306699999999978,1,50.0,11.153349999999989
2014-03-24,1,1,22.438599999999497,0,100.0,22.438599999999497
2010-11-01,2,1,22.59109999999987,1,50.0,11.295549999999935
2005-10-31,1,1,22.739999999999952,0,100.0,22.739999999999952
2015-03-02,2,1,22.803600000000642,1,50.0,11.401800000000321
2005-06-13,1,1,23.028000000000134,0,100.0,23.028000000000134
2022-04-11,1,1,23.06519999999955,0,100.0,23.06519999999955
2006-05-01,3,1,23.117500000000064,2,33.3,7.705833333333355
2006-03-27,2,1,23.29359999999997,1,50.0,11.646799999999985
2008-09-01,1,1,23.315999999999804,0,100.0,23.315999999999804
2016-01-25,1,1,23.483999999999924,0,100.0,23.483999999999924
2011-04-18,1,1,23.739000000000033,0,100.0,23.739000000000033
2003-07-28,1,1,23.79000000000002,0,100.0,23.79000000000002
2018-06-11,5,2,24.230000000000928,3,40.0,4.846000000000186
2011-06-20,2,1,24.61550000000011,1,50.0,12.307750000000055
2003-06-09,3,2,24.63770000000028,1,66.7,8.21256666666676
2004-04-26,7,3,24.727799999999775,4,42.9,3.532542857142825
2023-08-28,1,1,24.86999999999989,0,100.0,24.86999999999989
2010-10-18,1,1,25.026299999999992,0,100.0,25.026299999999992
2007-02-05,3,1,25.284400000000232,2,33.3,8.428133333333411
2005-06-27,5,2,25.32939999999985,3,40.0,5.06587999999997
2023-12-04,1,1,25.350000000000136,0,100.0,25.350000000000136
2022-01-03,1,1,25.45800000000031,0,100.0,25.45800000000031
2008-06-16,1,1,25.66800000000012,0,100.0,25.66800000000012
2010-03-01,1,1,25.778399999999692,0,100.0,25.778399999999692
2018-01-22,5,2,25.824199999998655,3,40.0,5.164839999999731
2015-05-18,1,1,25.825399999999945,0,100.0,25.825399999999945
2010-09-27,5,2,25.99120000000039,3,40.0,5.198240000000078
2006-06-26,3,2,26.379799999999932,1,66.7,8.793266666666645
2010-05-24,1,1,26.529000000000224,0,100.0,26.529000000000224
2014-08-18,2,1,26.68560000000025,1,50.0,13.342800000000125
2015-06-22,1,1,26.79300000000012,0,100.0,26.79300000000012
2022-07-25,2,1,27.118699999999535,1,50.0,13.559349999999768
2005-01-03,1,1,27.16799999999995,0,100.0,27.16799999999995
2021-07-05,7,2,27.271999999999935,5,28.6,3.8959999999999906
2023-02-20,6,2,27.458999999999378,4,33.3,4.576499999999896
2008-10-06,1,1,27.66300000000001,0,100.0,27.66300000000001
2013-12-23,1,1,27.899999999999864,0,100.0,27.899999999999864
2008-07-07,3,1,28.48780000000022,2,33.3,9.495933333333406
2014-06-09,3,1,28.559999999999945,2,33.3,9.519999999999982
2014-09-01,7,3,28.716499999999996,4,42.9,4.102357142857143
2023-08-07,1,1,28.735000000000127,0,100.0,28.735000000000127
2006-08-14,2,1,28.995699999999715,1,50.0,14.497849999999858
2016-03-21,2,1,29.223600000000033,1,50.0,14.611800000000017
2020-12-28,1,1,29.25,0,100.0,29.25
2010-02-15,6,2,29.82600000000025,4,33.3,4.971000000000042
2017-10-16,1,1,29.94899999999984,0,100.0,29.94899999999984
2008-05-19,1,1,30.020999999999844,0,100.0,30.020999999999844
2015-08-24,1,1,30.21900000000028,0,100.0,30.21900000000028
2025-01-13,1,1,30.38099999999895,0,100.0,30.38099999999895
2007-07-23,6,3,30.46250000000032,3,50.0,5.077083333333387
2018-12-03,1,1,30.479999999999563,0,100.0,30.479999999999563
2013-11-18,1,1,30.6537000000003,0,100.0,30.6537000000003
2015-04-06,5,2,30.797100000000455,3,40.0,6.159420000000091
2015-01-05,1,1,30.79800000000023,0,100.0,30.79800000000023
2005-12-26,25,8,31.28440000000029,17,32.0,1.2513760000000116
2014-09-08,1,1,31.6541000000002,0,100.0,31.6541000000002
2015-10-26,5,2,31.685300000000325,3,40.0,6.337060000000065
2015-06-15,1,1,31.736999999999853,0,100.0,31.736999999999853
2019-02-25,3,2,32.04799999999955,1,66.7,10.682666666666515
2011-07-11,4,2,32.19319999999993,2,50.0,8.048299999999983
2018-02-19,4,2,32.35320000000161,2,50.0,8.088300000000402
2014-05-05,1,1,32.57399999999984,0,100.0,32.57399999999984
2023-04-03,1,1,32.69999999999959,0,100.0,32.69999999999959
2012-04-23,2,1,32.713099999999486,1,50.0,16.356549999999743
2010-01-11,7,2,32.92949999999814,5,28.6,4.704214285714021
2018-06-25,3,1,33.12899999999968,2,33.3,11.042999999999893
2007-07-16,4,2,33.406300000000556,2,50.0,8.351575000000139
2014-07-07,3,1,33.80079999999998,2,33.3,11.266933333333327
2017-03-20,4,2,33.86999999999989,2,50.0,8.467499999999973
2008-05-26,14,5,33.895300000000475,9,35.7,2.421092857142891
2012-11-26,7,2,33.95000000000141,5,28.6,4.850000000000201
2021-10-18,4,1,33.973600000000715,3,25.0,8.493400000000179
2021-09-13,4,2,33.995599999999286,2,50.0,8.498899999999821
2005-12-05,3,2,34.19539999999995,1,66.7,11.39846666666665
2017-11-27,1,1,34.220999999999776,0,100.0,34.220999999999776
2008-08-11,2,1,34.58489999999972,1,50.0,17.29244999999986
2006-05-15,1,1,35.058000000000106,0,100.0,35.058000000000106
2017-05-15,4,2,35.31890000000021,2,50.0,8.829725000000053
2007-05-07,4,3,35.38160000000073,1,75.0,8.845400000000183
2016-06-06,6,3,35.54419999999982,3,50.0,5.924033333333303
2022-02-07,1,1,35.58000000000038,0,100.0,35.58000000000038
2023-11-20,1,1,35.76000000000022,0,100.0,35.76000000000022
2017-07-10,1,1,35.77799999999979,0,100.0,35.77799999999979
2009-04-20,1,1,36.096300000000156,0,100.0,36.096300000000156
2018-08-13,1,1,36.20699999999988,0,100.0,36.20699999999988
2013-03-11,6,2,36.21419999999921,4,33.3,6.035699999999868
2020-04-06,1,1,36.3299999999997,0,100.0,36.3299999999997
2009-04-13,1,1,36.470999999999776,0,100.0,36.470999999999776
2013-01-28,5,2,36.58360000000016,3,40.0,7.316720000000032
2025-06-16,1,1,36.599999999999454,0,100.0,36.599999999999454
2012-12-17,3,2,36.61200000000008,1,66.7,12.204000000000027
2014-12-08,1,1,36.61800000000039,0,100.0,36.61800000000039
2022-08-15,1,1,36.807000000000244,0,100.0,36.807000000000244
2018-07-09,1,1,36.87299999999982,0,100.0,36.87299999999982
2016-09-26,1,1,37.013999999999896,0,100.0,37.013999999999896
2007-10-22,1,1,37.16700000000003,0,100.0,37.16700000000003
2020-05-11,2,1,37.24719999999979,1,50.0,18.623599999999897
2026-01-05,2,1,37.6919999999991,1,50.0,18.84599999999955
2012-12-03,9,2,37.8161999999993,7,22.2,4.201799999999922
2004-01-12,2,2,38.07200000000006,0,100.0,19.03600000000003
2024-04-29,1,1,38.48689999999897,0,100.0,38.48689999999897
2007-06-04,6,2,38.58560000000034,4,33.3,6.43093333333339
2006-03-06,1,1,39.069000000000074,0,100.0,39.069000000000074
2014-06-16,3,2,39.33040000000028,1,66.7,13.110133333333428
2010-10-11,1,1,39.353999999999814,0,100.0,39.353999999999814
2012-01-23,4,2,39.40409999999997,2,50.0,9.851024999999993
2010-12-06,4,2,39.41640000000075,2,50.0,9.854100000000187
2003-10-20,2,2,39.43910000000005,0,100.0,19.719550000000027
2012-05-21,6,2,39.94679999999994,4,33.3,6.65779999999999
2014-03-10,2,1,39.992000000000644,1,50.0,19.996000000000322
2006-10-30,1,1,41.19599999999991,0,100.0,41.19599999999991
2016-07-25,1,1,41.77629999999999,0,100.0,41.77629999999999
2017-10-09,1,1,41.98199999999974,0,100.0,41.98199999999974
2014-10-06,1,1,42.25800000000004,0,100.0,42.25800000000004
2012-05-28,11,4,42.566499999998996,7,36.4,3.8696818181817267
2004-12-06,3,2,42.7278,1,66.7,14.242600000000001
2024-12-30,1,1,43.04999999999973,0,100.0,43.04999999999973
2025-09-22,1,1,43.05609999999933,0,100.0,43.05609999999933
2010-06-28,1,1,43.368799999999965,0,100.0,43.368799999999965
2015-06-01,1,1,43.388999999999896,0,100.0,43.388999999999896
2018-10-08,1,1,44.070000000000164,0,100.0,44.070000000000164
2009-07-13,1,1,44.2109999999999,0,100.0,44.2109999999999
2020-11-02,4,2,44.33499999999958,2,50.0,11.083749999999895
2004-07-19,4,3,44.45660000000021,1,75.0,11.114150000000052
2020-09-28,1,1,44.78099999999972,0,100.0,44.78099999999972
2006-07-17,1,1,44.946000000000254,0,100.0,44.946000000000254
2009-03-16,9,3,45.2375999999997,6,33.3,5.026399999999967
2012-09-03,6,2,45.49279999999908,4,33.3,7.5821333333331795
2007-12-24,4,2,45.668000000000234,2,50.0,11.417000000000058
2019-03-25,1,1,45.890999999999394,0,100.0,45.890999999999394
2008-11-17,3,2,46.10479999999984,1,66.7,15.368266666666614
2010-04-26,4,2,46.283200000000306,2,50.0,11.570800000000077
2017-07-17,2,2,46.51500000000033,0,100.0,23.257500000000164
2013-04-22,1,1,46.77599999999961,0,100.0,46.77599999999961
2010-08-02,1,1,47.66100000000051,0,100.0,47.66100000000051
2007-12-31,1,1,48.195000000000164,0,100.0,48.195000000000164
2022-10-31,4,1,49.276000000001204,3,25.0,12.319000000000301
2017-01-30,4,2,49.83279999999991,2,50.0,12.458199999999977
2024-01-15,4,2,49.94200000000001,2,50.0,12.485500000000002
2016-02-01,3,2,50.13080000000036,1,66.7,16.710266666666787
2022-03-14,1,1,51.11999999999989,0,100.0,51.11999999999989
2010-04-05,3,2,51.4680000000003,1,66.7,17.156000000000102
2016-02-29,2,1,51.655399999999645,1,50.0,25.827699999999822
2015-07-13,1,1,52.440000000000055,0,100.0,52.440000000000055
2020-09-21,1,1,52.559999999999945,0,100.0,52.559999999999945
2004-04-12,5,3,52.748199999999485,2,60.0,10.549639999999897
2018-03-19,2,2,52.81610000000023,0,100.0,26.408050000000117
2025-06-30,1,1,52.89000000000033,0,100.0,52.89000000000033
2007-11-05,4,2,54.583200000000375,2,50.0,13.645800000000094
2011-02-14,1,1,54.61499999999978,0,100.0,54.61499999999978
2011-05-23,1,1,55.00500000000011,0,100.0,55.00500000000011
2017-01-23,3,2,55.092099999999846,1,66.7,18.364033333333282
2016-09-19,2,2,55.16440000000125,0,100.0,27.582200000000626
2019-12-30,9,4,55.20670000000132,5,44.4,6.134077777777924
2009-01-19,4,2,55.517999999999915,2,50.0,13.879499999999979
2022-01-10,3,1,55.561099999999215,2,33.3,18.520366666666405
2023-05-22,6,2,55.67200000000025,4,33.3,9.278666666666709
2016-05-30,4,2,55.784999999999854,2,50.0,13.946249999999964
2009-11-02,1,1,55.87090000000012,0,100.0,55.87090000000012
2013-10-28,4,2,56.755999999999176,2,50.0,14.188999999999794
2016-01-04,1,1,56.88000000000011,0,100.0,56.88000000000011
2017-08-07,12,5,57.10469999999873,7,41.7,4.758724999999894
2010-06-14,2,1,57.84550000000013,1,50.0,28.922750000000065
2009-05-18,1,1,57.95999999999981,0,100.0,57.95999999999981
2024-04-08,2,1,58.096000000000004,1,50.0,29.048000000000002
2018-05-14,2,2,58.26339999999959,0,100.0,29.131699999999796
2012-09-10,2,1,58.303499999999985,1,50.0,29.151749999999993
2015-01-19,12,4,58.85519999999974,8,33.3,4.904599999999978
2021-01-04,3,1,59.13729999999964,2,33.3,19.712433333333212
2021-04-12,5,2,59.20200000000136,3,40.0,11.840400000000272
2025-02-17,1,1,59.69999999999891,0,100.0,59.69999999999891
2012-06-11,1,1,59.93999999999937,0,100.0,59.93999999999937
2008-04-21,1,1,60.88800000000015,0,100.0,60.88800000000015
2008-10-13,1,1,60.91499999999985,0,100.0,60.91499999999985
2005-12-12,3,1,62.14239999999967,2,33.3,20.714133333333223
2013-02-18,7,3,62.17839999999978,4,42.9,8.88262857142854
2022-11-28,1,1,62.516999999999825,0,100.0,62.516999999999825
2016-12-12,1,1,62.940000000000055,0,100.0,62.940000000000055
2017-03-06,3,2,62.99700000000075,1,66.7,20.99900000000025
2023-12-18,3,1,64.35599999999977,2,33.3,21.451999999999924
2023-02-27,1,1,65.60699999999974,0,100.0,65.60699999999974
2017-12-25,20,10,66.0241999999987,10,50.0,3.301209999999935
2017-12-04,5,3,66.09200000000237,2,60.0,13.218400000000475
2015-08-17,6,3,66.32659999999942,3,50.0,11.054433333333236
2021-11-08,4,2,66.81900000000019,2,50.0,16.704750000000047
2014-04-14,4,2,67.35879999999975,2,50.0,16.839699999999937
2007-09-03,21,8,67.41349999999989,13,38.1,3.210166666666661
2013-05-06,5,2,67.53809999999862,3,40.0,13.507619999999724
2008-06-09,1,1,67.66200000000026,0,100.0,67.66200000000026
2022-02-28,1,1,67.71399999999971,0,100.0,67.71399999999971
2009-02-23,5,2,67.9589999999996,3,40.0,13.591799999999921
2015-09-14,4,2,67.96880000000101,2,50.0,16.992200000000253
2016-07-11,1,1,68.36999999999989,0,100.0,68.36999999999989
2016-11-07,8,2,68.72739999999976,6,25.0,8.59092499999997
2010-09-13,2,2,68.80149999999958,0,100.0,34.40074999999979
2013-12-16,1,1,68.90700000000015,0,100.0,68.90700000000015
2008-09-08,2,1,69.17290000000003,1,50.0,34.58645000000001
2013-10-07,2,1,69.51370000000065,1,50.0,34.75685000000033
2014-03-17,1,1,69.90900000000033,0,100.0,69.90900000000033
2013-02-11,1,1,71.33600000000001,0,100.0,71.33600000000001
2019-12-23,2,2,71.42999999999984,0,100.0,35.71499999999992
2018-02-12,3,2,71.53399999999942,1,66.7,23.844666666666473
2021-08-09,1,1,71.80199999999991,0,100.0,71.80199999999991
2006-06-05,3,2,72.0189000000006,1,66.7,24.0063000000002
2023-01-02,24,7,72.15130000000204,17,29.2,3.0063041666667516
2011-11-14,4,2,72.20690000000013,2,50.0,18.051725000000033
2023-06-19,10,3,73.06900000000019,7,30.0,7.306900000000018
2023-11-13,1,1,73.52999999999997,0,100.0,73.52999999999997
2016-10-31,8,3,73.58300000000077,5,37.5,9.197875000000096
2020-06-08,1,1,74.8109999999997,0,100.0,74.8109999999997
2006-10-02,2,2,74.84100000000001,0,100.0,37.420500000000004
2006-05-08,2,1,74.90260000000035,1,50.0,37.451300000000174
2015-02-16,7,3,75.49559999999883,4,42.9,10.785085714285547
2019-11-04,5,3,76.26840000000084,2,60.0,15.253680000000168
2014-02-10,2,2,76.41689999999949,0,100.0,38.20844999999974
2022-01-24,5,2,76.46199999999976,3,40.0,15.292399999999953
2017-05-01,1,1,76.77900000000022,0,100.0,76.77900000000022
2011-08-29,1,1,77.12880000000018,0,100.0,77.12880000000018
2016-05-23,3,2,78.41539999999986,1,66.7,26.13846666666662
2010-01-18,8,3,79.27150000000142,5,37.5,9.908937500000178
2011-04-04,5,2,80.87919999999917,3,40.0,16.175839999999834
2024-10-14,2,1,81.03379999999925,1,50.0,40.51689999999962
2024-05-13,2,1,81.24899999999934,1,50.0,40.62449999999967
2025-04-28,1,1,81.6599999999994,0,100.0,81.6599999999994
2014-05-26,20,9,81.74559999999747,11,45.0,4.087279999999874
2010-10-04,13,4,83.66199999999776,9,30.8,6.43553846153829
2019-08-05,1,1,84.47100000000046,0,100.0,84.47100000000046
2009-10-05,3,2,84.98819999999955,1,66.7,28.32939999999985
2021-05-03,1,1,85.0799999999997,0,100.0,85.0799999999997
2023-07-10,2,1,85.33699999999976,1,50.0,42.66849999999988
2025-11-24,1,1,87.18909999999869,0,100.0,87.18909999999869
2009-08-31,3,2,88.14239999999938,1,66.7,29.380799999999795
2008-01-07,6,3,89.0622000000003,3,50.0,14.84370000000005
2012-06-18,4,2,89.5918000000006,2,50.0,22.39795000000015
2015-05-11,3,2,90.7352999999996,1,66.7,30.245099999999866
2021-09-06,11,4,92.40369999999939,7,36.4,8.400336363636308
2022-11-07,5,3,93.12709999999925,2,60.0,18.62541999999985
2024-05-06,1,1,94.89299999999957,0,100.0,94.89299999999957
2011-07-04,8,4,96.50639999999726,4,50.0,12.063299999999657
2010-12-27,2,2,96.65700000000083,0,100.0,48.32850000000042
2021-08-02,4,2,96.952,2,50.0,24.238
2013-05-13,6,3,97.9489999999987,3,50.0,16.324833333333117
2016-02-08,1,1,98.49600000000032,0,100.0,98.49600000000032
2023-01-30,4,2,98.72200000000043,2,50.0,24.68050000000011
2012-03-12,2,1,100.08000000000061,1,50.0,50.040000000000305
2023-11-27,2,2,100.5900000000006,0,100.0,50.2950000000003
2006-07-10,2,2,101.19600000000025,0,100.0,50.59800000000013
2021-02-15,8,3,101.50000000000045,5,37.5,12.687500000000057
2020-06-01,7,3,102.97400000000084,4,42.9,14.71057142857155
2023-11-06,1,1,103.38000000000011,0,100.0,103.38000000000011
2009-02-09,1,1,104.00999999999988,0,100.0,104.00999999999988
2009-11-30,1,1,104.62199999999939,0,100.0,104.62199999999939
2011-12-12,1,1,104.65699999999993,0,100.0,104.65699999999993
2024-03-18,1,1,104.82000000000016,0,100.0,104.82000000000016
2017-04-10,3,2,106.2530999999999,1,66.7,35.41769999999997
2013-04-01,8,4,106.8365000000017,4,50.0,13.354562500000213
2008-04-28,5,3,107.16660000000047,2,60.0,21.433320000000094
2010-05-17,2,1,107.6329000000012,1,50.0,53.8164500000006
2025-06-09,2,1,107.64079999999967,1,50.0,53.820399999999836
2008-09-15,2,1,108.00889999999981,1,50.0,54.004449999999906
2023-10-16,3,2,108.2859999999996,1,66.7,36.0953333333332
2012-01-02,18,6,108.55579999999941,12,33.3,6.030877777777745
2020-02-24,1,1,108.79089999999997,0,100.0,108.79089999999997
2022-09-12,2,1,109.13690000000065,1,50.0,54.568450000000325
2009-02-16,5,3,109.36739999999963,2,60.0,21.873479999999926
2025-01-27,1,1,109.64999999999918,0,100.0,109.64999999999918
2011-12-26,11,5,109.65800000000127,6,45.5,9.968909090909206
2013-06-17,2,2,110.2207999999996,0,100.0,55.1103999999998
2007-11-26,2,2,110.41500000000019,0,100.0,55.207500000000095
2008-02-18,5,3,112.11359999999968,2,60.0,22.422719999999934
2012-01-09,1,1,112.55400000000009,0,100.0,112.55400000000009
2012-02-20,5,3,113.25810000000001,2,60.0,22.65162
2008-08-04,1,1,113.25900000000013,0,100.0,113.25900000000013
2019-06-17,3,2,113.2830000000015,1,66.7,37.7610000000005
2023-05-15,3,2,113.51959999999963,1,66.7,37.839866666666545
2010-11-29,2,2,113.76599999999871,0,100.0,56.882999999999356
2012-07-23,1,1,114.69599999999991,0,100.0,114.69599999999991
2013-06-24,2,1,118.26430000000028,1,50.0,59.13215000000014
2016-04-25,2,2,118.71800000000007,0,100.0,59.35900000000004
2012-11-05,3,2,118.78640000000019,1,66.7,39.59546666666673
2020-02-17,3,3,119.106,0,100.0,39.702
2024-11-11,1,1,119.16899999999987,0,100.0,119.16899999999987
2024-07-01,1,1,119.95799999999963,0,100.0,119.95799999999963
2010-05-10,1,1,121.96199999999999,0,100.0,121.96199999999999
2006-06-12,3,3,122.1746000000004,0,100.0,40.7248666666668
2022-05-09,1,1,122.47199999999953,0,100.0,122.47199999999953
2020-12-14,1,1,123.90000000000055,0,100.0,123.90000000000055
2025-03-17,1,1,124.14000000000033,0,100.0,124.14000000000033
2022-07-04,2,2,124.34400000000096,0,100.0,62.17200000000048
2015-11-02,2,2,125.27999999999997,0,100.0,62.639999999999986
2012-05-07,2,2,126.88800000000015,0,100.0,63.444000000000074
2025-09-01,2,1,127.27279999999928,1,50.0,63.63639999999964
2025-12-22,1,1,128.55609999999797,0,100.0,128.55609999999797
2025-01-06,1,1,128.80799999999908,0,100.0,128.80799999999908
2014-10-27,8,4,129.62459999999874,4,50.0,16.203074999999842
2011-10-24,2,2,130.5259999999996,0,100.0,65.2629999999998
2011-05-02,1,1,130.61400000000003,0,100.0,130.61400000000003
2020-08-03,1,1,131.08199999999988,0,100.0,131.08199999999988
2023-03-13,1,1,131.39999999999986,0,100.0,131.39999999999986
2024-04-01,2,1,132.31299999999828,1,50.0,66.15649999999914
2024-09-09,2,2,132.84799999999905,0,100.0,66.42399999999952
2022-04-18,1,1,132.87600000000043,0,100.0,132.87600000000043
2013-04-08,4,2,133.68910000000028,2,50.0,33.42227500000007
2011-01-03,2,2,133.71599999999762,0,100.0,66.85799999999881
2025-02-03,1,1,136.3199999999988,0,100.0,136.3199999999988
2021-02-01,1,1,136.46400000000017,0,100.0,136.46400000000017
2011-08-01,1,1,137.91000000000076,0,100.0,137.91000000000076
2008-03-17,1,1,138.58089999999993,0,100.0,138.58089999999993
2013-07-08,1,1,138.89999999999918,0,100.0,138.89999999999918
2020-11-30,1,1,139.2180000000012,0,100.0,139.2180000000012
2008-12-08,1,1,139.48800000000028,0,100.0,139.48800000000028
2020-07-20,4,2,139.74620000000095,2,50.0,34.93655000000024
2025-03-10,1,1,141.29300000000012,0,100.0,141.29300000000012
2025-08-25,2,2,141.74999999999955,0,100.0,70.87499999999977
2023-09-25,2,2,144.8400000000006,0,100.0,72.4200000000003
2023-10-09,3,2,144.93900000000008,1,66.7,48.313000000000024
2025-01-20,1,1,146.08200000000124,0,100.0,146.08200000000124
2020-11-23,1,1,146.18700000000013,0,100.0,146.18700000000013
2025-03-24,1,1,150.08099999999877,0,100.0,150.08099999999877
2013-09-09,5,3,152.66180000000213,2,60.0,30.532360000000427
2008-10-20,1,1,153.16200000000026,0,100.0,153.16200000000026
2012-08-20,2,2,153.49199999999928,0,100.0,76.74599999999964
2022-02-21,1,1,159.41999999999962,0,100.0,159.41999999999962
2016-10-03,3,3,161.51160000000027,0,100.0,53.83720000000009
2025-02-24,2,1,164.3760000000002,1,50.0,82.1880000000001
2020-03-23,1,1,165.26999999999975,0,100.0,165.26999999999975
2024-03-25,4,2,166.78999999999905,2,50.0,41.69749999999976
2020-03-09,1,1,168.93200000000024,0,100.0,168.93200000000024
2024-03-04,1,1,168.95999999999913,0,100.0,168.95999999999913
2026-01-19,1,1,173.3399999999965,0,100.0,173.3399999999965
2023-05-01,1,1,173.5380000000007,0,100.0,173.5380000000007
2011-10-17,1,1,174.4980000000005,0,100.0,174.4980000000005
2021-06-14,1,1,175.79999999999973,0,100.0,175.79999999999973
2020-03-02,1,1,176.6579999999999,0,100.0,176.6579999999999
2024-05-20,1,1,177.29999999999973,0,100.0,177.29999999999973
2026-03-16,2,1,182.4900000000007,1,50.0,91.24500000000035
2020-08-10,1,1,183.25800000000004,0,100.0,183.25800000000004
2025-06-23,1,1,191.48999999999978,0,100.0,191.48999999999978
2024-07-29,1,1,197.26199999999972,0,100.0,197.26199999999972
2025-05-26,1,1,199.8000000000011,0,100.0,199.8000000000011
2011-08-08,1,1,243.7620000000004,0,100.0,243.7620000000004
2011-08-15,1,1,250.50600000000054,0,100.0,250.50600000000054
2025-05-19,1,1,259.20000000000164,0,100.0,259.20000000000164
2025-10-20,1,1,262.6199999999999,0,100.0,262.6199999999999
2024-11-18,1,1,271.3199999999988,0,100.0,271.3199999999988
2026-03-02,1,1,301.04999999999836,0,100.0,301.04999999999836
2025-04-14,1,1,313.1999999999989,0,100.0,313.1999999999989
2011-08-22,1,1,323.20199999999977,0,100.0,323.20199999999977
2011-09-19,1,1,338.71799999999985,0,100.0,338.71799999999985
2025-10-13,1,1,397.5660999999982,0,100.0,397.5660999999982
2025-04-07,1,1,540.3300000000004,0,100.0,540.3300000000004
2026-01-26,1,1,726.4799999999996,0,100.0,726.4799999999996
