day,merge,side,entry_ts_banked,entry_ts_touch,entry_delay_min,net_usd_banked,net_usd_touch,pnl_delta,gate_hourly,gate_1m,gate_delay_min,arm_lag_hourly_min,optimistic_window_span_min,optimistic_window_into_min,optimistic_window_frac,lookahead_victim,timing_valid,banked_win,touch_win
2021-03-04,both,long,2021-03-04T11:02:00-05:00,2021-03-04T11:02:00-05:00,0.00,-11682.50,-11682.50,0.00,2021-03-04T11:00:00-05:00,2021-03-04T11:02:00-05:00,2.00,2.00,2.00,2.00,1.0000,true,false,false,false
2021-03-05,both,long,2021-03-05T14:30:00-05:00,2021-03-05T14:35:00-05:00,5.00,5442.50,2367.50,-3075.00,2021-03-05T14:00:00-05:00,2021-03-05T14:33:00-05:00,33.00,30.00,33.00,30.00,0.9091,true,false,true,true
2021-03-09,both,long,2021-03-09T09:49:00-05:00,2021-03-09T09:49:00-05:00,0.00,11902.50,11902.50,0.00,2021-03-09T09:00:00-05:00,2021-03-09T09:37:00-05:00,37.00,49.00,37.00,49.00,1.3243,false,true,true,true
2021-03-15,both,long,2021-03-15T14:02:00-04:00,2021-03-15T14:19:00-04:00,17.00,6647.50,5822.50,-825.00,2021-03-15T14:00:00-04:00,2021-03-15T14:17:00-04:00,17.00,2.00,17.00,2.00,0.1176,true,false,true,true
2021-03-16,both,short,2021-03-16T14:25:00-04:00,2021-03-16T14:28:00-04:00,3.00,-757.50,-2457.50,-1700.00,2021-03-16T14:00:00-04:00,2021-03-16T14:26:00-04:00,26.00,25.00,26.00,25.00,0.9615,true,false,false,false
2021-03-17,both,long,2021-03-17T14:02:00-04:00,2021-03-17T14:13:00-04:00,11.00,11602.50,3027.50,-8575.00,2021-03-17T14:00:00-04:00,2021-03-17T14:11:00-04:00,11.00,2.00,11.00,2.00,0.1818,true,false,true,true
2021-03-18,both,short,2021-03-18T09:45:00-04:00,2021-03-18T09:45:00-04:00,0.00,1087.50,1087.50,0.00,2021-03-18T04:00:00-04:00,2021-03-18T04:00:00-04:00,0.00,345.00,0.00,345.00,,false,true,true,true
2021-03-22,both,long,2021-03-22T09:50:00-04:00,2021-03-22T09:50:00-04:00,0.00,8482.50,8482.50,0.00,2021-03-22T07:00:00-04:00,2021-03-22T07:29:00-04:00,29.00,170.00,29.00,170.00,5.8621,false,true,true,true
2021-03-23,both,short,2021-03-23T15:02:00-04:00,2021-03-23T15:37:00-04:00,35.00,2652.50,-797.50,-3450.00,2021-03-23T15:00:00-04:00,2021-03-23T15:35:00-04:00,35.00,2.00,35.00,2.00,0.0571,true,false,true,false
2021-03-24,both,short,2021-03-24T09:48:00-04:00,2021-03-24T09:48:00-04:00,0.00,16837.50,16837.50,0.00,2021-03-24T09:00:00-04:00,2021-03-24T09:41:00-04:00,41.00,48.00,41.00,48.00,1.1707,false,true,true,true
2021-03-26,both,long,2021-03-26T09:47:00-04:00,2021-03-26T09:47:00-04:00,0.00,-6832.50,-6832.50,0.00,2021-03-26T01:00:00-04:00,2021-03-26T01:56:00-04:00,56.00,527.00,56.00,527.00,9.4107,false,true,false,false
2021-04-14,both,short,2021-04-14T10:02:00-04:00,2021-04-14T10:16:00-04:00,14.00,10702.50,10702.50,0.00,2021-04-14T10:00:00-04:00,2021-04-14T10:02:00-04:00,2.00,2.00,2.00,2.00,1.0000,true,false,true,true
2021-04-16,both,short,2021-04-16T09:45:00-04:00,2021-04-16T09:57:00-04:00,12.00,-6632.50,-7582.50,-950.00,2021-04-16T09:00:00-04:00,2021-04-16T09:55:00-04:00,55.00,45.00,55.00,45.00,0.8182,true,false,false,false
2021-04-19,both,short,2021-04-19T10:05:00-04:00,2021-04-19T10:05:00-04:00,0.00,6457.50,6457.50,0.00,2021-04-19T08:00:00-04:00,2021-04-19T08:16:00-04:00,16.00,125.00,16.00,125.00,7.8125,false,true,true,true
2021-04-22,both,short,2021-04-22T13:07:00-04:00,2021-04-22T13:14:00-04:00,7.00,-5282.50,7917.50,13200.00,2021-04-22T13:00:00-04:00,2021-04-22T13:12:00-04:00,12.00,7.00,12.00,7.00,0.5833,true,false,false,true
2021-04-27,both,short,2021-04-27T09:45:00-04:00,2021-04-27T09:49:00-04:00,4.00,3692.50,2392.50,-1300.00,2021-04-27T09:00:00-04:00,2021-04-27T09:47:00-04:00,47.00,45.00,47.00,45.00,0.9574,true,false,true,true
2021-04-29,both,short,2021-04-29T09:45:00-04:00,2021-04-29T09:57:00-04:00,12.00,6247.50,1672.50,-4575.00,2021-04-29T09:00:00-04:00,2021-04-29T09:55:00-04:00,55.00,45.00,55.00,45.00,0.8182,true,false,true,true
2021-05-06,both,long,2021-05-06T12:02:00-04:00,2021-05-06T12:34:00-04:00,32.00,5287.50,987.50,-4300.00,2021-05-06T12:00:00-04:00,2021-05-06T12:32:00-04:00,32.00,2.00,32.00,2.00,0.0625,true,false,true,true
2021-05-11,both,long,2021-05-11T11:16:00-04:00,2021-05-11T11:27:00-04:00,11.00,12117.50,3492.50,-8625.00,2021-05-11T11:00:00-04:00,2021-05-11T11:25:00-04:00,25.00,16.00,25.00,16.00,0.6400,true,false,true,true
2021-05-13,both,long,2021-05-13T10:00:00-04:00,2021-05-13T10:00:00-04:00,0.00,-5882.50,-5882.50,0.00,2021-05-13T09:00:00-04:00,2021-05-13T09:21:00-04:00,21.00,60.00,21.00,60.00,2.8571,false,true,false,false
2021-05-18,both,long,2021-05-18T10:17:00-04:00,2021-05-18T10:17:00-04:00,0.00,-4982.50,-4982.50,0.00,2021-05-18T01:00:00-04:00,2021-05-18T01:21:00-04:00,21.00,557.00,21.00,557.00,26.5238,false,true,false,false
2021-05-19,both,long,2021-05-19T12:02:00-04:00,2021-05-19T12:18:00-04:00,16.00,9182.50,5282.50,-3900.00,2021-05-19T12:00:00-04:00,2021-05-19T12:16:00-04:00,16.00,2.00,16.00,2.00,0.1250,true,false,true,true
2021-05-24,both,long,2021-05-24T10:00:00-04:00,2021-05-24T10:00:00-04:00,0.00,6032.50,6032.50,0.00,2021-05-24T08:00:00-04:00,2021-05-24T08:25:00-04:00,25.00,120.00,25.00,120.00,4.8000,false,true,true,true
2021-06-01,both,short,2021-06-01T10:02:00-04:00,2021-06-01T10:14:00-04:00,12.00,5122.50,467.50,-4655.00,2021-06-01T10:00:00-04:00,2021-06-01T10:12:00-04:00,12.00,2.00,12.00,2.00,0.1667,true,false,true,true
2021-06-02,both,long,2021-06-02T10:09:00-04:00,2021-06-02T10:43:00-04:00,34.00,-3732.50,-5607.50,-1875.00,2021-06-02T10:00:00-04:00,2021-06-02T10:41:00-04:00,41.00,9.00,41.00,9.00,0.2195,true,false,false,false
2021-06-04,both,long,2021-06-04T09:45:00-04:00,2021-06-04T09:45:00-04:00,0.00,8142.50,8142.50,0.00,2021-06-04T09:00:00-04:00,2021-06-04T09:03:00-04:00,3.00,45.00,3.00,45.00,15.0000,false,true,true,true
2021-06-08,both,short,2021-06-08T11:02:00-04:00,2021-06-08T11:06:00-04:00,4.00,2222.50,47.50,-2175.00,2021-06-08T11:00:00-04:00,2021-06-08T11:04:00-04:00,4.00,2.00,4.00,2.00,0.5000,true,false,true,true
2021-06-15,both,short,2021-06-15T10:25:00-04:00,2021-06-15T10:25:00-04:00,0.00,3807.50,3807.50,0.00,2021-06-15T09:00:00-04:00,2021-06-15T09:31:00-04:00,31.00,85.00,31.00,85.00,2.7419,false,true,true,true
2021-06-18,both,short,2021-06-18T11:12:00-04:00,2021-06-18T11:12:00-04:00,0.00,167.50,167.50,0.00,2021-06-18T10:00:00-04:00,2021-06-18T10:01:00-04:00,1.00,72.00,1.00,72.00,72.0000,false,true,true,true
2021-06-25,both,short,2021-06-25T10:02:00-04:00,2021-06-25T10:14:00-04:00,12.00,-2552.50,-2727.50,-175.00,2021-06-25T10:00:00-04:00,2021-06-25T10:12:00-04:00,12.00,2.00,12.00,2.00,0.1667,true,false,false,false
2021-06-30,both,short,2021-06-30T09:58:00-04:00,2021-06-30T12:28:00-04:00,150.00,-4582.50,-4582.50,0.00,2021-06-30T09:00:00-04:00,2021-06-30T09:58:00-04:00,58.00,58.00,58.00,58.00,1.0000,true,false,false,false
2021-07-06,both,short,2021-07-06T12:02:00-04:00,2021-07-06T12:09:00-04:00,7.00,-737.50,-2757.50,-2020.00,2021-07-06T12:00:00-04:00,2021-07-06T12:07:00-04:00,7.00,2.00,7.00,2.00,0.2857,true,false,false,false
2021-07-07,both,short,2021-07-07T10:03:00-04:00,2021-07-07T10:35:00-04:00,32.00,1242.50,-1982.50,-3225.00,2021-07-07T10:00:00-04:00,2021-07-07T10:33:00-04:00,33.00,3.00,33.00,3.00,0.0909,true,false,true,false
2021-07-13,both,short,2021-07-13T14:03:00-04:00,2021-07-13T14:03:00-04:00,0.00,-4032.50,-4032.50,0.00,2021-07-13T14:00:00-04:00,2021-07-13T14:00:00-04:00,0.00,3.00,0.00,3.00,,false,true,false,false
2021-07-15,both,short,2021-07-15T10:28:00-04:00,2021-07-15T10:28:00-04:00,0.00,417.50,417.50,0.00,2021-07-15T10:00:00-04:00,2021-07-15T10:17:00-04:00,17.00,28.00,17.00,28.00,1.6471,false,true,true,true
2021-07-27,both,short,2021-07-27T09:58:00-04:00,2021-07-27T10:00:00-04:00,2.00,9307.50,8582.50,-725.00,2021-07-27T09:00:00-04:00,2021-07-27T09:58:00-04:00,58.00,58.00,58.00,58.00,1.0000,true,false,true,true
2021-08-02,both,short,2021-08-02T09:45:00-04:00,2021-08-02T09:49:00-04:00,4.00,-9482.50,-9482.50,0.00,2021-08-02T09:00:00-04:00,2021-08-02T09:44:00-04:00,44.00,45.00,44.00,45.00,1.0227,false,true,false,false
2021-08-03,both,long,2021-08-03T11:56:00-04:00,2021-08-03T11:59:00-04:00,3.00,4472.50,3422.50,-1050.00,2021-08-03T11:00:00-04:00,2021-08-03T11:57:00-04:00,57.00,56.00,57.00,56.00,0.9825,true,false,true,true
2021-08-06,both,short,2021-08-06T09:46:00-04:00,2021-08-06T09:46:00-04:00,0.00,827.50,827.50,0.00,2021-08-06T08:00:00-04:00,2021-08-06T08:34:00-04:00,34.00,106.00,34.00,106.00,3.1176,false,true,true,true
2021-08-10,both,short,2021-08-10T10:18:00-04:00,2021-08-10T10:32:00-04:00,14.00,6352.50,1977.50,-4375.00,2021-08-10T10:00:00-04:00,2021-08-10T10:30:00-04:00,30.00,18.00,30.00,18.00,0.6000,true,false,true,true
2021-08-11,both,short,2021-08-11T11:02:00-04:00,2021-08-11T11:05:00-04:00,3.00,-1172.50,-3047.50,-1875.00,2021-08-11T11:00:00-04:00,2021-08-11T11:03:00-04:00,3.00,2.00,3.00,2.00,0.6667,true,false,false,false
2021-08-16,both,short,2021-08-16T09:47:00-04:00,2021-08-16T09:52:00-04:00,5.00,2062.50,-387.50,-2450.00,2021-08-16T09:00:00-04:00,2021-08-16T09:50:00-04:00,50.00,47.00,50.00,47.00,0.9400,true,false,true,false
2021-08-17,both,short,2021-08-17T09:55:00-04:00,2021-08-17T09:55:00-04:00,0.00,-6907.50,-6907.50,0.00,2021-08-17T08:00:00-04:00,2021-08-17T08:35:00-04:00,35.00,115.00,35.00,115.00,3.2857,false,true,false,false
2021-08-19,both,long,2021-08-19T10:02:00-04:00,2021-08-19T10:03:00-04:00,1.00,8817.50,9817.50,1000.00,2021-08-19T10:00:00-04:00,2021-08-19T10:01:00-04:00,1.00,2.00,1.00,2.00,2.0000,false,true,true,true
2021-08-31,both,short,2021-08-31T09:54:00-04:00,2021-08-31T09:54:00-04:00,0.00,-5432.50,-5432.50,0.00,2021-08-31T06:00:00-04:00,2021-08-31T06:46:00-04:00,46.00,234.00,46.00,234.00,5.0870,false,true,false,false
2021-09-02,both,short,2021-09-02T12:02:00-04:00,2021-09-02T12:51:00-04:00,49.00,2172.50,222.50,-1950.00,2021-09-02T12:00:00-04:00,2021-09-02T12:49:00-04:00,49.00,2.00,49.00,2.00,0.0408,true,false,true,true
2021-09-07,both,short,2021-09-07T09:51:00-04:00,2021-09-07T09:51:00-04:00,0.00,-4432.50,-4432.50,0.00,2021-09-07T04:00:00-04:00,2021-09-07T04:10:00-04:00,10.00,351.00,10.00,351.00,35.1000,false,true,false,false
2021-09-08,both,short,2021-09-08T09:57:00-04:00,2021-09-08T09:57:00-04:00,0.00,977.50,977.50,0.00,2021-09-08T03:00:00-04:00,2021-09-08T03:14:00-04:00,14.00,417.00,14.00,417.00,29.7857,false,true,true,true
2021-09-09,both,short,2021-09-09T13:19:00-04:00,2021-09-09T13:40:00-04:00,21.00,5507.50,-92.50,-5600.00,2021-09-09T13:00:00-04:00,2021-09-09T13:38:00-04:00,38.00,19.00,38.00,19.00,0.5000,true,false,true,false
2021-09-15,both,long,2021-09-15T13:02:00-04:00,2021-09-15T13:33:00-04:00,31.00,5942.50,4742.50,-1200.00,2021-09-15T13:00:00-04:00,2021-09-15T13:31:00-04:00,31.00,2.00,31.00,2.00,0.0645,true,false,true,true
2021-09-16,both,long,2021-09-16T14:10:00-04:00,2021-09-16T14:12:00-04:00,2.00,4077.50,2702.50,-1375.00,2021-09-16T14:00:00-04:00,2021-09-16T14:10:00-04:00,10.00,10.00,10.00,10.00,1.0000,true,false,true,true
2021-09-22,both,long,2021-09-22T10:02:00-04:00,2021-09-22T10:28:00-04:00,26.00,5897.50,3297.50,-2600.00,2021-09-22T10:00:00-04:00,2021-09-22T10:26:00-04:00,26.00,2.00,26.00,2.00,0.0769,true,false,true,true
2021-09-24,both,long,2021-09-24T15:02:00-04:00,2021-09-24T15:24:00-04:00,22.00,1772.50,-252.50,-2025.00,2021-09-24T15:00:00-04:00,2021-09-24T15:22:00-04:00,22.00,2.00,22.00,2.00,0.0909,true,false,true,false
2021-10-04,both,short,2021-10-04T09:45:00-04:00,2021-10-04T09:45:00-04:00,0.00,12257.50,12257.50,0.00,2021-10-04T09:00:00-04:00,2021-10-04T09:40:00-04:00,40.00,45.00,40.00,45.00,1.1250,false,true,true,true
2021-10-05,both,long,2021-10-05T10:02:00-04:00,2021-10-05T10:13:00-04:00,11.00,7137.50,4462.50,-2675.00,2021-10-05T10:00:00-04:00,2021-10-05T10:11:00-04:00,11.00,2.00,11.00,2.00,0.1818,true,false,true,true
2021-10-06,both,long,2021-10-06T10:22:00-04:00,2021-10-06T10:22:00-04:00,0.00,11442.50,11442.50,0.00,2021-10-06T10:00:00-04:00,2021-10-06T10:21:00-04:00,21.00,22.00,21.00,22.00,1.0476,false,true,true,true
2021-10-08,both,short,2021-10-08T10:40:00-04:00,2021-10-08T10:43:00-04:00,3.00,3592.50,792.50,-2800.00,2021-10-08T10:00:00-04:00,2021-10-08T10:41:00-04:00,41.00,40.00,41.00,40.00,0.9756,true,false,true,true
2021-10-11,left_only,short,2021-10-11T15:51:00-04:00,,,2117.50,,,2021-10-11T15:00:00-04:00,2021-10-11T15:58:00-04:00,58.00,51.00,58.00,51.00,0.8793,true,false,true,
2021-10-13,both,long,2021-10-13T14:01:00-04:00,2021-10-13T14:01:00-04:00,0.00,-1357.50,-1357.50,0.00,2021-10-13T13:00:00-04:00,2021-10-13T13:30:00-04:00,30.00,61.00,30.00,61.00,2.0333,false,true,false,false
2021-10-20,both,short,2021-10-20T13:02:00-04:00,2021-10-20T13:20:00-04:00,18.00,1347.50,-2547.50,-3895.00,2021-10-20T13:00:00-04:00,2021-10-20T13:18:00-04:00,18.00,2.00,18.00,2.00,0.1111,true,false,true,false
2021-10-22,both,short,2021-10-22T11:02:00-04:00,2021-10-22T11:18:00-04:00,16.00,6877.50,2127.50,-4750.00,2021-10-22T11:00:00-04:00,2021-10-22T11:16:00-04:00,16.00,2.00,16.00,2.00,0.1250,true,false,true,true
2021-10-26,both,short,2021-10-26T12:02:00-04:00,2021-10-26T12:07:00-04:00,5.00,3392.50,2342.50,-1050.00,2021-10-26T12:00:00-04:00,2021-10-26T12:05:00-04:00,5.00,2.00,5.00,2.00,0.4000,true,false,true,true
2021-11-02,both,long,2021-11-02T09:45:00-04:00,2021-11-02T09:45:00-04:00,0.00,1192.50,1192.50,0.00,2021-11-02T09:00:00-04:00,2021-11-02T09:36:00-04:00,36.00,45.00,36.00,45.00,1.2500,false,true,true,true
2021-11-05,both,short,2021-11-05T13:02:00-04:00,2021-11-05T13:29:00-04:00,27.00,2932.50,-3967.50,-6900.00,2021-11-05T13:00:00-04:00,2021-11-05T13:27:00-04:00,27.00,2.00,27.00,2.00,0.0741,true,false,true,false
2021-11-15,both,short,2021-11-15T10:02:00-05:00,2021-11-15T10:17:00-05:00,15.00,3862.50,762.50,-3100.00,2021-11-15T10:00:00-05:00,2021-11-15T10:15:00-05:00,15.00,2.00,15.00,2.00,0.1333,true,false,true,true
2021-11-18,both,short,2021-11-18T10:10:00-05:00,2021-11-18T10:21:00-05:00,11.00,902.50,-7807.50,-8710.00,2021-11-18T10:00:00-05:00,2021-11-18T10:19:00-05:00,19.00,10.00,19.00,10.00,0.5263,true,false,true,false
2021-11-22,both,short,2021-11-22T11:12:00-05:00,2021-11-22T11:24:00-05:00,12.00,19597.50,19047.50,-550.00,2021-11-22T11:00:00-05:00,2021-11-22T11:22:00-05:00,22.00,12.00,22.00,12.00,0.5455,true,false,true,true
2021-11-30,both,short,2021-11-30T10:46:00-05:00,2021-11-30T10:46:00-05:00,0.00,13312.50,13312.50,0.00,2021-11-30T10:00:00-05:00,2021-11-30T10:49:00-05:00,49.00,46.00,49.00,46.00,0.9388,true,false,true,true
2021-12-01,both,short,2021-12-01T13:02:00-05:00,2021-12-01T13:10:00-05:00,8.00,28642.50,23767.50,-4875.00,2021-12-01T13:00:00-05:00,2021-12-01T13:08:00-05:00,8.00,2.00,8.00,2.00,0.2500,true,false,true,true
2021-12-02,both,long,2021-12-02T15:02:00-05:00,2021-12-02T15:44:00-05:00,42.00,-2857.50,-6432.50,-3575.00,2021-12-02T15:00:00-05:00,2021-12-02T15:42:00-05:00,42.00,2.00,42.00,2.00,0.0476,true,false,false,false
2021-12-06,both,long,2021-12-06T14:02:00-05:00,2021-12-06T14:04:00-05:00,2.00,-3632.50,-4757.50,-1125.00,2021-12-06T14:00:00-05:00,2021-12-06T14:02:00-05:00,2.00,2.00,2.00,2.00,1.0000,true,false,false,false
2021-12-09,both,short,2021-12-09T10:07:00-05:00,2021-12-09T10:34:00-05:00,27.00,1477.50,-4097.50,-5575.00,2021-12-09T10:00:00-05:00,2021-12-09T10:32:00-05:00,32.00,7.00,32.00,7.00,0.2188,true,false,true,false
2021-12-13,both,short,2021-12-13T09:53:00-05:00,2021-12-13T09:53:00-05:00,0.00,15022.50,15022.50,0.00,2021-12-13T09:00:00-05:00,2021-12-13T09:33:00-05:00,33.00,53.00,33.00,53.00,1.6061,false,true,true,true
2021-12-15,both,long,2021-12-15T14:05:00-05:00,2021-12-15T14:05:00-05:00,0.00,1282.50,1282.50,0.00,2021-12-15T14:00:00-05:00,2021-12-15T14:11:00-05:00,11.00,5.00,11.00,5.00,0.4545,true,false,true,true
2021-12-16,both,short,2021-12-16T09:52:00-05:00,2021-12-16T09:52:00-05:00,0.00,28687.50,28687.50,0.00,2021-12-16T09:00:00-05:00,2021-12-16T09:40:00-05:00,40.00,52.00,40.00,52.00,1.3000,false,true,true,true
2021-12-17,both,long,2021-12-17T11:02:00-05:00,2021-12-17T11:14:00-05:00,12.00,-7097.50,-13672.50,-6575.00,2021-12-17T11:00:00-05:00,2021-12-17T11:12:00-05:00,12.00,2.00,12.00,2.00,0.1667,true,false,false,false
2021-12-28,both,short,2021-12-28T10:09:00-05:00,2021-12-28T10:09:00-05:00,0.00,2517.50,2517.50,0.00,2021-12-28T10:00:00-05:00,2021-12-28T10:07:00-05:00,7.00,9.00,7.00,9.00,1.2857,false,true,true,true
2022-01-04,both,short,2022-01-04T09:50:00-05:00,2022-01-04T09:56:00-05:00,6.00,14257.50,13632.50,-625.00,2022-01-04T09:00:00-05:00,2022-01-04T09:54:00-05:00,54.00,50.00,54.00,50.00,0.9259,true,false,true,true
2022-01-06,both,long,2022-01-06T11:09:00-05:00,2022-01-06T11:16:00-05:00,7.00,-9357.50,-13182.50,-3825.00,2022-01-06T11:00:00-05:00,2022-01-06T11:14:00-05:00,14.00,9.00,14.00,9.00,0.6429,true,false,false,false
2022-01-10,both,long,2022-01-10T14:02:00-05:00,2022-01-10T14:09:00-05:00,7.00,15532.50,12757.50,-2775.00,2022-01-10T14:00:00-05:00,2022-01-10T14:07:00-05:00,7.00,2.00,7.00,2.00,0.2857,true,false,true,true
2022-01-14,both,long,2022-01-14T09:45:00-05:00,2022-01-14T09:57:00-05:00,12.00,5567.50,1392.50,-4175.00,2022-01-14T09:00:00-05:00,2022-01-14T09:55:00-05:00,55.00,45.00,55.00,45.00,0.8182,true,false,true,true
2022-01-19,both,long,2022-01-19T09:46:00-05:00,2022-01-19T09:46:00-05:00,0.00,-8932.50,-8932.50,0.00,2022-01-19T06:00:00-05:00,2022-01-19T06:00:00-05:00,0.00,226.00,0.00,226.00,,false,true,false,false
2022-01-20,both,long,2022-01-20T10:02:00-05:00,2022-01-20T10:33:00-05:00,31.00,-12632.50,-15532.50,-2900.00,2022-01-20T10:00:00-05:00,2022-01-20T10:31:00-05:00,31.00,2.00,31.00,2.00,0.0645,true,false,false,false
2022-01-24,both,long,2022-01-24T15:15:00-05:00,2022-01-24T15:15:00-05:00,0.00,21762.50,21762.50,0.00,2022-01-24T15:00:00-05:00,2022-01-24T15:11:00-05:00,11.00,15.00,11.00,15.00,1.3636,false,true,true,true
2022-01-26,both,long,2022-01-26T10:03:00-05:00,2022-01-26T10:03:00-05:00,0.00,-14882.50,-14882.50,0.00,2022-01-26T10:00:00-05:00,2022-01-26T10:03:00-05:00,3.00,3.00,3.00,3.00,1.0000,true,false,false,false
2022-01-27,both,long,2022-01-27T09:45:00-05:00,2022-01-27T09:45:00-05:00,0.00,-12307.50,-12307.50,0.00,2022-01-27T09:00:00-05:00,2022-01-27T09:14:00-05:00,14.00,45.00,14.00,45.00,3.2143,false,true,false,false
2022-01-28,both,long,2022-01-28T11:02:00-05:00,2022-01-28T11:58:00-05:00,56.00,2507.50,-14492.50,-17000.00,2022-01-28T11:00:00-05:00,2022-01-28T11:56:00-05:00,56.00,2.00,56.00,2.00,0.0357,true,false,true,false
2022-02-02,both,short,2022-02-02T09:46:00-05:00,2022-02-02T09:48:00-05:00,2.00,2217.50,1642.50,-575.00,2022-02-02T09:00:00-05:00,2022-02-02T09:46:00-05:00,46.00,46.00,46.00,46.00,1.0000,true,false,true,true
2022-02-04,both,long,2022-02-04T15:02:00-05:00,2022-02-04T15:13:00-05:00,11.00,-9042.50,-12517.50,-3475.00,2022-02-04T15:00:00-05:00,2022-02-04T15:11:00-05:00,11.00,2.00,11.00,2.00,0.1818,true,false,false,false
2022-09-19,both,long,2022-09-19T10:06:00-04:00,2022-09-19T10:42:00-04:00,36.00,11442.50,5892.50,-5550.00,2022-09-19T10:00:00-04:00,2022-09-19T10:40:00-04:00,40.00,6.00,40.00,6.00,0.1500,true,false,true,true
2022-09-21,both,long,2022-09-21T13:02:00-04:00,2022-09-21T14:34:00-04:00,92.00,1707.50,-6582.50,-8290.00,2022-09-21T13:00:00-04:00,2022-09-21T13:59:00-04:00,59.00,2.00,59.00,2.00,0.0339,true,false,true,false
2022-09-26,both,long,2022-09-26T09:50:00-04:00,2022-09-26T09:50:00-04:00,0.00,-11982.50,-11982.50,0.00,2022-09-26T09:00:00-04:00,2022-09-26T09:41:00-04:00,41.00,50.00,41.00,50.00,1.2195,false,true,false,false
2022-09-28,both,long,2022-09-28T10:20:00-04:00,2022-09-28T10:30:00-04:00,10.00,17167.50,10842.50,-6325.00,2022-09-28T10:00:00-04:00,2022-09-28T10:28:00-04:00,28.00,20.00,28.00,20.00,0.7143,true,false,true,true
2023-02-16,both,short,2023-02-16T15:31:00-05:00,2023-02-16T15:31:00-05:00,0.00,1392.50,1392.50,0.00,2023-02-16T08:00:00-05:00,2023-02-16T08:30:00-05:00,30.00,451.00,30.00,451.00,15.0333,false,true,true,true
2023-02-23,both,short,2023-02-23T10:06:00-05:00,2023-02-23T10:51:00-05:00,45.00,3667.50,-4357.50,-8025.00,2023-02-23T10:00:00-05:00,2023-02-23T10:49:00-05:00,49.00,6.00,49.00,6.00,0.1224,true,false,true,false
2023-02-27,both,long,2023-02-27T09:58:00-05:00,2023-02-27T09:58:00-05:00,0.00,592.50,592.50,0.00,2023-02-27T08:00:00-05:00,2023-02-27T08:35:00-05:00,35.00,118.00,35.00,118.00,3.3714,false,true,true,true
2023-03-02,both,long,2023-03-02T13:02:00-05:00,2023-03-02T13:59:00-05:00,57.00,8397.50,-632.50,-9030.00,2023-03-02T13:00:00-05:00,2023-03-02T13:57:00-05:00,57.00,2.00,57.00,2.00,0.0351,true,false,true,false
2023-03-06,both,short,2023-03-06T15:02:00-05:00,2023-03-06T15:19:00-05:00,17.00,2192.50,917.50,-1275.00,2023-03-06T15:00:00-05:00,2023-03-06T15:17:00-05:00,17.00,2.00,17.00,2.00,0.1176,true,false,true,true
2023-03-09,both,short,2023-03-09T13:02:00-05:00,2023-03-09T13:26:00-05:00,24.00,16627.50,10677.50,-5950.00,2023-03-09T13:00:00-05:00,2023-03-09T13:24:00-05:00,24.00,2.00,24.00,2.00,0.0833,true,false,true,true
2023-03-10,both,long,2023-03-10T11:10:00-05:00,2023-03-10T11:10:00-05:00,0.00,-13407.50,-13407.50,0.00,2023-03-10T11:00:00-05:00,2023-03-10T11:34:00-05:00,34.00,10.00,34.00,10.00,0.2941,true,false,false,false
2023-03-15,both,short,2023-03-15T10:01:00-04:00,2023-03-15T10:01:00-04:00,0.00,-8382.50,-8382.50,0.00,2023-03-15T06:00:00-04:00,2023-03-15T06:37:00-04:00,37.00,241.00,37.00,241.00,6.5135,false,true,false,false
2023-03-17,both,short,2023-03-17T10:24:00-04:00,2023-03-17T10:47:00-04:00,23.00,1362.50,-5987.50,-7350.00,2023-03-17T10:00:00-04:00,2023-03-17T10:45:00-04:00,45.00,24.00,45.00,24.00,0.5333,true,false,true,false
2023-03-22,both,short,2023-03-22T15:08:00-04:00,2023-03-22T15:11:00-04:00,3.00,502.50,-3032.50,-3535.00,2023-03-22T15:00:00-04:00,2023-03-22T15:09:00-04:00,9.00,8.00,9.00,8.00,0.8889,true,false,true,false
2023-03-23,both,short,2023-03-23T14:25:00-04:00,2023-03-23T14:27:00-04:00,2.00,2602.50,2377.50,-225.00,2023-03-23T14:00:00-04:00,2023-03-23T14:25:00-04:00,25.00,25.00,25.00,25.00,1.0000,true,false,true,true
2023-03-27,both,short,2023-03-27T11:02:00-04:00,2023-03-27T11:54:00-04:00,52.00,5572.50,-527.50,-6100.00,2023-03-27T11:00:00-04:00,2023-03-27T11:52:00-04:00,52.00,2.00,52.00,2.00,0.0385,true,false,true,false
2023-04-03,both,long,2023-04-03T15:28:00-04:00,2023-04-03T15:58:00-04:00,30.00,1967.50,-807.50,-2775.00,2023-04-03T15:00:00-04:00,2023-04-03T15:56:00-04:00,56.00,28.00,56.00,28.00,0.5000,true,false,true,false
2023-04-06,both,long,2023-04-06T11:02:00-04:00,2023-04-06T11:42:00-04:00,40.00,10377.50,3477.50,-6900.00,2023-04-06T11:00:00-04:00,2023-04-06T11:40:00-04:00,40.00,2.00,40.00,2.00,0.0500,true,false,true,true
2023-04-10,both,long,2023-04-10T12:27:00-04:00,2023-04-10T12:50:00-04:00,23.00,10182.50,3682.50,-6500.00,2023-04-10T12:00:00-04:00,2023-04-10T12:48:00-04:00,48.00,27.00,48.00,27.00,0.5625,true,false,true,true
2023-04-13,both,long,2023-04-13T10:05:00-04:00,2023-04-13T10:07:00-04:00,2.00,11302.50,10627.50,-675.00,2023-04-13T10:00:00-04:00,2023-04-13T10:05:00-04:00,5.00,5.00,5.00,5.00,1.0000,true,false,true,true
2023-04-18,both,long,2023-04-18T09:47:00-04:00,2023-04-18T09:47:00-04:00,0.00,-2632.50,-2632.50,0.00,2023-04-18T04:00:00-04:00,2023-04-18T04:06:00-04:00,6.00,347.00,6.00,347.00,57.8333,false,true,false,false
2023-04-19,both,long,2023-04-19T11:02:00-04:00,2023-04-19T11:56:00-04:00,54.00,2567.50,1317.50,-1250.00,2023-04-19T11:00:00-04:00,2023-04-19T11:54:00-04:00,54.00,2.00,54.00,2.00,0.0370,true,false,true,true
2023-04-20,both,long,2023-04-20T10:02:00-04:00,2023-04-20T10:10:00-04:00,8.00,952.50,-1297.50,-2250.00,2023-04-20T10:00:00-04:00,2023-04-20T10:08:00-04:00,8.00,2.00,8.00,2.00,0.2500,true,false,true,false
2023-04-21,both,long,2023-04-21T14:02:00-04:00,2023-04-21T14:14:00-04:00,12.00,-2892.50,-3342.50,-450.00,2023-04-21T14:00:00-04:00,2023-04-21T14:12:00-04:00,12.00,2.00,12.00,2.00,0.1667,true,false,false,false
2023-05-03,both,long,2023-05-03T14:02:00-04:00,2023-05-03T14:02:00-04:00,0.00,-4832.50,-4832.50,0.00,2023-05-03T14:00:00-04:00,2023-05-03T14:00:00-04:00,0.00,2.00,0.00,2.00,,false,true,false,false
2023-05-05,both,long,2023-05-05T09:45:00-04:00,2023-05-05T09:45:00-04:00,0.00,11887.50,11887.50,0.00,2023-05-05T09:00:00-04:00,2023-05-05T09:36:00-04:00,36.00,45.00,36.00,45.00,1.2500,false,true,true,true
2023-05-10,both,long,2023-05-10T10:04:00-04:00,2023-05-10T10:04:00-04:00,0.00,-9682.50,-9682.50,0.00,2023-05-10T08:00:00-04:00,2023-05-10T08:30:00-04:00,30.00,124.00,30.00,124.00,4.1333,false,true,false,false
2023-05-12,both,short,2023-05-12T10:02:00-04:00,2023-05-12T10:09:00-04:00,7.00,1737.50,937.50,-800.00,2023-05-12T10:00:00-04:00,2023-05-12T10:07:00-04:00,7.00,2.00,7.00,2.00,0.2857,true,false,true,true
2023-05-19,both,short,2023-05-19T11:02:00-04:00,2023-05-19T11:40:00-04:00,38.00,2442.50,-2432.50,-4875.00,2023-05-19T11:00:00-04:00,2023-05-19T11:38:00-04:00,38.00,2.00,38.00,2.00,0.0526,true,false,true,false
2023-05-23,both,short,2023-05-23T12:35:00-04:00,2023-05-23T12:35:00-04:00,0.00,8377.50,8377.50,0.00,2023-05-23T07:00:00-04:00,2023-05-23T07:54:00-04:00,54.00,335.00,54.00,335.00,6.2037,false,true,true,true
2023-05-30,both,short,2023-05-30T09:52:00-04:00,2023-05-30T09:55:00-04:00,3.00,7887.50,4287.50,-3600.00,2023-05-30T09:00:00-04:00,2023-05-30T09:53:00-04:00,53.00,52.00,53.00,52.00,0.9811,true,false,true,true
2023-06-05,both,short,2023-06-05T14:33:00-04:00,2023-06-05T14:36:00-04:00,3.00,-2057.50,-2132.50,-75.00,2023-06-05T14:00:00-04:00,2023-06-05T14:34:00-04:00,34.00,33.00,34.00,33.00,0.9706,true,false,false,false
2023-06-13,both,short,2023-06-13T10:02:00-04:00,2023-06-13T10:15:00-04:00,13.00,-902.50,-6852.50,-5950.00,2023-06-13T10:00:00-04:00,2023-06-13T10:13:00-04:00,13.00,2.00,13.00,2.00,0.1538,true,false,false,false
2023-06-14,both,short,2023-06-14T14:03:00-04:00,2023-06-14T14:03:00-04:00,0.00,932.50,932.50,0.00,2023-06-14T14:00:00-04:00,2023-06-14T14:01:00-04:00,1.00,3.00,1.00,3.00,3.0000,false,true,true,true
2023-06-16,both,short,2023-06-16T15:02:00-04:00,2023-06-16T15:03:00-04:00,1.00,2192.50,2742.50,550.00,2023-06-16T15:00:00-04:00,2023-06-16T15:01:00-04:00,1.00,2.00,1.00,2.00,2.0000,false,true,true,true
2023-06-23,both,short,2023-06-23T09:45:00-04:00,2023-06-23T09:45:00-04:00,0.00,-7482.50,-7482.50,0.00,2023-06-23T08:00:00-04:00,2023-06-23T08:34:00-04:00,34.00,105.00,34.00,105.00,3.0882,false,true,false,false
2023-06-29,both,short,2023-06-29T10:07:00-04:00,2023-06-29T10:09:00-04:00,2.00,-2632.50,-4457.50,-1825.00,2023-06-29T10:00:00-04:00,2023-06-29T10:07:00-04:00,7.00,7.00,7.00,7.00,1.0000,true,false,false,false
2023-07-05,both,long,2023-07-05T09:45:00-04:00,2023-07-05T09:45:00-04:00,0.00,-2332.50,-2332.50,0.00,2023-07-05T09:00:00-04:00,2023-07-05T09:32:00-04:00,32.00,45.00,32.00,45.00,1.4062,false,true,false,false
2023-07-07,both,long,2023-07-07T09:46:00-04:00,2023-07-07T09:46:00-04:00,0.00,-5482.50,-5482.50,0.00,2023-07-07T09:00:00-04:00,2023-07-07T09:52:00-04:00,52.00,46.00,52.00,46.00,0.8846,true,false,false,false
2023-07-12,both,short,2023-07-12T11:39:00-04:00,2023-07-12T11:47:00-04:00,8.00,717.50,-1732.50,-2450.00,2023-07-12T11:00:00-04:00,2023-07-12T11:45:00-04:00,45.00,39.00,45.00,39.00,0.8667,true,false,true,false
2023-07-14,both,short,2023-07-14T15:02:00-04:00,2023-07-14T15:02:00-04:00,0.00,-2307.50,-2307.50,0.00,2023-07-14T15:00:00-04:00,2023-07-14T15:00:00-04:00,0.00,2.00,0.00,2.00,,false,true,false,false
2023-07-18,both,short,2023-07-18T09:50:00-04:00,2023-07-18T09:50:00-04:00,0.00,-6482.50,-6482.50,0.00,2023-07-18T09:00:00-04:00,2023-07-18T09:38:00-04:00,38.00,50.00,38.00,50.00,1.3158,false,true,false,false
2023-07-19,both,short,2023-07-19T14:02:00-04:00,2023-07-19T14:10:00-04:00,8.00,-1442.50,-4767.50,-3325.00,2023-07-19T14:00:00-04:00,2023-07-19T14:08:00-04:00,8.00,2.00,8.00,2.00,0.2500,true,false,false,false
2023-07-26,both,short,2023-07-26T10:54:00-04:00,2023-07-26T10:54:00-04:00,0.00,-7432.50,-7432.50,0.00,2023-07-26T10:00:00-04:00,2023-07-26T10:45:00-04:00,45.00,54.00,45.00,54.00,1.2000,false,true,false,false
2023-07-27,both,short,2023-07-27T13:05:00-04:00,2023-07-27T13:32:00-04:00,27.00,19612.50,10112.50,-9500.00,2023-07-27T13:00:00-04:00,2023-07-27T13:30:00-04:00,30.00,5.00,30.00,5.00,0.1667,true,false,true,true
2023-08-03,both,long,2023-08-03T12:02:00-04:00,2023-08-03T12:48:00-04:00,46.00,-1017.50,-7467.50,-6450.00,2023-08-03T12:00:00-04:00,2023-08-03T12:46:00-04:00,46.00,2.00,46.00,2.00,0.0435,true,false,false,false
2023-08-10,both,long,2023-08-10T09:46:00-04:00,2023-08-10T09:46:00-04:00,0.00,1572.50,1572.50,0.00,2023-08-10T09:00:00-04:00,2023-08-10T09:00:00-04:00,0.00,46.00,0.00,46.00,,false,true,true,true
2023-08-14,both,long,2023-08-14T09:45:00-04:00,2023-08-14T09:45:00-04:00,0.00,14152.50,14152.50,0.00,2023-08-14T03:00:00-04:00,2023-08-14T03:56:00-04:00,56.00,405.00,56.00,405.00,7.2321,false,true,true,true
2023-08-18,both,long,2023-08-18T14:02:00-04:00,2023-08-18T14:42:00-04:00,40.00,1757.50,-1642.50,-3400.00,2023-08-18T14:00:00-04:00,2023-08-18T14:40:00-04:00,40.00,2.00,40.00,2.00,0.0500,true,false,true,false
2023-08-23,both,long,2023-08-23T09:45:00-04:00,2023-08-23T10:00:00-04:00,15.00,11812.50,6337.50,-5475.00,2023-08-23T09:00:00-04:00,2023-08-23T09:58:00-04:00,58.00,45.00,58.00,45.00,0.7759,true,false,true,true
2023-08-25,both,long,2023-08-25T10:02:00-04:00,2023-08-25T10:05:00-04:00,3.00,-6082.50,-6057.50,25.00,2023-08-25T10:00:00-04:00,2023-08-25T10:03:00-04:00,3.00,2.00,3.00,2.00,0.6667,true,false,false,false
2023-09-01,both,short,2023-09-01T09:45:00-04:00,2023-09-01T09:51:00-04:00,6.00,1292.50,-1582.50,-2875.00,2023-09-01T09:00:00-04:00,2023-09-01T09:49:00-04:00,49.00,45.00,49.00,45.00,0.9184,true,false,true,false
2023-09-05,both,long,2023-09-05T10:24:00-04:00,2023-09-05T10:51:00-04:00,27.00,1057.50,82.50,-975.00,2023-09-05T10:00:00-04:00,2023-09-05T10:49:00-04:00,49.00,24.00,49.00,24.00,0.4898,true,false,true,true
2023-09-08,both,long,2023-09-08T09:46:00-04:00,2023-09-08T09:46:00-04:00,0.00,-8907.50,-8907.50,0.00,2023-09-08T02:00:00-04:00,2023-09-08T02:03:00-04:00,3.00,466.00,3.00,466.00,155.3333,false,true,false,false
2023-09-12,both,short,2023-09-12T10:27:00-04:00,2023-09-12T10:29:00-04:00,2.00,1097.50,1097.50,0.00,2023-09-12T10:00:00-04:00,2023-09-12T10:27:00-04:00,27.00,27.00,27.00,27.00,1.0000,true,false,true,true
2023-09-15,both,short,2023-09-15T09:46:00-04:00,2023-09-15T09:46:00-04:00,0.00,12507.50,12507.50,0.00,2023-09-15T09:00:00-04:00,2023-09-15T09:25:00-04:00,25.00,46.00,25.00,46.00,1.8400,false,true,true,true
2023-09-18,both,long,2023-09-18T12:02:00-04:00,2023-09-18T12:30:00-04:00,28.00,-3507.50,-3707.50,-200.00,2023-09-18T12:00:00-04:00,2023-09-18T12:28:00-04:00,28.00,2.00,28.00,2.00,0.0714,true,false,false,false
2023-09-19,both,long,2023-09-19T13:47:00-04:00,2023-09-19T13:52:00-04:00,5.00,292.50,292.50,0.00,2023-09-19T13:00:00-04:00,2023-09-19T13:49:00-04:00,49.00,47.00,49.00,47.00,0.9592,true,false,true,true
2023-09-22,both,long,2023-09-22T10:03:00-04:00,2023-09-22T10:36:00-04:00,33.00,977.50,-4297.50,-5275.00,2023-09-22T10:00:00-04:00,2023-09-22T10:34:00-04:00,34.00,3.00,34.00,3.00,0.0882,true,false,true,false
2023-09-27,both,long,2023-09-27T15:07:00-04:00,2023-09-27T15:07:00-04:00,0.00,-4507.50,-4507.50,0.00,2023-09-27T15:00:00-04:00,2023-09-27T15:04:00-04:00,4.00,7.00,4.00,7.00,1.7500,false,true,false,false
2023-10-03,both,short,2023-10-03T10:02:00-04:00,2023-10-03T10:02:00-04:00,0.00,12247.50,12247.50,0.00,2023-10-03T08:00:00-04:00,2023-10-03T08:37:00-04:00,37.00,122.00,37.00,122.00,3.2973,false,true,true,true
2023-10-04,both,long,2023-10-04T10:41:00-04:00,2023-10-04T10:41:00-04:00,0.00,8427.50,8427.50,0.00,2023-10-04T08:00:00-04:00,2023-10-04T08:15:00-04:00,15.00,161.00,15.00,161.00,10.7333,false,true,true,true
2023-10-06,both,long,2023-10-06T11:02:00-04:00,2023-10-06T11:06:00-04:00,4.00,15587.50,13862.50,-1725.00,2023-10-06T11:00:00-04:00,2023-10-06T11:04:00-04:00,4.00,2.00,4.00,2.00,0.5000,true,false,true,true
2023-10-12,both,short,2023-10-12T13:08:00-04:00,2023-10-12T13:12:00-04:00,4.00,5962.50,5062.50,-900.00,2023-10-12T13:00:00-04:00,2023-10-12T13:10:00-04:00,10.00,8.00,10.00,8.00,0.8000,true,false,true,true
2023-10-13,both,short,2023-10-13T10:03:00-04:00,2023-10-13T10:53:00-04:00,50.00,14617.50,4992.50,-9625.00,2023-10-13T10:00:00-04:00,2023-10-13T10:51:00-04:00,51.00,3.00,51.00,3.00,0.0588,true,false,true,true
2023-10-17,both,short,2023-10-17T09:45:00-04:00,2023-10-17T09:45:00-04:00,0.00,707.50,707.50,0.00,2023-10-17T08:00:00-04:00,2023-10-17T08:50:00-04:00,50.00,105.00,50.00,105.00,2.1000,false,true,true,true
2023-10-18,both,short,2023-10-18T10:35:00-04:00,2023-10-18T10:38:00-04:00,3.00,9522.50,7672.50,-1850.00,2023-10-18T10:00:00-04:00,2023-10-18T10:36:00-04:00,36.00,35.00,36.00,35.00,0.9722,true,false,true,true
2023-10-23,both,long,2023-10-23T11:02:00-04:00,2023-10-23T11:02:00-04:00,0.00,752.50,752.50,0.00,2023-10-23T11:00:00-04:00,2023-10-23T11:00:00-04:00,0.00,2.00,0.00,2.00,,false,true,true,true
2023-10-27,both,long,2023-10-27T11:05:00-04:00,2023-10-27T11:19:00-04:00,14.00,862.50,-3587.50,-4450.00,2023-10-27T11:00:00-04:00,2023-10-27T11:17:00-04:00,17.00,5.00,17.00,5.00,0.2941,true,false,true,false
2023-10-30,both,long,2023-10-30T09:45:00-04:00,2023-10-30T09:45:00-04:00,0.00,-10382.50,-10382.50,0.00,2023-10-30T09:00:00-04:00,2023-10-30T09:37:00-04:00,37.00,45.00,37.00,45.00,1.2162,false,true,false,false
2023-12-01,both,long,2023-12-01T11:03:00-05:00,2023-12-01T11:46:00-05:00,43.00,8182.50,2282.50,-5900.00,2023-12-01T11:00:00-05:00,2023-12-01T11:44:00-05:00,44.00,3.00,44.00,3.00,0.0682,true,false,true,true
2023-12-05,both,long,2023-12-05T10:02:00-05:00,2023-12-05T10:02:00-05:00,0.00,-3482.50,-3482.50,0.00,2023-12-05T10:00:00-05:00,2023-12-05T10:00:00-05:00,0.00,2.00,0.00,2.00,,false,true,false,false
2023-12-07,both,long,2023-12-07T10:21:00-05:00,2023-12-07T10:21:00-05:00,0.00,5657.50,5657.50,0.00,2023-12-07T08:00:00-05:00,2023-12-07T08:51:00-05:00,51.00,141.00,51.00,141.00,2.7647,false,true,true,true
2023-12-14,both,short,2023-12-14T10:05:00-05:00,2023-12-14T10:40:00-05:00,35.00,952.50,-3097.50,-4050.00,2023-12-14T10:00:00-05:00,2023-12-14T10:38:00-05:00,38.00,5.00,38.00,5.00,0.1316,true,false,true,false
2023-12-20,both,short,2023-12-20T14:39:00-05:00,2023-12-20T14:39:00-05:00,0.00,15277.50,15277.50,0.00,2023-12-20T14:00:00-05:00,2023-12-20T14:39:00-05:00,39.00,39.00,39.00,39.00,1.0000,true,false,true,true
2023-12-22,both,short,2023-12-22T14:04:00-05:00,2023-12-22T14:26:00-05:00,22.00,872.50,-5402.50,-6275.00,2023-12-22T14:00:00-05:00,2023-12-22T14:24:00-05:00,24.00,4.00,24.00,4.00,0.1667,true,false,true,false
2023-12-28,both,short,2023-12-28T13:02:00-05:00,2023-12-28T13:05:00-05:00,3.00,2542.50,2067.50,-475.00,2023-12-28T13:00:00-05:00,2023-12-28T13:03:00-05:00,3.00,2.00,3.00,2.00,0.6667,true,false,true,true
2024-01-05,both,long,2024-01-05T09:50:00-05:00,2024-01-05T09:50:00-05:00,0.00,1052.50,1052.50,0.00,2024-01-05T09:00:00-05:00,2024-01-05T09:34:00-05:00,34.00,50.00,34.00,50.00,1.4706,false,true,true,true
2024-01-09,both,long,2024-01-09T11:02:00-05:00,2024-01-09T11:51:00-05:00,49.00,6652.50,1777.50,-4875.00,2024-01-09T11:00:00-05:00,2024-01-09T11:49:00-05:00,49.00,2.00,49.00,2.00,0.0408,true,false,true,true
2024-01-12,both,long,2024-01-12T09:45:00-05:00,2024-01-12T09:45:00-05:00,0.00,-6607.50,-6607.50,0.00,2024-01-12T09:00:00-05:00,2024-01-12T09:20:00-05:00,20.00,45.00,20.00,45.00,2.2500,false,true,false,false
2024-01-16,both,long,2024-01-16T10:16:00-05:00,2024-01-16T10:16:00-05:00,0.00,1437.50,1437.50,0.00,2024-01-16T10:00:00-05:00,2024-01-16T10:11:00-05:00,11.00,16.00,11.00,16.00,1.4545,false,true,true,true
2024-01-18,both,long,2024-01-18T10:37:00-05:00,2024-01-18T10:37:00-05:00,0.00,-6057.50,-6057.50,0.00,2024-01-18T02:00:00-05:00,2024-01-18T02:02:00-05:00,2.00,517.00,2.00,517.00,258.5000,false,true,false,false
2024-01-22,both,short,2024-01-22T10:28:00-05:00,2024-01-22T10:49:00-05:00,21.00,3017.50,-1557.50,-4575.00,2024-01-22T10:00:00-05:00,2024-01-22T10:47:00-05:00,47.00,28.00,47.00,28.00,0.5957,true,false,true,false
2024-01-24,both,short,2024-01-24T14:23:00-05:00,2024-01-24T14:24:00-05:00,1.00,1167.50,1167.50,0.00,2024-01-24T14:00:00-05:00,2024-01-24T14:22:00-05:00,22.00,23.00,22.00,23.00,1.0455,false,true,true,true
2024-01-30,both,short,2024-01-30T10:02:00-05:00,2024-01-30T10:03:00-05:00,1.00,-2592.50,-892.50,1700.00,2024-01-30T10:00:00-05:00,2024-01-30T10:01:00-05:00,1.00,2.00,1.00,2.00,2.0000,false,true,false,false
2024-02-05,both,short,2024-02-05T10:02:00-05:00,2024-02-05T10:42:00-05:00,40.00,1652.50,-7132.50,-8785.00,2024-02-05T10:00:00-05:00,2024-02-05T10:40:00-05:00,40.00,2.00,40.00,2.00,0.0500,true,false,true,false
2024-02-12,both,short,2024-02-12T13:39:00-05:00,2024-02-12T13:41:00-05:00,2.00,4272.50,4272.50,0.00,2024-02-12T13:00:00-05:00,2024-02-12T13:39:00-05:00,39.00,39.00,39.00,39.00,1.0000,true,false,true,true
2024-02-15,both,short,2024-02-15T10:02:00-05:00,2024-02-15T10:05:00-05:00,3.00,-8232.50,-9707.50,-1475.00,2024-02-15T10:00:00-05:00,2024-02-15T10:03:00-05:00,3.00,2.00,3.00,2.00,0.6667,true,false,false,false
2024-02-16,both,short,2024-02-16T09:45:00-05:00,2024-02-16T09:45:00-05:00,0.00,3067.50,3067.50,0.00,2024-02-16T09:00:00-05:00,2024-02-16T09:24:00-05:00,24.00,45.00,24.00,45.00,1.8750,false,true,true,true
2024-02-23,both,short,2024-02-23T11:02:00-05:00,2024-02-23T11:06:00-05:00,4.00,452.50,-4272.50,-4725.00,2024-02-23T11:00:00-05:00,2024-02-23T11:04:00-05:00,4.00,2.00,4.00,2.00,0.5000,true,false,true,false
2024-02-29,both,short,2024-02-29T11:02:00-05:00,2024-02-29T11:42:00-05:00,40.00,-352.50,-8222.50,-7870.00,2024-02-29T11:00:00-05:00,2024-02-29T11:40:00-05:00,40.00,2.00,40.00,2.00,0.0500,true,false,false,false
2024-03-04,both,short,2024-03-04T15:36:00-05:00,2024-03-04T15:49:00-05:00,13.00,2842.50,192.50,-2650.00,2024-03-04T15:00:00-05:00,2024-03-04T15:47:00-05:00,47.00,36.00,47.00,36.00,0.7660,true,false,true,true
2024-03-06,both,long,2024-03-06T11:55:00-05:00,2024-03-06T11:55:00-05:00,0.00,-5832.50,-5832.50,0.00,2024-03-06T04:00:00-05:00,2024-03-06T04:03:00-05:00,3.00,475.00,3.00,475.00,158.3333,false,true,false,false
2024-03-08,both,short,2024-03-08T11:08:00-05:00,2024-03-08T11:30:00-05:00,22.00,18652.50,9777.50,-8875.00,2024-03-08T11:00:00-05:00,2024-03-08T11:28:00-05:00,28.00,8.00,28.00,8.00,0.2857,true,false,true,true
2024-03-11,both,long,2024-03-11T09:46:00-04:00,2024-03-11T09:46:00-04:00,0.00,-9357.50,-9357.50,0.00,2024-03-11T00:00:00-04:00,2024-03-11T00:00:00-04:00,0.00,586.00,0.00,586.00,,false,true,false,false
2024-03-12,both,short,2024-03-12T09:45:00-04:00,2024-03-12T09:47:00-04:00,2.00,-14032.50,-15932.50,-1900.00,2024-03-12T09:00:00-04:00,2024-03-12T09:45:00-04:00,45.00,45.00,45.00,45.00,1.0000,true,false,false,false
2024-03-13,both,short,2024-03-13T09:45:00-04:00,2024-03-13T09:47:00-04:00,2.00,1182.50,-67.50,-1250.00,2024-03-13T09:00:00-04:00,2024-03-13T09:45:00-04:00,45.00,45.00,45.00,45.00,1.0000,true,false,true,false
2024-03-21,both,short,2024-03-21T14:02:00-04:00,2024-03-21T14:45:00-04:00,43.00,4192.50,842.50,-3350.00,2024-03-21T14:00:00-04:00,2024-03-21T14:43:00-04:00,43.00,2.00,43.00,2.00,0.0465,true,false,true,true
2024-03-26,both,short,2024-03-26T15:02:00-04:00,2024-03-26T15:27:00-04:00,25.00,8557.50,6507.50,-2050.00,2024-03-26T15:00:00-04:00,2024-03-26T15:25:00-04:00,25.00,2.00,25.00,2.00,0.0800,true,false,true,true
2024-04-03,both,long,2024-04-03T10:02:00-04:00,2024-04-03T10:08:00-04:00,6.00,2412.50,62.50,-2350.00,2024-04-03T10:00:00-04:00,2024-04-03T10:06:00-04:00,6.00,2.00,6.00,2.00,0.3333,true,false,true,true
2024-04-05,both,long,2024-04-05T10:02:00-04:00,2024-04-05T10:14:00-04:00,12.00,10447.50,5247.50,-5200.00,2024-04-05T10:00:00-04:00,2024-04-05T10:12:00-04:00,12.00,2.00,12.00,2.00,0.1667,true,false,true,true
2024-04-11,both,long,2024-04-11T11:16:00-04:00,2024-04-11T11:16:00-04:00,0.00,15472.50,15472.50,0.00,2024-04-11T11:00:00-04:00,2024-04-11T11:41:00-04:00,41.00,16.00,41.00,16.00,0.3902,true,false,true,true
2024-04-16,both,long,2024-04-16T14:03:00-04:00,2024-04-16T14:14:00-04:00,11.00,972.50,-5477.50,-6450.00,2024-04-16T14:00:00-04:00,2024-04-16T14:12:00-04:00,12.00,3.00,12.00,3.00,0.2500,true,false,true,false
2024-04-19,both,long,2024-04-19T09:46:00-04:00,2024-04-19T09:46:00-04:00,0.00,-7007.50,-7007.50,0.00,2024-04-19T05:00:00-04:00,2024-04-19T05:35:00-04:00,35.00,286.00,35.00,286.00,8.1714,false,true,false,false
2024-04-22,both,long,2024-04-22T13:13:00-04:00,2024-04-22T13:54:00-04:00,41.00,5092.50,-3697.50,-8790.00,2024-04-22T13:00:00-04:00,2024-04-22T13:52:00-04:00,52.00,13.00,52.00,13.00,0.2500,true,false,true,false
2024-04-25,both,long,2024-04-25T13:02:00-04:00,2024-04-25T13:40:00-04:00,38.00,3992.50,-2682.50,-6675.00,2024-04-25T13:00:00-04:00,2024-04-25T13:38:00-04:00,38.00,2.00,38.00,2.00,0.0526,true,false,true,false
2024-05-01,both,long,2024-05-01T14:04:00-04:00,2024-05-01T14:40:00-04:00,36.00,-5007.50,-3932.50,1075.00,2024-05-01T14:00:00-04:00,2024-05-01T14:38:00-04:00,38.00,4.00,38.00,4.00,0.1053,true,false,false,false
2024-05-10,both,short,2024-05-10T10:19:00-04:00,2024-05-10T10:56:00-04:00,37.00,192.50,-5007.50,-5200.00,2024-05-10T10:00:00-04:00,2024-05-10T10:54:00-04:00,54.00,19.00,54.00,19.00,0.3519,true,false,true,false
2024-05-16,left_only,short,2024-05-16T15:38:00-04:00,,,1992.50,,,2024-05-16T15:00:00-04:00,2024-05-16T15:59:00-04:00,59.00,38.00,59.00,38.00,0.6441,true,false,true,
2024-05-22,both,short,2024-05-22T13:37:00-04:00,2024-05-22T13:46:00-04:00,9.00,1852.50,-197.50,-2050.00,2024-05-22T13:00:00-04:00,2024-05-22T13:44:00-04:00,44.00,37.00,44.00,37.00,0.8409,true,false,true,false
2024-05-23,both,short,2024-05-23T09:45:00-04:00,2024-05-23T09:47:00-04:00,2.00,1337.50,1337.50,0.00,2024-05-23T09:00:00-04:00,2024-05-23T09:45:00-04:00,45.00,45.00,45.00,45.00,1.0000,true,false,true,true
2024-05-28,both,short,2024-05-28T09:45:00-04:00,2024-05-28T09:45:00-04:00,0.00,-6857.50,-6857.50,0.00,2024-05-28T09:00:00-04:00,2024-05-28T09:36:00-04:00,36.00,45.00,36.00,45.00,1.2500,false,true,false,false
2024-06-03,both,short,2024-06-03T12:02:00-04:00,2024-06-03T12:14:00-04:00,12.00,-2737.50,-10137.50,-7400.00,2024-06-03T12:00:00-04:00,2024-06-03T12:12:00-04:00,12.00,2.00,12.00,2.00,0.1667,true,false,false,false
2024-06-11,both,short,2024-06-11T09:46:00-04:00,2024-06-11T09:49:00-04:00,3.00,742.50,-1307.50,-2050.00,2024-06-11T09:00:00-04:00,2024-06-11T09:47:00-04:00,47.00,46.00,47.00,46.00,0.9787,true,false,true,false
2024-06-13,both,short,2024-06-13T12:02:00-04:00,2024-06-13T12:24:00-04:00,22.00,-2717.50,-5107.50,-2390.00,2024-06-13T12:00:00-04:00,2024-06-13T12:22:00-04:00,22.00,2.00,22.00,2.00,0.0909,true,false,false,false
2024-06-18,both,short,2024-06-18T11:02:00-04:00,2024-06-18T11:15:00-04:00,13.00,232.50,-3817.50,-4050.00,2024-06-18T11:00:00-04:00,2024-06-18T11:13:00-04:00,13.00,2.00,13.00,2.00,0.1538,true,false,true,false
2024-06-20,both,short,2024-06-20T10:08:00-04:00,2024-06-20T10:08:00-04:00,0.00,1177.50,1177.50,0.00,2024-06-20T08:00:00-04:00,2024-06-20T08:39:00-04:00,39.00,128.00,39.00,128.00,3.2821,false,true,true,true
2024-06-26,both,short,2024-06-26T11:11:00-04:00,2024-06-26T11:11:00-04:00,0.00,-3632.50,-3632.50,0.00,2024-06-26T08:00:00-04:00,2024-06-26T08:38:00-04:00,38.00,191.00,38.00,191.00,5.0263,false,true,false,false
2024-06-28,both,short,2024-06-28T12:16:00-04:00,2024-06-28T12:16:00-04:00,0.00,10282.50,10282.50,0.00,2024-06-28T12:00:00-04:00,2024-06-28T12:10:00-04:00,10.00,16.00,10.00,16.00,1.6000,false,true,true,true
2024-07-05,both,short,2024-07-05T09:46:00-04:00,2024-07-05T09:46:00-04:00,0.00,-5557.50,-5557.50,0.00,2024-07-05T08:00:00-04:00,2024-07-05T08:30:00-04:00,30.00,106.00,30.00,106.00,3.5333,false,true,false,false
2024-07-09,both,short,2024-07-09T12:02:00-04:00,2024-07-09T12:48:00-04:00,46.00,3027.50,-1847.50,-4875.00,2024-07-09T12:00:00-04:00,2024-07-09T12:46:00-04:00,46.00,2.00,46.00,2.00,0.0435,true,false,true,false
2024-07-11,both,short,2024-07-11T09:51:00-04:00,2024-07-11T09:54:00-04:00,3.00,28252.50,25527.50,-2725.00,2024-07-11T09:00:00-04:00,2024-07-11T09:52:00-04:00,52.00,51.00,52.00,51.00,0.9808,true,false,true,true
2024-07-15,both,short,2024-07-15T13:03:00-04:00,2024-07-15T13:35:00-04:00,32.00,1477.50,-397.50,-1875.00,2024-07-15T13:00:00-04:00,2024-07-15T13:33:00-04:00,33.00,3.00,33.00,3.00,0.0909,true,false,true,false
2024-07-16,both,short,2024-07-16T09:46:00-04:00,2024-07-16T09:46:00-04:00,0.00,5002.50,5002.50,0.00,2024-07-16T04:00:00-04:00,2024-07-16T04:04:00-04:00,4.00,346.00,4.00,346.00,86.5000,false,true,true,true
2024-07-22,both,long,2024-07-22T09:46:00-04:00,2024-07-22T09:46:00-04:00,0.00,-9782.50,-9782.50,0.00,2024-07-22T09:00:00-04:00,2024-07-22T09:29:00-04:00,29.00,46.00,29.00,46.00,1.5862,false,true,false,false
2024-07-25,both,long,2024-07-25T12:02:00-04:00,2024-07-25T12:34:00-04:00,32.00,747.50,-9802.50,-10550.00,2024-07-25T12:00:00-04:00,2024-07-25T12:32:00-04:00,32.00,2.00,32.00,2.00,0.0625,true,false,true,false
2024-07-29,both,long,2024-07-29T09:45:00-04:00,2024-07-29T09:45:00-04:00,0.00,-12232.50,-12232.50,0.00,2024-07-29T08:00:00-04:00,2024-07-29T08:32:00-04:00,32.00,105.00,32.00,105.00,3.2812,false,true,false,false
2024-08-05,both,long,2024-08-05T10:02:00-04:00,2024-08-05T10:03:00-04:00,1.00,-3777.50,-527.50,3250.00,2024-08-05T10:00:00-04:00,2024-08-05T10:01:00-04:00,1.00,2.00,1.00,2.00,2.0000,false,true,false,false
2024-08-08,both,long,2024-08-08T10:02:00-04:00,2024-08-08T10:02:00-04:00,0.00,23227.50,23227.50,0.00,2024-08-08T10:00:00-04:00,2024-08-08T10:02:00-04:00,2.00,2.00,2.00,2.00,1.0000,true,false,true,true
2024-08-19,both,long,2024-08-19T11:02:00-04:00,2024-08-19T11:05:00-04:00,3.00,15032.50,14007.50,-1025.00,2024-08-19T11:00:00-04:00,2024-08-19T11:03:00-04:00,3.00,2.00,3.00,2.00,0.6667,true,false,true,true
2024-08-20,both,short,2024-08-20T10:17:00-04:00,2024-08-20T10:40:00-04:00,23.00,1147.50,-4252.50,-5400.00,2024-08-20T10:00:00-04:00,2024-08-20T10:38:00-04:00,38.00,17.00,38.00,17.00,0.4474,true,false,true,false
2024-08-21,both,short,2024-08-21T12:02:00-04:00,2024-08-21T12:05:00-04:00,3.00,-5232.50,-7957.50,-2725.00,2024-08-21T12:00:00-04:00,2024-08-21T12:03:00-04:00,3.00,2.00,3.00,2.00,0.6667,true,false,false,false
2024-08-22,both,short,2024-08-22T11:02:00-04:00,2024-08-22T11:21:00-04:00,19.00,19087.50,5912.50,-13175.00,2024-08-22T11:00:00-04:00,2024-08-22T11:19:00-04:00,19.00,2.00,19.00,2.00,0.1053,true,false,true,true
2024-08-26,both,short,2024-08-26T10:02:00-04:00,2024-08-26T10:10:00-04:00,8.00,8897.50,3897.50,-5000.00,2024-08-26T10:00:00-04:00,2024-08-26T10:08:00-04:00,8.00,2.00,8.00,2.00,0.2500,true,false,true,true
2024-08-27,both,long,2024-08-27T11:02:00-04:00,2024-08-27T11:02:00-04:00,0.00,-2717.50,-2717.50,0.00,2024-08-27T11:00:00-04:00,2024-08-27T11:00:00-04:00,0.00,2.00,0.00,2.00,,false,true,false,false
2024-08-29,both,long,2024-08-29T09:49:00-04:00,2024-08-29T09:49:00-04:00,0.00,-13282.50,-13282.50,0.00,2024-08-29T05:00:00-04:00,2024-08-29T05:26:00-04:00,26.00,289.00,26.00,289.00,11.1154,false,true,false,false
2024-09-03,both,short,2024-09-03T09:54:00-04:00,2024-09-03T09:54:00-04:00,0.00,28162.50,28162.50,0.00,2024-09-03T04:00:00-04:00,2024-09-03T04:58:00-04:00,58.00,354.00,58.00,354.00,6.1034,false,true,true,true
2024-09-04,both,long,2024-09-04T10:08:00-04:00,2024-09-04T10:58:00-04:00,50.00,2032.50,-9342.50,-11375.00,2024-09-04T10:00:00-04:00,2024-09-04T10:56:00-04:00,56.00,8.00,56.00,8.00,0.1429,true,false,true,false
2024-09-09,both,long,2024-09-09T13:02:00-04:00,2024-09-09T13:08:00-04:00,6.00,-10557.50,-11907.50,-1350.00,2024-09-09T13:00:00-04:00,2024-09-09T13:06:00-04:00,6.00,2.00,6.00,2.00,0.3333,true,false,false,false
2024-09-10,both,long,2024-09-10T14:01:00-04:00,2024-09-10T14:01:00-04:00,0.00,3267.50,3267.50,0.00,2024-09-10T08:00:00-04:00,2024-09-10T08:12:00-04:00,12.00,361.00,12.00,361.00,30.0833,false,true,true,true
2024-09-11,both,long,2024-09-11T12:20:00-04:00,2024-09-11T12:22:00-04:00,2.00,26647.50,26647.50,0.00,2024-09-11T12:00:00-04:00,2024-09-11T12:20:00-04:00,20.00,20.00,20.00,20.00,1.0000,true,false,true,true
2024-09-16,both,short,2024-09-16T10:34:00-04:00,2024-09-16T10:34:00-04:00,0.00,-11557.50,-11557.50,0.00,2024-09-16T10:00:00-04:00,2024-09-16T10:27:00-04:00,27.00,34.00,27.00,34.00,1.2593,false,true,false,false
2024-09-17,both,short,2024-09-17T12:09:00-04:00,2024-09-17T12:25:00-04:00,16.00,8677.50,-472.50,-9150.00,2024-09-17T12:00:00-04:00,2024-09-17T12:23:00-04:00,23.00,9.00,23.00,9.00,0.3913,true,false,true,false
2024-09-20,both,short,2024-09-20T10:02:00-04:00,2024-09-20T10:56:00-04:00,54.00,697.50,-6327.50,-7025.00,2024-09-20T10:00:00-04:00,2024-09-20T10:54:00-04:00,54.00,2.00,54.00,2.00,0.0370,true,false,true,false
2024-09-23,both,short,2024-09-23T13:01:00-04:00,2024-09-23T13:01:00-04:00,0.00,-5557.50,-5557.50,0.00,2024-09-23T03:00:00-04:00,2024-09-23T03:15:00-04:00,15.00,601.00,15.00,601.00,40.0667,false,true,false,false
2024-09-24,both,short,2024-09-24T10:02:00-04:00,2024-09-24T10:05:00-04:00,3.00,-1792.50,-5642.50,-3850.00,2024-09-24T10:00:00-04:00,2024-09-24T10:03:00-04:00,3.00,2.00,3.00,2.00,0.6667,true,false,false,false
2024-09-26,both,short,2024-09-26T10:02:00-04:00,2024-09-26T10:27:00-04:00,25.00,10462.50,5887.50,-4575.00,2024-09-26T10:00:00-04:00,2024-09-26T10:25:00-04:00,25.00,2.00,25.00,2.00,0.0800,true,false,true,true
2024-10-01,both,short,2024-10-01T09:47:00-04:00,2024-10-01T09:47:00-04:00,0.00,3837.50,3837.50,0.00,2024-10-01T09:00:00-04:00,2024-10-01T09:37:00-04:00,37.00,47.00,37.00,47.00,1.2703,false,true,true,true
2024-10-03,both,long,2024-10-03T10:02:00-04:00,2024-10-03T10:07:00-04:00,5.00,-16657.50,-20882.50,-4225.00,2024-10-03T10:00:00-04:00,2024-10-03T10:05:00-04:00,5.00,2.00,5.00,2.00,0.4000,true,false,false,false
2024-10-04,both,long,2024-10-04T15:57:00-04:00,2024-10-04T15:57:00-04:00,0.00,-1282.50,-1282.50,0.00,2024-10-04T08:00:00-04:00,2024-10-04T08:30:00-04:00,30.00,477.00,30.00,477.00,15.9000,false,true,false,false
2024-10-08,both,long,2024-10-08T09:52:00-04:00,2024-10-08T09:58:00-04:00,6.00,13717.50,10117.50,-3600.00,2024-10-08T09:00:00-04:00,2024-10-08T09:56:00-04:00,56.00,52.00,56.00,52.00,0.9286,true,false,true,true
2024-10-10,both,short,2024-10-10T09:47:00-04:00,2024-10-10T09:47:00-04:00,0.00,-5057.50,-5057.50,0.00,2024-10-10T09:00:00-04:00,2024-10-10T09:31:00-04:00,31.00,47.00,31.00,47.00,1.5161,false,true,false,false
2024-10-15,both,short,2024-10-15T10:10:00-04:00,2024-10-15T10:31:00-04:00,21.00,18847.50,3222.50,-15625.00,2024-10-15T10:00:00-04:00,2024-10-15T10:29:00-04:00,29.00,10.00,29.00,10.00,0.3448,true,false,true,true
2024-10-17,both,short,2024-10-17T10:02:00-04:00,2024-10-17T10:03:00-04:00,1.00,2192.50,2242.50,50.00,2024-10-17T10:00:00-04:00,2024-10-17T10:01:00-04:00,1.00,2.00,1.00,2.00,2.0000,false,true,true,true
2024-10-23,both,short,2024-10-23T10:02:00-04:00,2024-10-23T10:06:00-04:00,4.00,1017.50,-1257.50,-2275.00,2024-10-23T10:00:00-04:00,2024-10-23T10:04:00-04:00,4.00,2.00,4.00,2.00,0.5000,true,false,true,false
2024-10-25,both,short,2024-10-25T13:44:00-04:00,2024-10-25T13:45:00-04:00,1.00,-582.50,-907.50,-325.00,2024-10-25T13:00:00-04:00,2024-10-25T13:43:00-04:00,43.00,44.00,43.00,44.00,1.0233,false,true,false,false
2024-10-30,both,short,2024-10-30T15:54:00-04:00,2024-10-30T15:54:00-04:00,0.00,717.50,717.50,0.00,2024-10-30T11:00:00-04:00,2024-10-30T11:11:00-04:00,11.00,294.00,11.00,294.00,26.7273,false,true,true,true
2024-11-11,both,short,2024-11-11T09:45:00-05:00,2024-11-11T09:46:00-05:00,1.00,1642.50,517.50,-1125.00,2024-11-11T09:00:00-05:00,2024-11-11T09:44:00-05:00,44.00,45.00,44.00,45.00,1.0227,false,true,true,true
2024-11-14,both,short,2024-11-14T09:45:00-05:00,2024-11-14T09:48:00-05:00,3.00,7452.50,7377.50,-75.00,2024-11-14T09:00:00-05:00,2024-11-14T09:46:00-05:00,46.00,45.00,46.00,45.00,0.9783,true,false,true,true
2024-11-18,both,short,2024-11-18T09:46:00-05:00,2024-11-18T09:46:00-05:00,0.00,-5132.50,-5132.50,0.00,2024-11-18T08:00:00-05:00,2024-11-18T08:23:00-05:00,23.00,106.00,23.00,106.00,4.6087,false,true,false,false
2024-11-20,both,short,2024-11-20T09:56:00-05:00,2024-11-20T09:56:00-05:00,0.00,2317.50,2317.50,0.00,2024-11-20T09:00:00-05:00,2024-11-20T09:41:00-05:00,41.00,56.00,41.00,56.00,1.3659,false,true,true,true
2024-11-21,both,short,2024-11-21T10:02:00-05:00,2024-11-21T10:09:00-05:00,7.00,-20657.50,-21282.50,-625.00,2024-11-21T10:00:00-05:00,2024-11-21T10:07:00-05:00,7.00,2.00,7.00,2.00,0.2857,true,false,false,false
2024-11-25,both,short,2024-11-25T12:02:00-05:00,2024-11-25T12:14:00-05:00,12.00,2702.50,-2022.50,-4725.00,2024-11-25T12:00:00-05:00,2024-11-25T12:12:00-05:00,12.00,2.00,12.00,2.00,0.1667,true,false,true,false
2024-11-27,both,short,2024-11-27T09:53:00-05:00,2024-11-27T09:53:00-05:00,0.00,7297.50,7297.50,0.00,2024-11-27T09:00:00-05:00,2024-11-27T09:35:00-05:00,35.00,53.00,35.00,53.00,1.5143,false,true,true,true
2024-12-09,both,short,2024-12-09T10:26:00-05:00,2024-12-09T10:26:00-05:00,0.00,9322.50,9322.50,0.00,2024-12-09T06:00:00-05:00,2024-12-09T06:34:00-05:00,34.00,266.00,34.00,266.00,7.8235,false,true,true,true
2024-12-12,both,short,2024-12-12T10:02:00-05:00,2024-12-12T10:02:00-05:00,0.00,-4182.50,-4182.50,0.00,2024-12-12T09:00:00-05:00,2024-12-12T09:12:00-05:00,12.00,62.00,12.00,62.00,5.1667,false,true,false,false
2024-12-13,both,short,2024-12-13T10:40:00-05:00,2024-12-13T10:55:00-05:00,15.00,2017.50,-3682.50,-5700.00,2024-12-13T10:00:00-05:00,2024-12-13T10:53:00-05:00,53.00,40.00,53.00,40.00,0.7547,true,false,true,false
2024-12-17,both,short,2024-12-17T10:02:00-05:00,2024-12-17T10:24:00-05:00,22.00,-8757.50,-10882.50,-2125.00,2024-12-17T10:00:00-05:00,2024-12-17T10:22:00-05:00,22.00,2.00,22.00,2.00,0.0909,true,false,false,false
2024-12-18,both,short,2024-12-18T14:01:00-05:00,2024-12-18T14:01:00-05:00,0.00,48292.50,48292.50,0.00,2024-12-18T14:00:00-05:00,2024-12-18T14:00:00-05:00,0.00,1.00,0.00,1.00,,false,true,true,true
2024-12-26,both,short,2024-12-26T09:49:00-05:00,2024-12-26T09:49:00-05:00,0.00,957.50,957.50,0.00,2024-12-26T04:00:00-05:00,2024-12-26T04:13:00-05:00,13.00,349.00,13.00,349.00,26.8462,false,true,true,true
2025-01-02,both,short,2025-01-02T12:29:00-05:00,2025-01-02T12:29:00-05:00,0.00,-357.50,-357.50,0.00,2025-01-02T12:00:00-05:00,2025-01-02T12:26:00-05:00,26.00,29.00,26.00,29.00,1.1154,false,true,false,false
2025-01-03,both,long,2025-01-03T09:45:00-05:00,2025-01-03T09:45:00-05:00,0.00,-15507.50,-15507.50,0.00,2025-01-03T09:00:00-05:00,2025-01-03T09:39:00-05:00,39.00,45.00,39.00,45.00,1.1538,false,true,false,false
2025-01-06,both,short,2025-01-06T14:02:00-05:00,2025-01-06T15:00:00-05:00,58.00,-7357.50,-9207.50,-1850.00,2025-01-06T14:00:00-05:00,2025-01-06T14:58:00-05:00,58.00,2.00,58.00,2.00,0.0345,true,false,false,false
2025-01-15,both,long,2025-01-15T09:46:00-05:00,2025-01-15T09:46:00-05:00,0.00,9342.50,9342.50,0.00,2025-01-15T08:00:00-05:00,2025-01-15T08:30:00-05:00,30.00,106.00,30.00,106.00,3.5333,false,true,true,true
2025-01-16,both,short,2025-01-16T11:17:00-05:00,2025-01-16T11:44:00-05:00,27.00,14302.50,6852.50,-7450.00,2025-01-16T11:00:00-05:00,2025-01-16T11:42:00-05:00,42.00,17.00,42.00,17.00,0.4048,true,false,true,true
2025-01-24,both,short,2025-01-24T13:02:00-05:00,2025-01-24T13:13:00-05:00,11.00,3317.50,-107.50,-3425.00,2025-01-24T13:00:00-05:00,2025-01-24T13:11:00-05:00,11.00,2.00,11.00,2.00,0.1818,true,false,true,false
2025-01-27,both,long,2025-01-27T09:47:00-05:00,2025-01-27T09:47:00-05:00,0.00,-19507.50,-19507.50,0.00,2025-01-27T09:00:00-05:00,2025-01-27T09:38:00-05:00,38.00,47.00,38.00,47.00,1.2368,false,true,false,false
2025-01-29,both,short,2025-01-29T10:26:00-05:00,2025-01-29T10:29:00-05:00,3.00,2067.50,1417.50,-650.00,2025-01-29T10:00:00-05:00,2025-01-29T10:27:00-05:00,27.00,26.00,27.00,26.00,0.9630,true,false,true,true
2025-01-30,both,short,2025-01-30T10:02:00-05:00,2025-01-30T11:00:00-05:00,58.00,4237.50,-9137.50,-13375.00,2025-01-30T10:00:00-05:00,2025-01-30T10:58:00-05:00,58.00,2.00,58.00,2.00,0.0345,true,false,true,false
2025-01-31,both,short,2025-01-31T14:02:00-05:00,2025-01-31T14:08:00-05:00,6.00,15367.50,7792.50,-7575.00,2025-01-31T14:00:00-05:00,2025-01-31T14:06:00-05:00,6.00,2.00,6.00,2.00,0.3333,true,false,true,true
2025-02-03,both,long,2025-02-03T10:24:00-05:00,2025-02-03T10:27:00-05:00,3.00,9977.50,9977.50,0.00,2025-02-03T10:00:00-05:00,2025-02-03T10:25:00-05:00,25.00,24.00,25.00,24.00,0.9600,true,false,true,true
2025-02-07,both,short,2025-02-07T10:02:00-05:00,2025-02-07T10:06:00-05:00,4.00,17712.50,12387.50,-5325.00,2025-02-07T10:00:00-05:00,2025-02-07T10:04:00-05:00,4.00,2.00,4.00,2.00,0.5000,true,false,true,true
2025-02-18,both,short,2025-02-18T09:45:00-05:00,2025-02-18T09:46:00-05:00,1.00,997.50,-127.50,-1125.00,2025-02-18T09:00:00-05:00,2025-02-18T09:44:00-05:00,44.00,45.00,44.00,45.00,1.0227,false,true,true,false
2025-02-20,both,short,2025-02-20T09:45:00-05:00,2025-02-20T09:53:00-05:00,8.00,4747.50,-502.50,-5250.00,2025-02-20T09:00:00-05:00,2025-02-20T09:51:00-05:00,51.00,45.00,51.00,45.00,0.8824,true,false,true,false
2025-02-21,both,short,2025-02-21T09:50:00-05:00,2025-02-21T09:50:00-05:00,0.00,30232.50,30232.50,0.00,2025-02-21T09:00:00-05:00,2025-02-21T09:41:00-05:00,41.00,50.00,41.00,50.00,1.2195,false,true,true,true
2025-02-26,both,long,2025-02-26T11:02:00-05:00,2025-02-26T11:14:00-05:00,12.00,-8757.50,-10807.50,-2050.00,2025-02-26T11:00:00-05:00,2025-02-26T11:12:00-05:00,12.00,2.00,12.00,2.00,0.1667,true,false,false,false
2025-02-28,both,long,2025-02-28T15:02:00-05:00,2025-02-28T15:55:00-05:00,53.00,18767.50,2417.50,-16350.00,2025-02-28T15:00:00-05:00,2025-02-28T15:53:00-05:00,53.00,2.00,53.00,2.00,0.0377,true,false,true,true
2025-03-04,both,long,2025-03-04T13:10:00-05:00,2025-03-04T14:00:00-05:00,50.00,3317.50,-3657.50,-6975.00,2025-03-04T13:00:00-05:00,2025-03-04T13:58:00-05:00,58.00,10.00,58.00,10.00,0.1724,true,false,true,false
2025-03-07,both,long,2025-03-07T15:02:00-05:00,2025-03-07T15:57:00-05:00,55.00,2367.50,-2507.50,-4875.00,2025-03-07T15:00:00-05:00,2025-03-07T15:55:00-05:00,55.00,2.00,55.00,2.00,0.0364,true,false,true,false
2025-03-11,both,long,2025-03-11T14:41:00-04:00,2025-03-11T14:48:00-04:00,7.00,-16082.50,-19932.50,-3850.00,2025-03-11T14:00:00-04:00,2025-03-11T14:46:00-04:00,46.00,41.00,46.00,41.00,0.8913,true,false,false,false
2025-03-14,both,long,2025-03-14T11:02:00-04:00,2025-03-14T11:02:00-04:00,0.00,7642.50,7642.50,0.00,2025-03-14T11:00:00-04:00,2025-03-14T11:00:00-04:00,0.00,2.00,0.00,2.00,,false,true,true,true
2025-03-19,both,long,2025-03-19T10:02:00-04:00,2025-03-19T10:09:00-04:00,7.00,-1737.50,-4487.50,-2750.00,2025-03-19T10:00:00-04:00,2025-03-19T10:07:00-04:00,7.00,2.00,7.00,2.00,0.2857,true,false,false,false
2025-03-20,both,long,2025-03-20T10:02:00-04:00,2025-03-20T10:25:00-04:00,23.00,-3152.50,-12602.50,-9450.00,2025-03-20T10:00:00-04:00,2025-03-20T10:23:00-04:00,23.00,2.00,23.00,2.00,0.0870,true,false,false,false
2025-03-21,both,long,2025-03-21T15:02:00-04:00,2025-03-21T15:57:00-04:00,55.00,7032.50,-2057.50,-9090.00,2025-03-21T15:00:00-04:00,2025-03-21T15:55:00-04:00,55.00,2.00,55.00,2.00,0.0364,true,false,true,false
2025-06-17,both,short,2025-06-17T13:02:00-04:00,2025-06-17T13:50:00-04:00,48.00,6592.50,717.50,-5875.00,2025-06-17T13:00:00-04:00,2025-06-17T13:48:00-04:00,48.00,2.00,48.00,2.00,0.0417,true,false,true,true
2025-06-20,both,short,2025-06-20T10:02:00-04:00,2025-06-20T10:44:00-04:00,42.00,14367.50,2017.50,-12350.00,2025-06-20T10:00:00-04:00,2025-06-20T10:42:00-04:00,42.00,2.00,42.00,2.00,0.0476,true,false,true,true
2025-06-25,both,short,2025-06-25T13:02:00-04:00,2025-06-25T13:42:00-04:00,40.00,-1167.50,-5417.50,-4250.00,2025-06-25T13:00:00-04:00,2025-06-25T13:40:00-04:00,40.00,2.00,40.00,2.00,0.0500,true,false,false,false
2025-06-27,both,short,2025-06-27T14:19:00-04:00,2025-06-27T14:32:00-04:00,13.00,1067.50,-1882.50,-2950.00,2025-06-27T14:00:00-04:00,2025-06-27T14:30:00-04:00,30.00,19.00,30.00,19.00,0.6333,true,false,true,false
2025-07-02,both,long,2025-07-02T10:02:00-04:00,2025-07-02T10:27:00-04:00,25.00,10347.50,4297.50,-6050.00,2025-07-02T10:00:00-04:00,2025-07-02T10:25:00-04:00,25.00,2.00,25.00,2.00,0.0800,true,false,true,true
2025-07-10,both,short,2025-07-10T09:45:00-04:00,2025-07-10T10:01:00-04:00,16.00,1282.50,-7767.50,-9050.00,2025-07-10T09:00:00-04:00,2025-07-10T09:59:00-04:00,59.00,45.00,59.00,45.00,0.7627,true,false,true,false
2025-07-18,both,short,2025-07-18T10:03:00-04:00,2025-07-18T10:28:00-04:00,25.00,3412.50,-1187.50,-4600.00,2025-07-18T10:00:00-04:00,2025-07-18T10:26:00-04:00,26.00,3.00,26.00,3.00,0.1154,true,false,true,false
2025-07-22,both,short,2025-07-22T09:45:00-04:00,2025-07-22T09:45:00-04:00,0.00,4732.50,4732.50,0.00,2025-07-22T00:00:00-04:00,2025-07-22T00:25:00-04:00,25.00,585.00,25.00,585.00,23.4000,false,true,true,true
2025-07-28,both,short,2025-07-28T11:19:00-04:00,2025-07-28T11:19:00-04:00,0.00,-4132.50,-4132.50,0.00,2025-07-28T09:00:00-04:00,2025-07-28T09:12:00-04:00,12.00,139.00,12.00,139.00,11.5833,false,true,false,false
2025-07-29,both,short,2025-07-29T10:02:00-04:00,2025-07-29T10:55:00-04:00,53.00,10107.50,5132.50,-4975.00,2025-07-29T10:00:00-04:00,2025-07-29T10:53:00-04:00,53.00,2.00,53.00,2.00,0.0377,true,false,true,true
2025-07-31,both,short,2025-07-31T09:45:00-04:00,2025-07-31T09:45:00-04:00,0.00,23767.50,23767.50,0.00,2025-07-31T09:00:00-04:00,2025-07-31T09:31:00-04:00,31.00,45.00,31.00,45.00,1.4516,false,true,true,true
2025-08-04,both,long,2025-08-04T09:45:00-04:00,2025-08-04T09:45:00-04:00,0.00,10042.50,10042.50,0.00,2025-08-04T09:00:00-04:00,2025-08-04T09:42:00-04:00,42.00,45.00,42.00,45.00,1.0714,false,true,true,true
2025-08-05,both,short,2025-08-05T10:17:00-04:00,2025-08-05T10:38:00-04:00,21.00,13672.50,7097.50,-6575.00,2025-08-05T10:00:00-04:00,2025-08-05T10:36:00-04:00,36.00,17.00,36.00,17.00,0.4722,true,false,true,true
2025-08-06,both,long,2025-08-06T10:02:00-04:00,2025-08-06T10:08:00-04:00,6.00,16477.50,11277.50,-5200.00,2025-08-06T10:00:00-04:00,2025-08-06T10:06:00-04:00,6.00,2.00,6.00,2.00,0.3333,true,false,true,true
2025-08-07,both,short,2025-08-07T12:02:00-04:00,2025-08-07T12:05:00-04:00,3.00,-1177.50,-302.50,875.00,2025-08-07T12:00:00-04:00,2025-08-07T12:03:00-04:00,3.00,2.00,3.00,2.00,0.6667,true,false,false,false
2025-08-11,both,short,2025-08-11T15:03:00-04:00,2025-08-11T15:50:00-04:00,47.00,4427.50,477.50,-3950.00,2025-08-11T15:00:00-04:00,2025-08-11T15:48:00-04:00,48.00,3.00,48.00,3.00,0.0625,true,false,true,true
2025-08-13,both,short,2025-08-13T11:02:00-04:00,2025-08-13T11:12:00-04:00,10.00,-187.50,-4037.50,-3850.00,2025-08-13T11:00:00-04:00,2025-08-13T11:10:00-04:00,10.00,2.00,10.00,2.00,0.2000,true,false,false,false
2025-08-22,both,long,2025-08-22T09:45:00-04:00,2025-08-22T09:45:00-04:00,0.00,-2152.50,-2152.50,0.00,2025-08-22T09:00:00-04:00,2025-08-22T09:41:00-04:00,41.00,45.00,41.00,45.00,1.0976,false,true,false,false
2025-08-27,both,short,2025-08-27T09:45:00-04:00,2025-08-27T09:47:00-04:00,2.00,-5282.50,-5832.50,-550.00,2025-08-27T09:00:00-04:00,2025-08-27T09:45:00-04:00,45.00,45.00,45.00,45.00,1.0000,true,false,false,false
2025-08-29,both,short,2025-08-29T09:45:00-04:00,2025-08-29T09:45:00-04:00,0.00,11572.50,11572.50,0.00,2025-08-29T09:00:00-04:00,2025-08-29T09:37:00-04:00,37.00,45.00,37.00,45.00,1.2162,false,true,true,true
2025-09-05,both,short,2025-09-05T10:02:00-04:00,2025-09-05T10:20:00-04:00,18.00,12012.50,-87.50,-12100.00,2025-09-05T10:00:00-04:00,2025-09-05T10:18:00-04:00,18.00,2.00,18.00,2.00,0.1111,true,false,true,false
2025-09-09,both,short,2025-09-09T10:02:00-04:00,2025-09-09T10:36:00-04:00,34.00,162.50,-4287.50,-4450.00,2025-09-09T10:00:00-04:00,2025-09-09T10:34:00-04:00,34.00,2.00,34.00,2.00,0.0588,true,false,true,false
2025-09-10,both,short,2025-09-10T14:02:00-04:00,2025-09-10T14:21:00-04:00,19.00,2757.50,-867.50,-3625.00,2025-09-10T14:00:00-04:00,2025-09-10T14:19:00-04:00,19.00,2.00,19.00,2.00,0.1053,true,false,true,false
2025-09-16,both,short,2025-09-16T09:45:00-04:00,2025-09-16T09:52:00-04:00,7.00,892.50,-1007.50,-1900.00,2025-09-16T09:00:00-04:00,2025-09-16T09:50:00-04:00,50.00,45.00,50.00,45.00,0.9000,true,false,true,false
2025-09-23,both,short,2025-09-23T12:03:00-04:00,2025-09-23T12:14:00-04:00,11.00,10597.50,8597.50,-2000.00,2025-09-23T12:00:00-04:00,2025-09-23T12:12:00-04:00,12.00,3.00,12.00,3.00,0.2500,true,false,true,true
2025-09-29,both,short,2025-09-29T15:02:00-04:00,2025-09-29T15:17:00-04:00,15.00,-457.50,-5182.50,-4725.00,2025-09-29T15:00:00-04:00,2025-09-29T15:15:00-04:00,15.00,2.00,15.00,2.00,0.1333,true,false,false,false
2025-10-01,both,long,2025-10-01T10:18:00-04:00,2025-10-01T10:18:00-04:00,0.00,15492.50,15492.50,0.00,2025-10-01T10:00:00-04:00,2025-10-01T10:11:00-04:00,11.00,18.00,11.00,18.00,1.6364,false,true,true,true
2025-10-02,both,short,2025-10-02T09:45:00-04:00,2025-10-02T09:49:00-04:00,4.00,-7432.50,-7432.50,0.00,2025-10-02T09:00:00-04:00,2025-10-02T09:45:00-04:00,45.00,45.00,45.00,45.00,1.0000,true,false,false,false
2025-10-07,both,short,2025-10-07T11:02:00-04:00,2025-10-07T11:07:00-04:00,5.00,9357.50,-1297.50,-10655.00,2025-10-07T11:00:00-04:00,2025-10-07T11:05:00-04:00,5.00,2.00,5.00,2.00,0.4000,true,false,true,false
2025-10-09,both,short,2025-10-09T10:15:00-04:00,2025-10-09T10:33:00-04:00,18.00,1437.50,-812.50,-2250.00,2025-10-09T10:00:00-04:00,2025-10-09T10:31:00-04:00,31.00,15.00,31.00,15.00,0.4839,true,false,true,false
2025-10-10,both,short,2025-10-10T10:57:00-04:00,2025-10-10T11:00:00-04:00,3.00,58372.50,33857.50,-24515.00,2025-10-10T10:00:00-04:00,2025-10-10T10:58:00-04:00,58.00,57.00,58.00,57.00,0.9828,true,false,true,true
2025-10-14,both,long,2025-10-14T12:02:00-04:00,2025-10-14T12:23:00-04:00,21.00,-3102.50,-7527.50,-4425.00,2025-10-14T12:00:00-04:00,2025-10-14T12:21:00-04:00,21.00,2.00,21.00,2.00,0.0952,true,false,false,false
2025-10-15,both,short,2025-10-15T13:02:00-04:00,2025-10-15T13:07:00-04:00,5.00,-1602.50,-3877.50,-2275.00,2025-10-15T13:00:00-04:00,2025-10-15T13:05:00-04:00,5.00,2.00,5.00,2.00,0.4000,true,false,false,false
2025-10-16,both,short,2025-10-16T12:02:00-04:00,2025-10-16T12:32:00-04:00,30.00,8047.50,-6327.50,-14375.00,2025-10-16T12:00:00-04:00,2025-10-16T12:30:00-04:00,30.00,2.00,30.00,2.00,0.0667,true,false,true,false
2025-10-17,both,long,2025-10-17T09:52:00-04:00,2025-10-17T09:52:00-04:00,0.00,16457.50,16457.50,0.00,2025-10-17T09:00:00-04:00,2025-10-17T09:09:00-04:00,9.00,52.00,9.00,52.00,5.7778,false,true,true,true
2025-10-22,both,short,2025-10-22T10:27:00-04:00,2025-10-22T10:27:00-04:00,0.00,1902.50,1902.50,0.00,2025-10-22T10:00:00-04:00,2025-10-22T10:15:00-04:00,15.00,27.00,15.00,27.00,1.8000,false,true,true,true
2025-10-29,both,short,2025-10-29T14:02:00-04:00,2025-10-29T14:37:00-04:00,35.00,677.50,-5432.50,-6110.00,2025-10-29T14:00:00-04:00,2025-10-29T14:35:00-04:00,35.00,2.00,35.00,2.00,0.0571,true,false,true,false
2025-10-30,both,short,2025-10-30T15:16:00-04:00,2025-10-30T15:16:00-04:00,0.00,6917.50,6917.50,0.00,2025-10-30T08:00:00-04:00,2025-10-30T08:28:00-04:00,28.00,436.00,28.00,436.00,15.5714,false,true,true,true
2025-11-05,both,long,2025-11-05T09:47:00-05:00,2025-11-05T09:52:00-05:00,5.00,15082.50,9432.50,-5650.00,2025-11-05T09:00:00-05:00,2025-11-05T09:50:00-05:00,50.00,47.00,50.00,47.00,0.9400,true,false,true,true
2025-11-07,both,long,2025-11-07T15:02:00-05:00,2025-11-07T15:46:00-05:00,44.00,5217.50,4567.50,-650.00,2025-11-07T15:00:00-05:00,2025-11-07T15:44:00-05:00,44.00,2.00,44.00,2.00,0.0455,true,false,true,true
2025-11-14,both,long,2025-11-14T10:02:00-05:00,2025-11-14T10:38:00-05:00,36.00,21082.50,8957.50,-12125.00,2025-11-14T10:00:00-05:00,2025-11-14T10:36:00-05:00,36.00,2.00,36.00,2.00,0.0556,true,false,true,true
2025-11-19,both,long,2025-11-19T09:45:00-05:00,2025-11-19T10:01:00-05:00,16.00,3642.50,-10232.50,-13875.00,2025-11-19T09:00:00-05:00,2025-11-19T09:59:00-05:00,59.00,45.00,59.00,45.00,0.7627,true,false,true,false
2025-11-21,both,long,2025-11-21T13:02:00-05:00,2025-11-21T13:50:00-05:00,48.00,2372.50,-9112.50,-11485.00,2025-11-21T13:00:00-05:00,2025-11-21T13:48:00-05:00,48.00,2.00,48.00,2.00,0.0417,true,false,true,false
2025-12-01,both,long,2025-12-01T10:02:00-05:00,2025-12-01T10:54:00-05:00,52.00,4272.50,547.50,-3725.00,2025-12-01T10:00:00-05:00,2025-12-01T10:52:00-05:00,52.00,2.00,52.00,2.00,0.0385,true,false,true,true
2025-12-03,both,short,2025-12-03T09:53:00-05:00,2025-12-03T09:53:00-05:00,0.00,-8607.50,-8607.50,0.00,2025-12-03T09:00:00-05:00,2025-12-03T09:05:00-05:00,5.00,53.00,5.00,53.00,10.6000,false,true,false,false
2025-12-08,both,short,2025-12-08T10:02:00-05:00,2025-12-08T10:28:00-05:00,26.00,9572.50,3622.50,-5950.00,2025-12-08T10:00:00-05:00,2025-12-08T10:26:00-05:00,26.00,2.00,26.00,2.00,0.0769,true,false,true,true
2025-12-12,both,short,2025-12-12T10:02:00-05:00,2025-12-12T10:07:00-05:00,5.00,24502.50,19777.50,-4725.00,2025-12-12T10:00:00-05:00,2025-12-12T10:05:00-05:00,5.00,2.00,5.00,2.00,0.4000,true,false,true,true
2025-12-16,both,long,2025-12-16T09:50:00-05:00,2025-12-16T09:50:00-05:00,0.00,-14182.50,-14182.50,0.00,2025-12-16T09:00:00-05:00,2025-12-16T09:37:00-05:00,37.00,50.00,37.00,50.00,1.3514,false,true,false,false
2025-12-18,both,long,2025-12-18T10:28:00-05:00,2025-12-18T10:28:00-05:00,0.00,-7882.50,-7882.50,0.00,2025-12-18T08:00:00-05:00,2025-12-18T08:38:00-05:00,38.00,148.00,38.00,148.00,3.8947,false,true,false,false
2025-12-31,both,short,2025-12-31T10:02:00-05:00,2025-12-31T10:58:00-05:00,56.00,12847.50,7572.50,-5275.00,2025-12-31T10:00:00-05:00,2025-12-31T10:56:00-05:00,56.00,2.00,56.00,2.00,0.0357,true,false,true,true
2026-01-02,both,short,2026-01-02T10:12:00-05:00,2026-01-02T10:16:00-05:00,4.00,20782.50,15557.50,-5225.00,2026-01-02T10:00:00-05:00,2026-01-02T10:14:00-05:00,14.00,12.00,14.00,12.00,0.8571,true,false,true,true
2026-01-13,both,short,2026-01-13T10:02:00-05:00,2026-01-13T10:29:00-05:00,27.00,2157.50,-7742.50,-9900.00,2026-01-13T10:00:00-05:00,2026-01-13T10:27:00-05:00,27.00,2.00,27.00,2.00,0.0741,true,false,true,false
2026-01-14,both,short,2026-01-14T09:45:00-05:00,2026-01-14T09:45:00-05:00,0.00,3307.50,3307.50,0.00,2026-01-14T05:00:00-05:00,2026-01-14T05:19:00-05:00,19.00,285.00,19.00,285.00,15.0000,false,true,true,true
2026-01-15,both,short,2026-01-15T15:02:00-05:00,2026-01-15T15:52:00-05:00,50.00,2092.50,-2607.50,-4700.00,2026-01-15T15:00:00-05:00,2026-01-15T15:50:00-05:00,50.00,2.00,50.00,2.00,0.0400,true,false,true,false
2026-01-16,both,short,2026-01-16T10:02:00-05:00,2026-01-16T10:21:00-05:00,19.00,1992.50,-882.50,-2875.00,2026-01-16T10:00:00-05:00,2026-01-16T10:19:00-05:00,19.00,2.00,19.00,2.00,0.1053,true,false,true,false
2026-01-20,both,long,2026-01-20T10:25:00-05:00,2026-01-20T10:34:00-05:00,9.00,-12457.50,-13982.50,-1525.00,2026-01-20T10:00:00-05:00,2026-01-20T10:32:00-05:00,32.00,25.00,32.00,25.00,0.7812,true,false,false,false
2026-01-21,both,long,2026-01-21T09:47:00-05:00,2026-01-21T09:54:00-05:00,7.00,5662.50,-112.50,-5775.00,2026-01-21T09:00:00-05:00,2026-01-21T09:52:00-05:00,52.00,47.00,52.00,47.00,0.9038,true,false,true,false
2026-01-28,both,short,2026-01-28T10:12:00-05:00,2026-01-28T10:59:00-05:00,47.00,6702.50,1727.50,-4975.00,2026-01-28T10:00:00-05:00,2026-01-28T10:57:00-05:00,57.00,12.00,57.00,12.00,0.2105,true,false,true,true
2026-01-30,both,short,2026-01-30T09:59:00-05:00,2026-01-30T09:59:00-05:00,0.00,13467.50,13467.50,0.00,2026-01-30T04:00:00-05:00,2026-01-30T04:51:00-05:00,51.00,359.00,51.00,359.00,7.0392,false,true,true,true
2026-02-02,both,long,2026-02-02T09:46:00-05:00,2026-02-02T09:46:00-05:00,0.00,13657.50,13657.50,0.00,2026-02-02T09:00:00-05:00,2026-02-02T09:30:00-05:00,30.00,46.00,30.00,46.00,1.5333,false,true,true,true
2026-02-03,both,short,2026-02-03T09:54:00-05:00,2026-02-03T09:54:00-05:00,0.00,30307.50,30307.50,0.00,2026-02-03T09:00:00-05:00,2026-02-03T09:43:00-05:00,43.00,54.00,43.00,54.00,1.2558,false,true,true,true
2026-02-06,both,long,2026-02-06T09:45:00-05:00,2026-02-06T09:45:00-05:00,0.00,21822.50,21822.50,0.00,2026-02-06T09:00:00-05:00,2026-02-06T09:33:00-05:00,33.00,45.00,33.00,45.00,1.3636,false,true,true,true
2026-02-13,both,long,2026-02-13T12:02:00-05:00,2026-02-13T12:23:00-05:00,21.00,-11532.50,-16432.50,-4900.00,2026-02-13T12:00:00-05:00,2026-02-13T12:21:00-05:00,21.00,2.00,21.00,2.00,0.0952,true,false,false,false
2026-02-17,both,long,2026-02-17T13:39:00-05:00,2026-02-17T13:42:00-05:00,3.00,-3982.50,-5732.50,-1750.00,2026-02-17T13:00:00-05:00,2026-02-17T13:40:00-05:00,40.00,39.00,40.00,39.00,0.9750,true,false,false,false
2026-02-20,both,long,2026-02-20T10:02:00-05:00,2026-02-20T10:03:00-05:00,1.00,1017.50,7567.50,6550.00,2026-02-20T10:00:00-05:00,2026-02-20T10:01:00-05:00,1.00,2.00,1.00,2.00,2.0000,false,true,true,true
2026-02-24,both,long,2026-02-24T10:10:00-05:00,2026-02-24T10:30:00-05:00,20.00,11592.50,1792.50,-9800.00,2026-02-24T10:00:00-05:00,2026-02-24T10:28:00-05:00,28.00,10.00,28.00,10.00,0.3571,true,false,true,true
2026-03-02,both,long,2026-03-02T09:48:00-05:00,2026-03-02T09:48:00-05:00,0.00,13717.50,13717.50,0.00,2026-03-02T09:00:00-05:00,2026-03-02T09:34:00-05:00,34.00,48.00,34.00,48.00,1.4118,false,true,true,true
2026-03-03,both,long,2026-03-03T13:02:00-05:00,2026-03-03T13:24:00-05:00,22.00,7702.50,1002.50,-6700.00,2026-03-03T13:00:00-05:00,2026-03-03T13:22:00-05:00,22.00,2.00,22.00,2.00,0.0909,true,false,true,true
2026-03-05,both,short,2026-03-05T12:16:00-05:00,2026-03-05T12:33:00-05:00,17.00,2717.50,-7807.50,-10525.00,2026-03-05T12:00:00-05:00,2026-03-05T12:31:00-05:00,31.00,16.00,31.00,16.00,0.5161,true,false,true,false
