alert_id,strategy_id,level,message,payload_json,status,created_at
alert_3db2bc841d90,mnq_yorb_sizing_L_4_2_1,order_pending_verification,Yearly ORB long retest order intent created,{},sent,2026-05-21T20:31:43Z
alert_83360a14c5b0,mnq_yorb_sizing_L_4_2_1,order_submitted,Submitted buy 4 MNQ,{},sent,2026-05-21T20:31:43Z
alert_603b8abce465,mnq_yorb_sizing_L_4_2_1,order_submitted,Submitted buy 2 MNQ,{},sent,2026-05-21T20:31:43Z
alert_c4e220ce8f40,mnq_yorb_sizing_L_4_2_1,order_submitted,Submitted buy 1 MNQ,{},sent,2026-05-21T20:31:43Z
alert_d336c4a5f988,mnq_yorb_sizing_L_4_2_1,info,Yearly ORB range-close exit requested,{},sent,2026-05-21T20:31:43Z
alert_c83ba470bbe2,mnq_yorb_sizing_L_4_2_1,order_submitted,Submitted sell 7 MNQ,{},sent,2026-05-21T20:31:43Z
alert_767c2dc835fe,mnq_yorb_sizing_L_4_2_1,order_pending_verification,Yearly ORB long retest order intent created,{},sent,2026-05-21T20:31:43Z
alert_4d4480091323,mnq_yorb_sizing_L_4_2_1,order_submitted,Submitted buy 4 MNQ,{},sent,2026-05-21T20:31:43Z
alert_92a2874f9acb,mnq_yorb_sizing_L_4_2_1,order_submitted,Submitted buy 2 MNQ,{},sent,2026-05-21T20:31:43Z
alert_9623d2b42471,mnq_yorb_sizing_L_4_2_1,order_submitted,Submitted buy 1 MNQ,{},sent,2026-05-21T20:31:43Z
alert_bbf88654287b,mnq_yorb_sizing_L_4_2_1,info,Modified order ord_6bda8398615f,{},sent,2026-05-21T20:31:43Z
alert_71c013ee0dc4,mnq_yorb_sizing_L_4_2_1,info,Cancelled order ord_6bda8398615f,{},sent,2026-05-21T20:31:43Z
alert_efc87ab3f3eb,mnq_yorb_sizing_L_4_2_1,order_submitted,Submitted sell 1 MNQ,{},sent,2026-05-21T20:31:43Z
alert_ad634962d1a1,mnq_yorb_sizing_L_4_2_1,order_pending_verification,Yearly ORB long retest order intent created,{},sent,2026-05-21T20:31:44Z
alert_e0c7d8d307ba,mnq_yorb_sizing_L_4_2_1,order_submitted,Submitted buy 4 MNQ,{},sent,2026-05-21T20:31:44Z
alert_49dc96a1e43a,mnq_yorb_sizing_L_4_2_1,order_submitted,Submitted buy 2 MNQ,{},sent,2026-05-21T20:31:44Z
alert_e4dcc80337f2,mnq_yorb_sizing_L_4_2_1,order_submitted,Submitted buy 1 MNQ,{},sent,2026-05-21T20:31:44Z
alert_d8882c8fb756,mnq_yorb_sizing_L_4_2_1,info,Yearly ORB range-close exit requested,{},sent,2026-05-21T20:31:44Z
alert_44c349951ab1,mnq_yorb_sizing_L_4_2_1,order_submitted,Submitted sell 7 MNQ,{},sent,2026-05-21T20:31:44Z
alert_cda03421076b,mnq_yorb_sizing_L_4_2_1,order_pending_verification,Yearly ORB long retest order intent created,{},sent,2026-05-21T20:31:44Z
alert_51ac9901f9f2,mnq_yorb_sizing_L_4_2_1,order_submitted,Submitted buy 4 MNQ,{},sent,2026-05-21T20:31:44Z
alert_da5a224516f2,mnq_yorb_sizing_L_4_2_1,order_submitted,Submitted buy 2 MNQ,{},sent,2026-05-21T20:31:44Z
alert_8ad7d60be163,mnq_yorb_sizing_L_4_2_1,order_submitted,Submitted buy 1 MNQ,{},sent,2026-05-21T20:31:44Z
alert_93dcaf7b5fac,mnq_yorb_sizing_L_4_2_1,order_pending_verification,Yearly ORB long retest order intent created,{},sent,2026-05-21T20:31:44Z
alert_7c294dffb218,mnq_yorb_sizing_L_4_2_1,order_submitted,Submitted buy 4 MNQ,{},sent,2026-05-21T20:31:44Z
alert_bf8420fb8b4e,mnq_yorb_sizing_L_4_2_1,order_submitted,Submitted buy 2 MNQ,{},sent,2026-05-21T20:31:44Z
alert_488965398557,mnq_yorb_sizing_L_4_2_1,order_submitted,Submitted buy 1 MNQ,{},sent,2026-05-21T20:31:44Z
alert_86ca1917bb94,mnq_yorb_sizing_L_4_2_1,info,Yearly ORB range-close exit requested,{},sent,2026-05-21T20:31:44Z
alert_ada402457562,mnq_yorb_sizing_L_4_2_1,order_submitted,Submitted sell 7 MNQ,{},sent,2026-05-21T20:31:44Z
alert_61bac91d83ab,mnq_yorb_sizing_L_4_2_1,order_pending_verification,Yearly ORB long retest order intent created,{},sent,2026-05-21T20:31:44Z
alert_20626f124f6a,mnq_yorb_sizing_L_4_2_1,order_submitted,Submitted buy 4 MNQ,{},sent,2026-05-21T20:31:44Z
alert_fccc25967343,mnq_yorb_sizing_L_4_2_1,order_submitted,Submitted buy 2 MNQ,{},sent,2026-05-21T20:31:44Z
alert_8691a8490f5b,mnq_yorb_sizing_L_4_2_1,order_submitted,Submitted buy 1 MNQ,{},sent,2026-05-21T20:31:44Z
alert_6905d3843423,mnq_yorb_sizing_L_4_2_1,info,Yearly ORB range-close exit requested,{},sent,2026-05-21T20:31:44Z
alert_d2902bbbf699,mnq_yorb_sizing_L_4_2_1,order_submitted,Submitted sell 7 MNQ,{},sent,2026-05-21T20:31:44Z
alert_1e9e364ca379,mnq_yorb_sizing_L_4_2_1,order_pending_verification,Yearly ORB long retest order intent created,{},sent,2026-05-21T20:31:44Z
alert_c61aab30a4b5,mnq_yorb_sizing_L_4_2_1,order_submitted,Submitted buy 4 MNQ,{},sent,2026-05-21T20:31:44Z
alert_7250d9c1df71,mnq_yorb_sizing_L_4_2_1,order_submitted,Submitted buy 2 MNQ,{},sent,2026-05-21T20:31:44Z
alert_ac1ebd64a155,mnq_yorb_sizing_L_4_2_1,order_submitted,Submitted buy 1 MNQ,{},sent,2026-05-21T20:31:44Z
alert_368052a4ac9a,mnq_yorb_sizing_L_4_2_1,order_pending_verification,Yearly ORB short retest order intent created,{},sent,2026-05-21T20:31:45Z
alert_65a5c4bcb153,mnq_yorb_sizing_L_4_2_1,order_submitted,Submitted sell 4 MNQ,{},sent,2026-05-21T20:31:45Z
alert_360e5de0dbd9,mnq_yorb_sizing_L_4_2_1,order_submitted,Submitted sell 2 MNQ,{},sent,2026-05-21T20:31:45Z
alert_4f11e1324756,mnq_yorb_sizing_L_4_2_1,order_submitted,Submitted sell 1 MNQ,{},sent,2026-05-21T20:31:45Z
alert_68af9e077331,mnq_yorb_sizing_L_4_2_1,info,Yearly ORB range-close exit requested,{},sent,2026-05-21T20:31:45Z
alert_1e5ff719b533,mnq_yorb_sizing_L_4_2_1,order_submitted,Submitted buy 7 MNQ,{},sent,2026-05-21T20:31:45Z
alert_c1f87af46180,mnq_yorb_sizing_L_4_2_1,order_pending_verification,Yearly ORB short retest order intent created,{},sent,2026-05-21T20:31:45Z
alert_709cadff7ca2,mnq_yorb_sizing_L_4_2_1,order_submitted,Submitted sell 4 MNQ,{},sent,2026-05-21T20:31:45Z
alert_691c724d7604,mnq_yorb_sizing_L_4_2_1,order_submitted,Submitted sell 2 MNQ,{},sent,2026-05-21T20:31:45Z
alert_acf405833e7e,mnq_yorb_sizing_L_4_2_1,order_submitted,Submitted sell 1 MNQ,{},sent,2026-05-21T20:31:45Z
alert_1831b0dc3cc4,mnq_yorb_sizing_L_4_2_1,info,Yearly ORB range-close exit requested,{},sent,2026-05-21T20:31:45Z
alert_a1964ab7d4fa,mnq_yorb_sizing_L_4_2_1,order_submitted,Submitted buy 3 MNQ,{},sent,2026-05-21T20:31:45Z
alert_2f67aa5c3e34,mnq_yorb_sizing_L_4_2_1,order_pending_verification,Yearly ORB short retest order intent created,{},sent,2026-05-21T20:31:45Z
alert_8663f8468f8c,mnq_yorb_sizing_L_4_2_1,order_submitted,Submitted sell 4 MNQ,{},sent,2026-05-21T20:31:45Z
alert_614e69b90588,mnq_yorb_sizing_L_4_2_1,order_submitted,Submitted sell 2 MNQ,{},sent,2026-05-21T20:31:45Z
alert_27c3aa46f846,mnq_yorb_sizing_L_4_2_1,order_submitted,Submitted sell 1 MNQ,{},sent,2026-05-21T20:31:45Z
alert_3e02568062f6,mnq_yorb_sizing_L_4_2_1,info,Yearly ORB range-close exit requested,{},sent,2026-05-21T20:31:45Z
alert_d338e8a98c69,mnq_yorb_sizing_L_4_2_1,order_submitted,Submitted buy 7 MNQ,{},sent,2026-05-21T20:31:45Z
alert_4401001117a0,mnq_yorb_sizing_L_4_2_1,order_pending_verification,Yearly ORB short retest order intent created,{},sent,2026-05-21T20:31:45Z
alert_2a91a7a16c64,mnq_yorb_sizing_L_4_2_1,order_submitted,Submitted sell 4 MNQ,{},sent,2026-05-21T20:31:45Z
alert_7bd7d58fd499,mnq_yorb_sizing_L_4_2_1,order_submitted,Submitted sell 2 MNQ,{},sent,2026-05-21T20:31:45Z
alert_d36458905399,mnq_yorb_sizing_L_4_2_1,order_submitted,Submitted sell 1 MNQ,{},sent,2026-05-21T20:31:45Z
alert_72493c5c27af,mnq_yorb_sizing_L_4_2_1,info,Yearly ORB range-close exit requested,{},sent,2026-05-21T20:31:45Z
alert_afbf91ee2ac3,mnq_yorb_sizing_L_4_2_1,order_submitted,Submitted buy 7 MNQ,{},sent,2026-05-21T20:31:45Z
alert_e169be6a3be0,mnq_yorb_sizing_L_4_2_1,order_pending_verification,Yearly ORB short retest order intent created,{},sent,2026-05-21T20:31:45Z
alert_af33dd951dc8,mnq_yorb_sizing_L_4_2_1,order_submitted,Submitted sell 4 MNQ,{},sent,2026-05-21T20:31:45Z
alert_79e5c27ec626,mnq_yorb_sizing_L_4_2_1,order_submitted,Submitted sell 2 MNQ,{},sent,2026-05-21T20:31:45Z
alert_1dcdced94b85,mnq_yorb_sizing_L_4_2_1,order_submitted,Submitted sell 1 MNQ,{},sent,2026-05-21T20:31:45Z
alert_4cc27d1ac4af,mnq_yorb_sizing_L_4_2_1,info,Yearly ORB range-close exit requested,{},sent,2026-05-21T20:31:45Z
alert_6e3cdc49b104,mnq_yorb_sizing_L_4_2_1,order_submitted,Submitted buy 7 MNQ,{},sent,2026-05-21T20:31:45Z
alert_ade55a85815c,mnq_yorb_sizing_L_4_2_1,order_pending_verification,Yearly ORB short retest order intent created,{},sent,2026-05-21T20:31:45Z
alert_49c0a49e5092,mnq_yorb_sizing_L_4_2_1,order_submitted,Submitted sell 4 MNQ,{},sent,2026-05-21T20:31:45Z
alert_619cecbc2e7a,mnq_yorb_sizing_L_4_2_1,order_submitted,Submitted sell 2 MNQ,{},sent,2026-05-21T20:31:45Z
alert_f60038a61b15,mnq_yorb_sizing_L_4_2_1,order_submitted,Submitted sell 1 MNQ,{},sent,2026-05-21T20:31:45Z
alert_0dde94eacae4,mnq_yorb_sizing_L_4_2_1,info,Cancelled order ord_a9bc819e62e4,{},sent,2026-05-21T20:31:45Z
alert_5e2f3b19370c,mnq_yorb_sizing_L_4_2_1,info,Cancelled order ord_15ef564db890,{},sent,2026-05-21T20:31:45Z
alert_04d03f62d654,mnq_yorb_sizing_L_4_2_1,info,Cancelled order ord_82022a87496c,{},sent,2026-05-21T20:31:45Z
alert_bfcef8d631c9,mnq_yorb_sizing_L_4_2_1,order_submitted,Submitted buy 3 MNQ,{},sent,2026-05-21T20:31:45Z
alert_b993a626683d,mnq_yorb_sizing_L_4_2_1,order_pending_verification,Yearly ORB long retest order intent created,{},sent,2026-05-21T20:31:46Z
alert_b761f938458e,mnq_yorb_sizing_L_4_2_1,order_submitted,Submitted buy 4 MNQ,{},sent,2026-05-21T20:31:46Z
alert_2c5ecced0303,mnq_yorb_sizing_L_4_2_1,order_submitted,Submitted buy 2 MNQ,{},sent,2026-05-21T20:31:46Z
alert_421f04c0ea46,mnq_yorb_sizing_L_4_2_1,order_submitted,Submitted buy 1 MNQ,{},sent,2026-05-21T20:31:46Z
alert_312ad421c9e6,mnq_yorb_sizing_L_4_2_1,info,Yearly ORB range-close exit requested,{},sent,2026-05-21T20:31:46Z
alert_36c8b20a1f77,mnq_yorb_sizing_L_4_2_1,order_submitted,Submitted sell 7 MNQ,{},sent,2026-05-21T20:31:46Z
alert_49e754316b69,mnq_yorb_sizing_L_4_2_1,order_pending_verification,Yearly ORB long retest order intent created,{},sent,2026-05-21T20:31:46Z
alert_47f6df14bb54,mnq_yorb_sizing_L_4_2_1,order_submitted,Submitted buy 4 MNQ,{},sent,2026-05-21T20:31:46Z
alert_1190d2b3fe4a,mnq_yorb_sizing_L_4_2_1,order_submitted,Submitted buy 2 MNQ,{},sent,2026-05-21T20:31:46Z
alert_df3fd709ba55,mnq_yorb_sizing_L_4_2_1,order_submitted,Submitted buy 1 MNQ,{},sent,2026-05-21T20:31:46Z
alert_f5f74edc5c2a,mnq_yorb_sizing_L_4_2_1,info,Yearly ORB range-close exit requested,{},sent,2026-05-21T20:31:47Z
alert_9079d93b4ee3,mnq_yorb_sizing_L_4_2_1,order_submitted,Submitted sell 7 MNQ,{},sent,2026-05-21T20:31:47Z
alert_8a6b28461fe8,mnq_yorb_sizing_L_4_2_1,order_pending_verification,Yearly ORB long retest order intent created,{},sent,2026-05-21T20:31:47Z
alert_b447d0d39096,mnq_yorb_sizing_L_4_2_1,order_submitted,Submitted buy 4 MNQ,{},sent,2026-05-21T20:31:47Z
alert_cf6fcecf0f6d,mnq_yorb_sizing_L_4_2_1,order_submitted,Submitted buy 2 MNQ,{},sent,2026-05-21T20:31:47Z
alert_ec8fd6c19648,mnq_yorb_sizing_L_4_2_1,order_submitted,Submitted buy 1 MNQ,{},sent,2026-05-21T20:31:47Z
alert_9d25bf061fe6,mnq_yorb_sizing_L_4_2_1,info,Modified order ord_6d9367657d6b,{},sent,2026-05-21T20:31:47Z
alert_d3e680930e52,mnq_yorb_sizing_L_4_2_1,info,Cancelled order ord_6d9367657d6b,{},sent,2026-05-21T20:31:47Z
alert_38d4a37e67a4,mnq_yorb_sizing_L_4_2_1,order_submitted,Submitted sell 1 MNQ,{},sent,2026-05-21T20:31:47Z
alert_1eb1c4375948,mnq_yorb_sizing_L_4_2_1,order_pending_verification,Yearly ORB long retest order intent created,{},sent,2026-05-21T20:31:48Z
alert_ca306fe5c70b,mnq_yorb_sizing_L_4_2_1,order_submitted,Submitted buy 4 MNQ,{},sent,2026-05-21T20:31:48Z
alert_2edb8c54ccf8,mnq_yorb_sizing_L_4_2_1,order_submitted,Submitted buy 2 MNQ,{},sent,2026-05-21T20:31:48Z
alert_0abd641aa27e,mnq_yorb_sizing_L_4_2_1,order_submitted,Submitted buy 1 MNQ,{},sent,2026-05-21T20:31:48Z
alert_ebbf1eed2cf6,mnq_yorb_sizing_L_4_2_1,info,Yearly ORB range-close exit requested,{},sent,2026-05-21T20:31:48Z
alert_206ae7efd61f,mnq_yorb_sizing_L_4_2_1,order_submitted,Submitted sell 7 MNQ,{},sent,2026-05-21T20:31:48Z
alert_7d50337fb0ce,mnq_yorb_sizing_L_4_2_1,order_pending_verification,Yearly ORB long retest order intent created,{},sent,2026-05-21T20:31:48Z
alert_94d5b58a4d86,mnq_yorb_sizing_L_4_2_1,order_submitted,Submitted buy 4 MNQ,{},sent,2026-05-21T20:31:48Z
alert_fb568915da6f,mnq_yorb_sizing_L_4_2_1,order_submitted,Submitted buy 2 MNQ,{},sent,2026-05-21T20:31:48Z
alert_f63e748cf0fd,mnq_yorb_sizing_L_4_2_1,order_submitted,Submitted buy 1 MNQ,{},sent,2026-05-21T20:31:48Z
alert_7ea4ce9b8449,mnq_yorb_sizing_L_4_2_1,info,Yearly ORB range-close exit requested,{},sent,2026-05-21T20:31:48Z
alert_6819afeca423,mnq_yorb_sizing_L_4_2_1,order_submitted,Submitted sell 7 MNQ,{},sent,2026-05-21T20:31:48Z
alert_24b867d2ac6d,mnq_yorb_sizing_L_4_2_1,order_pending_verification,Yearly ORB long retest order intent created,{},sent,2026-05-21T20:31:49Z
alert_0881a8d13e71,mnq_yorb_sizing_L_4_2_1,order_submitted,Submitted buy 4 MNQ,{},sent,2026-05-21T20:31:49Z
alert_6be3172c846e,mnq_yorb_sizing_L_4_2_1,order_submitted,Submitted buy 2 MNQ,{},sent,2026-05-21T20:31:49Z
alert_992f74b212cb,mnq_yorb_sizing_L_4_2_1,order_submitted,Submitted buy 1 MNQ,{},sent,2026-05-21T20:31:49Z
alert_95b623800c9b,mnq_yorb_sizing_L_4_2_1,info,Yearly ORB range-close exit requested,{},sent,2026-05-21T20:31:49Z
alert_a87b081ba59e,mnq_yorb_sizing_L_4_2_1,order_submitted,Submitted sell 7 MNQ,{},sent,2026-05-21T20:31:49Z
alert_a661a707de84,mnq_yorb_sizing_L_4_2_1,order_pending_verification,Yearly ORB long retest order intent created,{},sent,2026-05-21T20:31:49Z
alert_82471068347e,mnq_yorb_sizing_L_4_2_1,order_submitted,Submitted buy 4 MNQ,{},sent,2026-05-21T20:31:49Z
alert_398e853b9720,mnq_yorb_sizing_L_4_2_1,order_submitted,Submitted buy 2 MNQ,{},sent,2026-05-21T20:31:49Z
alert_a8b49145204d,mnq_yorb_sizing_L_4_2_1,order_submitted,Submitted buy 1 MNQ,{},sent,2026-05-21T20:31:49Z
alert_6aed59f5a664,mnq_yorb_sizing_L_4_2_1,info,Yearly ORB range-close exit requested,{},sent,2026-05-21T20:31:49Z
alert_1558c20c14f2,mnq_yorb_sizing_L_4_2_1,order_submitted,Submitted sell 3 MNQ,{},sent,2026-05-21T20:31:49Z
alert_5022261d8057,mnq_yorb_sizing_L_4_2_1,order_pending_verification,Yearly ORB long retest order intent created,{},sent,2026-05-21T20:31:49Z
alert_82a368748d8a,mnq_yorb_sizing_L_4_2_1,order_submitted,Submitted buy 4 MNQ,{},sent,2026-05-21T20:31:49Z
alert_1bef115d5e0b,mnq_yorb_sizing_L_4_2_1,order_submitted,Submitted buy 2 MNQ,{},sent,2026-05-21T20:31:49Z
alert_19769e95f4e1,mnq_yorb_sizing_L_4_2_1,order_submitted,Submitted buy 1 MNQ,{},sent,2026-05-21T20:31:49Z
alert_f310bbf6a325,mnq_yorb_sizing_L_4_2_1,info,Yearly ORB range-close exit requested,{},sent,2026-05-21T20:31:49Z
alert_88f738455a16,mnq_yorb_sizing_L_4_2_1,order_submitted,Submitted sell 7 MNQ,{},sent,2026-05-21T20:31:49Z
alert_fd2b51df37d4,mnq_yorb_sizing_L_4_2_1,order_pending_verification,Yearly ORB long retest order intent created,{},sent,2026-05-21T20:31:49Z
alert_4583f1b59242,mnq_yorb_sizing_L_4_2_1,order_submitted,Submitted buy 4 MNQ,{},sent,2026-05-21T20:31:49Z
alert_6e46d60db199,mnq_yorb_sizing_L_4_2_1,order_submitted,Submitted buy 2 MNQ,{},sent,2026-05-21T20:31:49Z
alert_87525ddd5c84,mnq_yorb_sizing_L_4_2_1,order_submitted,Submitted buy 1 MNQ,{},sent,2026-05-21T20:31:49Z
alert_81ac42ac4802,mnq_yorb_sizing_L_4_2_1,info,Modified order ord_d95541d863f1,{},sent,2026-05-21T20:31:49Z
alert_6dc3f6826f98,mnq_yorb_sizing_L_4_2_1,info,Cancelled order ord_d95541d863f1,{},sent,2026-05-21T20:31:49Z
alert_88dca872d8b7,mnq_yorb_sizing_L_4_2_1,order_submitted,Submitted sell 1 MNQ,{},sent,2026-05-21T20:31:49Z
alert_6fd8ac476a67,mnq_yorb_sizing_L_4_2_1,order_pending_verification,Yearly ORB short retest order intent created,{},sent,2026-05-21T20:31:51Z
alert_1e920d8a1dba,mnq_yorb_sizing_L_4_2_1,order_submitted,Submitted sell 4 MNQ,{},sent,2026-05-21T20:31:51Z
alert_3254fa625b4b,mnq_yorb_sizing_L_4_2_1,order_submitted,Submitted sell 2 MNQ,{},sent,2026-05-21T20:31:51Z
alert_c8e76e690cfb,mnq_yorb_sizing_L_4_2_1,order_submitted,Submitted sell 1 MNQ,{},sent,2026-05-21T20:31:51Z
alert_17d5f0563bf8,mnq_yorb_sizing_L_4_2_1,info,Yearly ORB range-close exit requested,{},sent,2026-05-21T20:31:51Z
alert_fe44347ef383,mnq_yorb_sizing_L_4_2_1,order_submitted,Submitted buy 3 MNQ,{},sent,2026-05-21T20:31:51Z
alert_ccf7d06df28b,mnq_yorb_sizing_L_4_2_1,order_pending_verification,Yearly ORB short retest order intent created,{},sent,2026-05-21T20:31:51Z
alert_f2ab33a71079,mnq_yorb_sizing_L_4_2_1,order_submitted,Submitted sell 4 MNQ,{},sent,2026-05-21T20:31:51Z
alert_f944d0dcbbb7,mnq_yorb_sizing_L_4_2_1,order_submitted,Submitted sell 2 MNQ,{},sent,2026-05-21T20:31:51Z
alert_3d36f6749f5b,mnq_yorb_sizing_L_4_2_1,order_submitted,Submitted sell 1 MNQ,{},sent,2026-05-21T20:31:51Z
alert_35d9813db98c,mnq_yorb_sizing_L_4_2_1,info,Yearly ORB range-close exit requested,{},sent,2026-05-21T20:31:51Z
alert_1af7cb58ee29,mnq_yorb_sizing_L_4_2_1,order_submitted,Submitted buy 7 MNQ,{},sent,2026-05-21T20:31:51Z
alert_f3c263d09fcf,mnq_yorb_sizing_L_4_2_1,order_pending_verification,Yearly ORB short retest order intent created,{},sent,2026-05-21T20:31:51Z
alert_538dd4ad0795,mnq_yorb_sizing_L_4_2_1,order_submitted,Submitted sell 4 MNQ,{},sent,2026-05-21T20:31:51Z
alert_b718b469978f,mnq_yorb_sizing_L_4_2_1,order_submitted,Submitted sell 2 MNQ,{},sent,2026-05-21T20:31:51Z
alert_99f1ed8ee5eb,mnq_yorb_sizing_L_4_2_1,order_submitted,Submitted sell 1 MNQ,{},sent,2026-05-21T20:31:51Z
alert_65ae64eb25fb,mnq_yorb_sizing_L_4_2_1,info,Yearly ORB range-close exit requested,{},sent,2026-05-21T20:31:51Z
alert_f61d4a39810a,mnq_yorb_sizing_L_4_2_1,order_submitted,Submitted buy 3 MNQ,{},sent,2026-05-21T20:31:51Z
alert_89bc33f6ee7f,mnq_yorb_sizing_L_4_2_1,order_pending_verification,Yearly ORB long retest order intent created,{},sent,2026-05-21T20:31:51Z
alert_f5cee9915151,mnq_yorb_sizing_L_4_2_1,order_submitted,Submitted buy 4 MNQ,{},sent,2026-05-21T20:31:51Z
alert_d43b6f6b88e0,mnq_yorb_sizing_L_4_2_1,order_submitted,Submitted buy 2 MNQ,{},sent,2026-05-21T20:31:51Z
alert_ea8a0837697c,mnq_yorb_sizing_L_4_2_1,order_submitted,Submitted buy 1 MNQ,{},sent,2026-05-21T20:31:51Z
