ts,realized_points,open_units,close_equity_points,intrabar_stress_points,peak_close_points,close_dd_usd,intrabar_dd_usd
2019-05-05,0.000000,0,0.000000,0.000000,0.000000,0.00,0.00
2019-05-06,0.000000,0,0.000000,0.000000,0.000000,0.00,0.00
2019-05-07,0.000000,0,0.000000,0.000000,0.000000,0.00,0.00
2019-05-08,0.000000,0,0.000000,0.000000,0.000000,0.00,0.00
2019-05-09,0.000000,0,0.000000,0.000000,0.000000,0.00,0.00
2019-05-10,0.000000,0,0.000000,0.000000,0.000000,0.00,0.00
2019-05-12,0.000000,0,0.000000,0.000000,0.000000,0.00,0.00
2019-05-13,0.000000,0,0.000000,0.000000,0.000000,0.00,0.00
2019-05-14,0.000000,0,0.000000,0.000000,0.000000,0.00,0.00
2019-05-15,0.000000,0,0.000000,0.000000,0.000000,0.00,0.00
2019-05-16,0.000000,0,0.000000,0.000000,0.000000,0.00,0.00
2019-05-17,0.000000,0,0.000000,0.000000,0.000000,0.00,0.00
2019-05-19,0.000000,0,0.000000,0.000000,0.000000,0.00,0.00
2019-05-20,0.000000,0,0.000000,0.000000,0.000000,0.00,0.00
2019-05-21,0.000000,0,0.000000,0.000000,0.000000,0.00,0.00
2019-05-22,0.000000,0,0.000000,0.000000,0.000000,0.00,0.00
2019-05-23,0.000000,0,0.000000,0.000000,0.000000,0.00,0.00
2019-05-24,0.000000,0,0.000000,0.000000,0.000000,0.00,0.00
2019-05-26,0.000000,0,0.000000,0.000000,0.000000,0.00,0.00
2019-05-27,0.000000,0,0.000000,0.000000,0.000000,0.00,0.00
2019-05-28,0.000000,0,0.000000,0.000000,0.000000,0.00,0.00
2019-05-29,0.000000,0,0.000000,0.000000,0.000000,0.00,0.00
2019-05-30,0.000000,0,0.000000,0.000000,0.000000,0.00,0.00
2019-05-31,0.000000,0,0.000000,0.000000,0.000000,0.00,0.00
2019-06-02,0.000000,0,0.000000,0.000000,0.000000,0.00,0.00
2019-06-03,0.000000,0,0.000000,0.000000,0.000000,0.00,0.00
2019-06-04,0.000000,0,0.000000,0.000000,0.000000,0.00,0.00
2019-06-05,0.000000,0,0.000000,0.000000,0.000000,0.00,0.00
2019-06-06,0.000000,0,0.000000,0.000000,0.000000,0.00,0.00
2019-06-07,0.000000,0,0.000000,0.000000,0.000000,0.00,0.00
2019-06-09,0.000000,0,0.000000,0.000000,0.000000,0.00,0.00
2019-06-10,0.000000,0,0.000000,0.000000,0.000000,0.00,0.00
2019-06-11,0.000000,0,0.000000,0.000000,0.000000,0.00,0.00
2019-06-12,0.000000,0,0.000000,0.000000,0.000000,0.00,0.00
2019-06-13,0.000000,0,0.000000,0.000000,0.000000,0.00,0.00
2019-06-14,0.000000,0,0.000000,0.000000,0.000000,0.00,0.00
2019-06-16,0.000000,0,0.000000,0.000000,0.000000,0.00,0.00
2019-06-17,0.000000,0,0.000000,0.000000,0.000000,0.00,0.00
2019-06-18,0.000000,0,0.000000,0.000000,0.000000,0.00,0.00
2019-06-19,0.000000,0,0.000000,0.000000,0.000000,0.00,0.00
2019-06-20,0.000000,0,0.000000,0.000000,0.000000,0.00,0.00
2019-06-21,0.000000,0,0.000000,0.000000,0.000000,0.00,0.00
2019-06-23,0.000000,0,0.000000,0.000000,0.000000,0.00,0.00
2019-06-24,0.000000,0,0.000000,0.000000,0.000000,0.00,0.00
2019-06-25,0.000000,0,0.000000,0.000000,0.000000,0.00,0.00
2019-06-26,0.000000,0,0.000000,0.000000,0.000000,0.00,0.00
2019-06-27,0.000000,0,0.000000,0.000000,0.000000,0.00,0.00
2019-06-28,0.000000,0,0.000000,0.000000,0.000000,0.00,0.00
2019-06-30,0.000000,0,0.000000,0.000000,0.000000,0.00,0.00
2019-07-01,0.000000,0,0.000000,0.000000,0.000000,0.00,0.00
2019-07-02,0.000000,0,0.000000,0.000000,0.000000,0.00,0.00
2019-07-03,0.000000,0,0.000000,0.000000,0.000000,0.00,0.00
2019-07-04,0.000000,0,0.000000,0.000000,0.000000,0.00,0.00
2019-07-05,0.000000,0,0.000000,0.000000,0.000000,0.00,0.00
2019-07-07,0.000000,0,0.000000,0.000000,0.000000,0.00,0.00
2019-07-08,0.000000,0,0.000000,0.000000,0.000000,0.00,0.00
2019-07-09,0.000000,0,0.000000,0.000000,0.000000,0.00,0.00
2019-07-10,0.000000,0,0.000000,0.000000,0.000000,0.00,0.00
2019-07-11,0.000000,0,0.000000,0.000000,0.000000,0.00,0.00
2019-07-12,0.000000,0,0.000000,0.000000,0.000000,0.00,0.00
2019-07-14,0.000000,0,0.000000,0.000000,0.000000,0.00,0.00
2019-07-15,0.000000,0,0.000000,0.000000,0.000000,0.00,0.00
2019-07-16,0.000000,0,0.000000,0.000000,0.000000,0.00,0.00
2019-07-17,0.000000,0,0.000000,0.000000,0.000000,0.00,0.00
2019-07-18,0.000000,0,0.000000,0.000000,0.000000,0.00,0.00
2019-07-19,0.000000,0,0.000000,0.000000,0.000000,0.00,0.00
2019-07-21,0.000000,0,0.000000,0.000000,0.000000,0.00,0.00
2019-07-22,0.000000,0,0.000000,0.000000,0.000000,0.00,0.00
2019-07-23,0.000000,0,0.000000,0.000000,0.000000,0.00,0.00
2019-07-24,0.000000,0,0.000000,0.000000,0.000000,0.00,0.00
2019-07-25,0.000000,0,0.000000,0.000000,0.000000,0.00,0.00
2019-07-26,0.000000,0,0.000000,0.000000,0.000000,0.00,0.00
2019-07-28,0.000000,0,0.000000,0.000000,0.000000,0.00,0.00
2019-07-29,0.000000,0,0.000000,0.000000,0.000000,0.00,0.00
2019-07-30,0.000000,0,0.000000,0.000000,0.000000,0.00,0.00
2019-07-31,0.000000,0,0.000000,0.000000,0.000000,0.00,0.00
2019-08-01,0.000000,0,0.000000,0.000000,0.000000,0.00,0.00
2019-08-02,0.000000,0,0.000000,0.000000,0.000000,0.00,0.00
2019-08-04,0.000000,0,0.000000,0.000000,0.000000,0.00,0.00
2019-08-05,0.000000,0,0.000000,0.000000,0.000000,0.00,0.00
2019-08-06,0.000000,0,0.000000,0.000000,0.000000,0.00,0.00
2019-08-07,0.000000,0,0.000000,0.000000,0.000000,0.00,0.00
2019-08-08,0.000000,0,0.000000,0.000000,0.000000,0.00,0.00
2019-08-09,0.000000,0,0.000000,0.000000,0.000000,0.00,0.00
2019-08-11,0.000000,0,0.000000,0.000000,0.000000,0.00,0.00
2019-08-12,0.000000,0,0.000000,0.000000,0.000000,0.00,0.00
2019-08-13,0.000000,0,0.000000,0.000000,0.000000,0.00,0.00
2019-08-14,0.000000,0,0.000000,0.000000,0.000000,0.00,0.00
2019-08-15,0.000000,0,0.000000,0.000000,0.000000,0.00,0.00
2019-08-16,0.000000,0,0.000000,0.000000,0.000000,0.00,0.00
2019-08-18,0.000000,0,0.000000,0.000000,0.000000,0.00,0.00
2019-08-19,0.000000,0,0.000000,0.000000,0.000000,0.00,0.00
2019-08-20,0.000000,0,0.000000,0.000000,0.000000,0.00,0.00
2019-08-21,0.000000,0,0.000000,0.000000,0.000000,0.00,0.00
2019-08-22,0.000000,0,0.000000,0.000000,0.000000,0.00,0.00
2019-08-23,0.000000,0,0.000000,0.000000,0.000000,0.00,0.00
2019-08-25,0.000000,0,0.000000,0.000000,0.000000,0.00,0.00
2019-08-26,0.000000,0,0.000000,0.000000,0.000000,0.00,0.00
2019-08-27,0.000000,0,0.000000,0.000000,0.000000,0.00,0.00
2019-08-28,0.000000,0,0.000000,0.000000,0.000000,0.00,0.00
2019-08-29,0.000000,0,0.000000,0.000000,0.000000,0.00,0.00
2019-08-30,0.000000,0,0.000000,0.000000,0.000000,0.00,0.00
2019-09-01,0.000000,0,0.000000,0.000000,0.000000,0.00,0.00
2019-09-02,0.000000,0,0.000000,0.000000,0.000000,0.00,0.00
2019-09-03,0.000000,0,0.000000,0.000000,0.000000,0.00,0.00
2019-09-04,0.000000,0,0.000000,0.000000,0.000000,0.00,0.00
2019-09-05,0.000000,0,0.000000,0.000000,0.000000,0.00,0.00
2019-09-06,0.000000,0,0.000000,0.000000,0.000000,0.00,0.00
2019-09-08,0.000000,0,0.000000,0.000000,0.000000,0.00,0.00
2019-09-09,0.000000,0,0.000000,0.000000,0.000000,0.00,0.00
2019-09-10,0.000000,0,0.000000,0.000000,0.000000,0.00,0.00
2019-09-11,0.000000,0,0.000000,0.000000,0.000000,0.00,0.00
2019-09-12,0.000000,0,0.000000,0.000000,0.000000,0.00,0.00
2019-09-13,0.000000,0,0.000000,0.000000,0.000000,0.00,0.00
2019-09-15,0.000000,0,0.000000,0.000000,0.000000,0.00,0.00
2019-09-16,0.000000,0,0.000000,0.000000,0.000000,0.00,0.00
2019-09-17,0.000000,0,0.000000,0.000000,0.000000,0.00,0.00
2019-09-18,0.000000,0,0.000000,0.000000,0.000000,0.00,0.00
2019-09-19,0.000000,0,0.000000,0.000000,0.000000,0.00,0.00
2019-09-20,0.000000,0,0.000000,0.000000,0.000000,0.00,0.00
2019-09-22,0.000000,0,0.000000,0.000000,0.000000,0.00,0.00
2019-09-23,0.000000,0,0.000000,0.000000,0.000000,0.00,0.00
2019-09-24,0.000000,0,0.000000,0.000000,0.000000,0.00,0.00
2019-09-25,0.000000,0,0.000000,0.000000,0.000000,0.00,0.00
2019-09-26,0.000000,0,0.000000,0.000000,0.000000,0.00,0.00
2019-09-27,0.000000,0,0.000000,0.000000,0.000000,0.00,0.00
2019-09-29,0.000000,0,0.000000,0.000000,0.000000,0.00,0.00
2019-09-30,0.000000,0,0.000000,0.000000,0.000000,0.00,0.00
2019-10-01,0.000000,0,0.000000,0.000000,0.000000,0.00,0.00
2019-10-02,0.000000,0,0.000000,0.000000,0.000000,0.00,0.00
2019-10-03,0.000000,0,0.000000,0.000000,0.000000,0.00,0.00
2019-10-04,0.000000,0,0.000000,0.000000,0.000000,0.00,0.00
2019-10-06,0.000000,0,0.000000,0.000000,0.000000,0.00,0.00
2019-10-07,0.000000,0,0.000000,0.000000,0.000000,0.00,0.00
2019-10-08,0.000000,0,0.000000,0.000000,0.000000,0.00,0.00
2019-10-09,0.000000,0,0.000000,0.000000,0.000000,0.00,0.00
2019-10-10,0.000000,0,0.000000,0.000000,0.000000,0.00,0.00
2019-10-11,0.000000,0,0.000000,0.000000,0.000000,0.00,0.00
2019-10-13,0.000000,0,0.000000,0.000000,0.000000,0.00,0.00
2019-10-14,0.000000,0,0.000000,0.000000,0.000000,0.00,0.00
2019-10-15,0.000000,0,0.000000,0.000000,0.000000,0.00,0.00
2019-10-16,0.000000,0,0.000000,0.000000,0.000000,0.00,0.00
2019-10-17,0.000000,0,0.000000,0.000000,0.000000,0.00,0.00
2019-10-18,0.000000,0,0.000000,0.000000,0.000000,0.00,0.00
2019-10-20,0.000000,0,0.000000,0.000000,0.000000,0.00,0.00
2019-10-21,0.000000,0,0.000000,0.000000,0.000000,0.00,0.00
2019-10-22,0.000000,0,0.000000,0.000000,0.000000,0.00,0.00
2019-10-23,0.000000,0,0.000000,0.000000,0.000000,0.00,0.00
2019-10-24,0.000000,0,0.000000,0.000000,0.000000,0.00,0.00
2019-10-25,0.000000,0,0.000000,0.000000,0.000000,0.00,0.00
2019-10-27,0.000000,0,0.000000,0.000000,0.000000,0.00,0.00
2019-10-28,0.000000,0,0.000000,0.000000,0.000000,0.00,0.00
2019-10-29,0.000000,0,0.000000,0.000000,0.000000,0.00,0.00
2019-10-30,0.000000,0,0.000000,0.000000,0.000000,0.00,0.00
2019-10-31,0.000000,0,0.000000,0.000000,0.000000,0.00,0.00
2019-11-01,0.000000,0,0.000000,0.000000,0.000000,0.00,0.00
2019-11-03,0.000000,0,0.000000,0.000000,0.000000,0.00,0.00
2019-11-04,0.000000,0,0.000000,0.000000,0.000000,0.00,0.00
2019-11-05,0.000000,0,0.000000,0.000000,0.000000,0.00,0.00
2019-11-06,0.000000,0,0.000000,0.000000,0.000000,0.00,0.00
2019-11-07,0.000000,0,0.000000,0.000000,0.000000,0.00,0.00
2019-11-08,0.000000,0,0.000000,0.000000,0.000000,0.00,0.00
2019-11-10,0.000000,0,0.000000,0.000000,0.000000,0.00,0.00
2019-11-11,0.000000,0,0.000000,0.000000,0.000000,0.00,0.00
2019-11-12,0.000000,0,0.000000,0.000000,0.000000,0.00,0.00
2019-11-13,0.000000,0,0.000000,0.000000,0.000000,0.00,0.00
2019-11-14,0.000000,0,0.000000,0.000000,0.000000,0.00,0.00
2019-11-15,0.000000,0,0.000000,0.000000,0.000000,0.00,0.00
2019-11-17,0.000000,0,0.000000,0.000000,0.000000,0.00,0.00
2019-11-18,0.000000,0,0.000000,0.000000,0.000000,0.00,0.00
2019-11-19,0.000000,0,0.000000,0.000000,0.000000,0.00,0.00
2019-11-20,0.000000,0,0.000000,0.000000,0.000000,0.00,0.00
2019-11-21,0.000000,0,0.000000,0.000000,0.000000,0.00,0.00
2019-11-22,0.000000,0,0.000000,0.000000,0.000000,0.00,0.00
2019-11-24,0.000000,0,0.000000,0.000000,0.000000,0.00,0.00
2019-11-25,0.000000,0,0.000000,0.000000,0.000000,0.00,0.00
2019-11-26,0.000000,0,0.000000,0.000000,0.000000,0.00,0.00
2019-11-27,0.000000,0,0.000000,0.000000,0.000000,0.00,0.00
2019-11-28,0.000000,0,0.000000,0.000000,0.000000,0.00,0.00
2019-11-29,0.000000,0,0.000000,0.000000,0.000000,0.00,0.00
2019-12-01,0.000000,0,0.000000,0.000000,0.000000,0.00,0.00
2019-12-02,0.000000,0,0.000000,0.000000,0.000000,0.00,0.00
2019-12-03,0.000000,0,0.000000,0.000000,0.000000,0.00,0.00
2019-12-04,0.000000,0,0.000000,0.000000,0.000000,0.00,0.00
2019-12-05,0.000000,0,0.000000,0.000000,0.000000,0.00,0.00
2019-12-06,0.000000,0,0.000000,0.000000,0.000000,0.00,0.00
2019-12-08,0.000000,0,0.000000,0.000000,0.000000,0.00,0.00
2019-12-09,0.000000,0,0.000000,0.000000,0.000000,0.00,0.00
2019-12-10,0.000000,0,0.000000,0.000000,0.000000,0.00,0.00
2019-12-11,0.000000,0,0.000000,0.000000,0.000000,0.00,0.00
2019-12-12,0.000000,0,0.000000,0.000000,0.000000,0.00,0.00
2019-12-13,0.000000,0,0.000000,0.000000,0.000000,0.00,0.00
2019-12-15,0.000000,0,0.000000,0.000000,0.000000,0.00,0.00
2019-12-16,0.000000,0,0.000000,0.000000,0.000000,0.00,0.00
2019-12-17,0.000000,0,0.000000,0.000000,0.000000,0.00,0.00
2019-12-18,0.000000,0,0.000000,0.000000,0.000000,0.00,0.00
2019-12-19,0.000000,0,0.000000,0.000000,0.000000,0.00,0.00
2019-12-20,0.000000,0,0.000000,0.000000,0.000000,0.00,0.00
2019-12-22,0.000000,0,0.000000,0.000000,0.000000,0.00,0.00
2019-12-23,0.000000,0,0.000000,0.000000,0.000000,0.00,0.00
2019-12-24,0.000000,0,0.000000,0.000000,0.000000,0.00,0.00
2019-12-25,0.000000,0,0.000000,0.000000,0.000000,0.00,0.00
2019-12-26,0.000000,0,0.000000,0.000000,0.000000,0.00,0.00
2019-12-27,0.000000,0,0.000000,0.000000,0.000000,0.00,0.00
2019-12-29,0.000000,0,0.000000,0.000000,0.000000,0.00,0.00
2019-12-30,0.000000,0,0.000000,0.000000,0.000000,0.00,0.00
2019-12-31,0.000000,0,0.000000,0.000000,0.000000,0.00,0.00
2020-01-01,0.000000,0,0.000000,0.000000,0.000000,0.00,0.00
2020-01-02,0.000000,0,0.000000,0.000000,0.000000,0.00,0.00
2020-01-03,0.000000,0,0.000000,0.000000,0.000000,0.00,0.00
2020-01-05,0.000000,0,0.000000,0.000000,0.000000,0.00,0.00
2020-01-06,0.000000,0,0.000000,0.000000,0.000000,0.00,0.00
2020-01-07,0.000000,0,0.000000,0.000000,0.000000,0.00,0.00
2020-01-08,0.000000,0,0.000000,0.000000,0.000000,0.00,0.00
2020-01-09,0.000000,0,0.000000,0.000000,0.000000,0.00,0.00
2020-01-10,0.000000,0,0.000000,0.000000,0.000000,0.00,0.00
2020-01-12,0.000000,0,0.000000,0.000000,0.000000,0.00,0.00
2020-01-13,0.000000,0,0.000000,0.000000,0.000000,0.00,0.00
2020-01-14,0.000000,0,0.000000,0.000000,0.000000,0.00,0.00
2020-01-15,0.000000,0,0.000000,0.000000,0.000000,0.00,0.00
2020-01-16,0.000000,0,0.000000,0.000000,0.000000,0.00,0.00
2020-01-17,0.000000,0,0.000000,0.000000,0.000000,0.00,0.00
2020-01-19,0.000000,0,0.000000,0.000000,0.000000,0.00,0.00
2020-01-20,0.000000,0,0.000000,0.000000,0.000000,0.00,0.00
2020-01-21,0.000000,0,0.000000,0.000000,0.000000,0.00,0.00
2020-01-22,0.000000,0,0.000000,0.000000,0.000000,0.00,0.00
2020-01-23,0.000000,0,0.000000,0.000000,0.000000,0.00,0.00
2020-01-24,0.000000,0,0.000000,0.000000,0.000000,0.00,0.00
2020-01-26,0.000000,0,0.000000,0.000000,0.000000,0.00,0.00
2020-01-27,0.000000,0,0.000000,0.000000,0.000000,0.00,0.00
2020-01-28,0.000000,0,0.000000,0.000000,0.000000,0.00,0.00
2020-01-29,0.000000,0,0.000000,0.000000,0.000000,0.00,0.00
2020-01-30,0.000000,0,0.000000,0.000000,0.000000,0.00,0.00
2020-01-31,0.000000,0,0.000000,0.000000,0.000000,0.00,0.00
2020-02-02,0.000000,0,0.000000,0.000000,0.000000,0.00,0.00
2020-02-03,0.000000,0,0.000000,0.000000,0.000000,0.00,0.00
2020-02-04,0.000000,0,0.000000,0.000000,0.000000,0.00,0.00
2020-02-05,0.000000,0,0.000000,0.000000,0.000000,0.00,0.00
2020-02-06,0.000000,0,0.000000,0.000000,0.000000,0.00,0.00
2020-02-07,0.000000,0,0.000000,0.000000,0.000000,0.00,0.00
2020-02-09,0.000000,0,0.000000,0.000000,0.000000,0.00,0.00
2020-02-10,0.000000,0,0.000000,0.000000,0.000000,0.00,0.00
2020-02-11,0.000000,0,0.000000,0.000000,0.000000,0.00,0.00
2020-02-12,0.000000,0,0.000000,0.000000,0.000000,0.00,0.00
2020-02-13,0.000000,0,0.000000,0.000000,0.000000,0.00,0.00
2020-02-14,0.000000,0,0.000000,0.000000,0.000000,0.00,0.00
2020-02-16,0.000000,0,0.000000,0.000000,0.000000,0.00,0.00
2020-02-17,0.000000,0,0.000000,0.000000,0.000000,0.00,0.00
2020-02-18,0.000000,0,0.000000,0.000000,0.000000,0.00,0.00
2020-02-19,0.000000,0,0.000000,0.000000,0.000000,0.00,0.00
2020-02-20,0.000000,0,0.000000,0.000000,0.000000,0.00,0.00
2020-02-21,0.000000,0,0.000000,0.000000,0.000000,0.00,0.00
2020-02-23,0.000000,0,0.000000,0.000000,0.000000,0.00,0.00
2020-02-24,0.000000,0,0.000000,0.000000,0.000000,0.00,0.00
2020-02-25,0.000000,0,0.000000,0.000000,0.000000,0.00,0.00
2020-02-26,0.000000,0,0.000000,0.000000,0.000000,0.00,0.00
2020-02-27,0.000000,0,0.000000,0.000000,0.000000,0.00,0.00
2020-02-28,0.000000,0,0.000000,0.000000,0.000000,0.00,0.00
2020-03-01,0.000000,0,0.000000,0.000000,0.000000,0.00,0.00
2020-03-02,0.000000,0,0.000000,0.000000,0.000000,0.00,0.00
2020-03-03,0.000000,0,0.000000,0.000000,0.000000,0.00,0.00
2020-03-04,0.000000,0,0.000000,0.000000,0.000000,0.00,0.00
2020-03-05,0.000000,0,0.000000,0.000000,0.000000,0.00,0.00
2020-03-06,0.000000,0,0.000000,0.000000,0.000000,0.00,0.00
2020-03-08,0.000000,0,0.000000,0.000000,0.000000,0.00,0.00
2020-03-09,0.000000,0,0.000000,0.000000,0.000000,0.00,0.00
2020-03-10,0.000000,0,0.000000,0.000000,0.000000,0.00,0.00
2020-03-11,0.000000,0,0.000000,0.000000,0.000000,0.00,0.00
2020-03-12,0.000000,0,0.000000,0.000000,0.000000,0.00,0.00
2020-03-13,0.000000,0,0.000000,0.000000,0.000000,0.00,0.00
2020-03-15,0.000000,0,0.000000,0.000000,0.000000,0.00,0.00
2020-03-16,0.000000,0,0.000000,0.000000,0.000000,0.00,0.00
2020-03-17,0.000000,0,0.000000,0.000000,0.000000,0.00,0.00
2020-03-18,0.000000,0,0.000000,0.000000,0.000000,0.00,0.00
2020-03-19,0.000000,0,0.000000,0.000000,0.000000,0.00,0.00
2020-03-20,0.000000,0,0.000000,0.000000,0.000000,0.00,0.00
2020-03-22,0.000000,0,0.000000,0.000000,0.000000,0.00,0.00
2020-03-23,0.000000,0,0.000000,0.000000,0.000000,0.00,0.00
2020-03-24,0.000000,0,0.000000,0.000000,0.000000,0.00,0.00
2020-03-25,0.000000,0,0.000000,0.000000,0.000000,0.00,0.00
2020-03-26,0.000000,0,0.000000,0.000000,0.000000,0.00,0.00
2020-03-27,0.000000,0,0.000000,0.000000,0.000000,0.00,0.00
2020-03-29,0.000000,0,0.000000,0.000000,0.000000,0.00,0.00
2020-03-30,0.000000,0,0.000000,0.000000,0.000000,0.00,0.00
2020-03-31,0.000000,0,0.000000,0.000000,0.000000,0.00,0.00
2020-04-01,0.000000,0,0.000000,0.000000,0.000000,0.00,0.00
2020-04-02,0.000000,0,0.000000,0.000000,0.000000,0.00,0.00
2020-04-03,0.000000,0,0.000000,0.000000,0.000000,0.00,0.00
2020-04-05,0.000000,0,0.000000,0.000000,0.000000,0.00,0.00
2020-04-06,0.000000,0,0.000000,0.000000,0.000000,0.00,0.00
2020-04-07,0.000000,0,0.000000,0.000000,0.000000,0.00,0.00
2020-04-08,0.000000,0,0.000000,0.000000,0.000000,0.00,0.00
2020-04-09,0.000000,0,0.000000,0.000000,0.000000,0.00,0.00
2020-04-12,0.000000,0,0.000000,0.000000,0.000000,0.00,0.00
2020-04-13,0.000000,0,0.000000,0.000000,0.000000,0.00,0.00
2020-04-14,0.000000,0,0.000000,0.000000,0.000000,0.00,0.00
2020-04-15,0.000000,0,0.000000,0.000000,0.000000,0.00,0.00
2020-04-16,0.000000,0,0.000000,0.000000,0.000000,0.00,0.00
2020-04-17,0.000000,0,0.000000,0.000000,0.000000,0.00,0.00
2020-04-19,0.000000,0,0.000000,0.000000,0.000000,0.00,0.00
2020-04-20,0.000000,0,0.000000,0.000000,0.000000,0.00,0.00
2020-04-21,0.000000,0,0.000000,0.000000,0.000000,0.00,0.00
2020-04-22,0.000000,0,0.000000,0.000000,0.000000,0.00,0.00
2020-04-23,0.000000,0,0.000000,0.000000,0.000000,0.00,0.00
2020-04-24,0.000000,0,0.000000,0.000000,0.000000,0.00,0.00
2020-04-26,0.000000,0,0.000000,0.000000,0.000000,0.00,0.00
2020-04-27,0.000000,0,0.000000,0.000000,0.000000,0.00,0.00
2020-04-28,0.000000,0,0.000000,0.000000,0.000000,0.00,0.00
2020-04-29,0.000000,0,0.000000,0.000000,0.000000,0.00,0.00
2020-04-30,0.000000,0,0.000000,0.000000,0.000000,0.00,0.00
2020-05-01,0.000000,0,0.000000,0.000000,0.000000,0.00,0.00
2020-05-03,0.000000,0,0.000000,0.000000,0.000000,0.00,0.00
2020-05-04,0.000000,0,0.000000,0.000000,0.000000,0.00,0.00
2020-05-05,0.000000,0,0.000000,0.000000,0.000000,0.00,0.00
2020-05-06,0.000000,0,0.000000,0.000000,0.000000,0.00,0.00
2020-05-07,0.000000,0,0.000000,0.000000,0.000000,0.00,0.00
2020-05-08,0.000000,0,0.000000,0.000000,0.000000,0.00,0.00
2020-05-10,0.000000,0,0.000000,0.000000,0.000000,0.00,0.00
2020-05-11,0.000000,0,0.000000,0.000000,0.000000,0.00,0.00
2020-05-12,0.000000,0,0.000000,0.000000,0.000000,0.00,0.00
2020-05-13,0.000000,0,0.000000,0.000000,0.000000,0.00,0.00
2020-05-14,0.000000,0,0.000000,0.000000,0.000000,0.00,0.00
2020-05-15,0.000000,0,0.000000,0.000000,0.000000,0.00,0.00
2020-05-17,0.000000,0,0.000000,0.000000,0.000000,0.00,0.00
2020-05-18,0.000000,0,0.000000,0.000000,0.000000,0.00,0.00
2020-05-19,0.000000,0,0.000000,0.000000,0.000000,0.00,0.00
2020-05-20,0.000000,0,0.000000,0.000000,0.000000,0.00,0.00
2020-05-21,0.000000,0,0.000000,0.000000,0.000000,0.00,0.00
2020-05-22,0.000000,0,0.000000,0.000000,0.000000,0.00,0.00
2020-05-24,0.000000,0,0.000000,0.000000,0.000000,0.00,0.00
2020-05-25,0.000000,0,0.000000,0.000000,0.000000,0.00,0.00
2020-05-26,0.000000,0,0.000000,0.000000,0.000000,0.00,0.00
2020-05-27,0.000000,0,0.000000,0.000000,0.000000,0.00,0.00
2020-05-28,0.000000,0,0.000000,0.000000,0.000000,0.00,0.00
2020-05-29,0.000000,0,0.000000,0.000000,0.000000,0.00,0.00
2020-05-31,0.000000,0,0.000000,0.000000,0.000000,0.00,0.00
2020-06-01,0.000000,0,0.000000,0.000000,0.000000,0.00,0.00
2020-06-02,0.000000,0,0.000000,0.000000,0.000000,0.00,0.00
2020-06-03,0.000000,0,0.000000,0.000000,0.000000,0.00,0.00
2020-06-04,0.000000,0,0.000000,0.000000,0.000000,0.00,0.00
2020-06-05,0.000000,0,0.000000,0.000000,0.000000,0.00,0.00
2020-06-07,0.000000,0,0.000000,0.000000,0.000000,0.00,0.00
2020-06-08,0.000000,0,0.000000,0.000000,0.000000,0.00,0.00
2020-06-09,0.000000,0,0.000000,0.000000,0.000000,0.00,0.00
2020-06-10,0.000000,0,0.000000,0.000000,0.000000,0.00,0.00
2020-06-11,0.000000,0,0.000000,0.000000,0.000000,0.00,0.00
2020-06-12,0.000000,0,0.000000,0.000000,0.000000,0.00,0.00
2020-06-14,0.000000,0,0.000000,0.000000,0.000000,0.00,0.00
2020-06-15,0.000000,0,0.000000,0.000000,0.000000,0.00,0.00
2020-06-16,0.000000,0,0.000000,0.000000,0.000000,0.00,0.00
2020-06-17,0.000000,0,0.000000,0.000000,0.000000,0.00,0.00
2020-06-18,0.000000,0,0.000000,0.000000,0.000000,0.00,0.00
2020-06-19,0.000000,0,0.000000,0.000000,0.000000,0.00,0.00
2020-06-21,0.000000,0,0.000000,0.000000,0.000000,0.00,0.00
2020-06-22,0.000000,0,0.000000,0.000000,0.000000,0.00,0.00
2020-06-23,0.000000,0,0.000000,0.000000,0.000000,0.00,0.00
2020-06-24,0.000000,0,0.000000,0.000000,0.000000,0.00,0.00
2020-06-25,0.000000,0,0.000000,0.000000,0.000000,0.00,0.00
2020-06-26,0.000000,0,0.000000,0.000000,0.000000,0.00,0.00
2020-06-28,0.000000,0,0.000000,0.000000,0.000000,0.00,0.00
2020-06-29,0.000000,0,0.000000,0.000000,0.000000,0.00,0.00
2020-06-30,0.000000,0,0.000000,0.000000,0.000000,0.00,0.00
2020-07-01,0.000000,0,0.000000,0.000000,0.000000,0.00,0.00
2020-07-02,0.000000,0,0.000000,0.000000,0.000000,0.00,0.00
2020-07-03,0.000000,0,0.000000,0.000000,0.000000,0.00,0.00
2020-07-05,0.000000,0,0.000000,0.000000,0.000000,0.00,0.00
2020-07-06,0.000000,0,0.000000,0.000000,0.000000,0.00,0.00
2020-07-07,0.000000,0,0.000000,0.000000,0.000000,0.00,0.00
2020-07-08,0.000000,0,0.000000,0.000000,0.000000,0.00,0.00
2020-07-09,0.000000,0,0.000000,0.000000,0.000000,0.00,0.00
2020-07-10,0.000000,0,0.000000,0.000000,0.000000,0.00,0.00
2020-07-12,0.000000,0,0.000000,0.000000,0.000000,0.00,0.00
2020-07-13,0.000000,0,0.000000,0.000000,0.000000,0.00,0.00
2020-07-14,0.000000,0,0.000000,0.000000,0.000000,0.00,0.00
2020-07-15,0.000000,0,0.000000,0.000000,0.000000,0.00,0.00
2020-07-16,0.000000,0,0.000000,0.000000,0.000000,0.00,0.00
2020-07-17,0.000000,0,0.000000,0.000000,0.000000,0.00,0.00
2020-07-19,0.000000,0,0.000000,0.000000,0.000000,0.00,0.00
2020-07-20,0.000000,0,0.000000,0.000000,0.000000,0.00,0.00
2020-07-21,0.000000,0,0.000000,0.000000,0.000000,0.00,0.00
2020-07-22,0.000000,0,0.000000,0.000000,0.000000,0.00,0.00
2020-07-23,0.000000,0,0.000000,0.000000,0.000000,0.00,0.00
2020-07-24,0.000000,0,0.000000,0.000000,0.000000,0.00,0.00
2020-07-26,0.000000,0,0.000000,0.000000,0.000000,0.00,0.00
2020-07-27,0.000000,0,0.000000,0.000000,0.000000,0.00,0.00
2020-07-28,0.000000,0,0.000000,0.000000,0.000000,0.00,0.00
2020-07-29,0.000000,0,0.000000,0.000000,0.000000,0.00,0.00
2020-07-30,0.000000,0,0.000000,0.000000,0.000000,0.00,0.00
2020-07-31,0.000000,0,0.000000,0.000000,0.000000,0.00,0.00
2020-08-02,0.000000,0,0.000000,0.000000,0.000000,0.00,0.00
2020-08-03,0.000000,0,0.000000,0.000000,0.000000,0.00,0.00
2020-08-04,0.000000,0,0.000000,0.000000,0.000000,0.00,0.00
2020-08-05,0.000000,0,0.000000,0.000000,0.000000,0.00,0.00
2020-08-06,0.000000,0,0.000000,0.000000,0.000000,0.00,0.00
2020-08-07,0.000000,0,0.000000,0.000000,0.000000,0.00,0.00
2020-08-09,0.000000,0,0.000000,0.000000,0.000000,0.00,0.00
2020-08-10,0.000000,0,0.000000,0.000000,0.000000,0.00,0.00
2020-08-11,0.000000,0,0.000000,0.000000,0.000000,0.00,0.00
2020-08-12,0.000000,0,0.000000,0.000000,0.000000,0.00,0.00
2020-08-13,0.000000,0,0.000000,0.000000,0.000000,0.00,0.00
2020-08-14,0.000000,0,0.000000,0.000000,0.000000,0.00,0.00
2020-08-16,0.000000,0,0.000000,0.000000,0.000000,0.00,0.00
2020-08-17,0.000000,0,0.000000,0.000000,0.000000,0.00,0.00
2020-08-18,0.000000,0,0.000000,0.000000,0.000000,0.00,0.00
2020-08-19,0.000000,0,0.000000,0.000000,0.000000,0.00,0.00
2020-08-20,0.000000,0,0.000000,0.000000,0.000000,0.00,0.00
2020-08-21,0.000000,0,0.000000,0.000000,0.000000,0.00,0.00
2020-08-23,0.000000,0,0.000000,0.000000,0.000000,0.00,0.00
2020-08-24,0.000000,0,0.000000,0.000000,0.000000,0.00,0.00
2020-08-25,0.000000,0,0.000000,0.000000,0.000000,0.00,0.00
2020-08-26,0.000000,0,0.000000,0.000000,0.000000,0.00,0.00
2020-08-27,0.000000,0,0.000000,0.000000,0.000000,0.00,0.00
2020-08-28,0.000000,0,0.000000,0.000000,0.000000,0.00,0.00
2020-08-30,0.000000,0,0.000000,0.000000,0.000000,0.00,0.00
2020-08-31,0.000000,0,0.000000,0.000000,0.000000,0.00,0.00
2020-09-01,0.000000,0,0.000000,0.000000,0.000000,0.00,0.00
2020-09-02,0.000000,0,0.000000,0.000000,0.000000,0.00,0.00
2020-09-03,0.000000,0,0.000000,0.000000,0.000000,0.00,0.00
2020-09-04,0.000000,6,100.500000,-298.500000,100.500000,0.00,-1995.00
2020-09-06,0.000000,6,43.500000,-96.000000,100.500000,-285.00,-982.50
2020-09-07,0.000000,6,252.000000,-31.500000,252.000000,0.00,-1417.50
2020-09-08,0.000000,6,-451.500000,-612.000000,252.000000,-3517.50,-4320.00
2020-09-09,-321.300000,0,-321.300000,-321.300000,252.000000,-2866.50,-2866.50
2020-09-10,-321.300000,6,-625.800000,-742.800000,252.000000,-4389.00,-4974.00
2020-09-11,-642.600000,0,-642.600000,-642.600000,252.000000,-4473.00,-4473.00
2020-09-13,-642.600000,0,-642.600000,-642.600000,252.000000,-4473.00,-4473.00
2020-09-14,-642.600000,0,-642.600000,-642.600000,252.000000,-4473.00,-4473.00
2020-09-15,-642.600000,0,-642.600000,-642.600000,252.000000,-4473.00,-4473.00
2020-09-16,-642.600000,0,-642.600000,-642.600000,252.000000,-4473.00,-4473.00
2020-09-17,-642.600000,0,-642.600000,-642.600000,252.000000,-4473.00,-4473.00
2020-09-18,-642.600000,0,-642.600000,-642.600000,252.000000,-4473.00,-4473.00
2020-09-20,-642.600000,0,-642.600000,-642.600000,252.000000,-4473.00,-4473.00
2020-09-21,-642.600000,0,-642.600000,-642.600000,252.000000,-4473.00,-4473.00
2020-09-22,-642.600000,0,-642.600000,-642.600000,252.000000,-4473.00,-4473.00
2020-09-23,-642.600000,0,-642.600000,-642.600000,252.000000,-4473.00,-4473.00
2020-09-24,-642.600000,0,-642.600000,-642.600000,252.000000,-4473.00,-4473.00
2020-09-25,-642.600000,0,-642.600000,-642.600000,252.000000,-4473.00,-4473.00
2020-09-27,-642.600000,0,-642.600000,-642.600000,252.000000,-4473.00,-4473.00
2020-09-28,-642.600000,0,-642.600000,-642.600000,252.000000,-4473.00,-4473.00
2020-09-29,-642.600000,0,-642.600000,-642.600000,252.000000,-4473.00,-4473.00
2020-09-30,-642.600000,0,-642.600000,-642.600000,252.000000,-4473.00,-4473.00
2020-10-01,-642.600000,0,-642.600000,-642.600000,252.000000,-4473.00,-4473.00
2020-10-02,-642.600000,0,-642.600000,-642.600000,252.000000,-4473.00,-4473.00
2020-10-04,-642.600000,0,-642.600000,-642.600000,252.000000,-4473.00,-4473.00
2020-10-05,-642.600000,0,-642.600000,-642.600000,252.000000,-4473.00,-4473.00
2020-10-06,-642.600000,0,-642.600000,-642.600000,252.000000,-4473.00,-4473.00
2020-10-07,-642.600000,0,-642.600000,-642.600000,252.000000,-4473.00,-4473.00
2020-10-08,-642.600000,0,-642.600000,-642.600000,252.000000,-4473.00,-4473.00
2020-10-09,-642.600000,0,-642.600000,-642.600000,252.000000,-4473.00,-4473.00
2020-10-11,-642.600000,0,-642.600000,-642.600000,252.000000,-4473.00,-4473.00
2020-10-12,-642.600000,0,-642.600000,-642.600000,252.000000,-4473.00,-4473.00
2020-10-13,-642.600000,0,-642.600000,-642.600000,252.000000,-4473.00,-4473.00
2020-10-14,-642.600000,0,-642.600000,-642.600000,252.000000,-4473.00,-4473.00
2020-10-15,-642.600000,0,-642.600000,-642.600000,252.000000,-4473.00,-4473.00
2020-10-16,-642.600000,0,-642.600000,-642.600000,252.000000,-4473.00,-4473.00
2020-10-18,-642.600000,0,-642.600000,-642.600000,252.000000,-4473.00,-4473.00
2020-10-19,-642.600000,0,-642.600000,-642.600000,252.000000,-4473.00,-4473.00
2020-10-20,-642.600000,0,-642.600000,-642.600000,252.000000,-4473.00,-4473.00
2020-10-21,-642.600000,0,-642.600000,-642.600000,252.000000,-4473.00,-4473.00
2020-10-22,-642.600000,0,-642.600000,-642.600000,252.000000,-4473.00,-4473.00
2020-10-23,-642.600000,0,-642.600000,-642.600000,252.000000,-4473.00,-4473.00
2020-10-25,-642.600000,0,-642.600000,-642.600000,252.000000,-4473.00,-4473.00
2020-10-26,-642.600000,6,-674.100000,-891.600000,252.000000,-4630.50,-5718.00
2020-10-27,-395.400000,0,-395.400000,-395.400000,252.000000,-3237.00,-3237.00
2020-10-28,-395.400000,0,-395.400000,-395.400000,252.000000,-3237.00,-3237.00
2020-10-29,-395.400000,0,-395.400000,-395.400000,252.000000,-3237.00,-3237.00
2020-10-30,-395.400000,0,-395.400000,-395.400000,252.000000,-3237.00,-3237.00
2020-11-01,-395.400000,0,-395.400000,-395.400000,252.000000,-3237.00,-3237.00
2020-11-02,-395.400000,0,-395.400000,-395.400000,252.000000,-3237.00,-3237.00
2020-11-03,-395.400000,0,-395.400000,-395.400000,252.000000,-3237.00,-3237.00
2020-11-04,-395.400000,0,-395.400000,-395.400000,252.000000,-3237.00,-3237.00
2020-11-05,-395.400000,0,-395.400000,-395.400000,252.000000,-3237.00,-3237.00
2020-11-06,-395.400000,0,-395.400000,-395.400000,252.000000,-3237.00,-3237.00
2020-11-08,-395.400000,0,-395.400000,-395.400000,252.000000,-3237.00,-3237.00
2020-11-09,-395.400000,0,-395.400000,-395.400000,252.000000,-3237.00,-3237.00
2020-11-10,-395.400000,0,-395.400000,-395.400000,252.000000,-3237.00,-3237.00
2020-11-11,-395.400000,0,-395.400000,-395.400000,252.000000,-3237.00,-3237.00
2020-11-12,-395.400000,0,-395.400000,-395.400000,252.000000,-3237.00,-3237.00
2020-11-13,-395.400000,0,-395.400000,-395.400000,252.000000,-3237.00,-3237.00
2020-11-15,-395.400000,0,-395.400000,-395.400000,252.000000,-3237.00,-3237.00
2020-11-16,-395.400000,0,-395.400000,-395.400000,252.000000,-3237.00,-3237.00
2020-11-17,-395.400000,0,-395.400000,-395.400000,252.000000,-3237.00,-3237.00
2020-11-18,-395.400000,0,-395.400000,-395.400000,252.000000,-3237.00,-3237.00
2020-11-19,-395.400000,0,-395.400000,-395.400000,252.000000,-3237.00,-3237.00
2020-11-20,-395.400000,0,-395.400000,-395.400000,252.000000,-3237.00,-3237.00
2020-11-22,-395.400000,0,-395.400000,-395.400000,252.000000,-3237.00,-3237.00
2020-11-23,-395.400000,0,-395.400000,-395.400000,252.000000,-3237.00,-3237.00
2020-11-24,-395.400000,0,-395.400000,-395.400000,252.000000,-3237.00,-3237.00
2020-11-25,-395.400000,0,-395.400000,-395.400000,252.000000,-3237.00,-3237.00
2020-11-26,-395.400000,0,-395.400000,-395.400000,252.000000,-3237.00,-3237.00
2020-11-27,-395.400000,0,-395.400000,-395.400000,252.000000,-3237.00,-3237.00
2020-11-29,-395.400000,0,-395.400000,-395.400000,252.000000,-3237.00,-3237.00
2020-11-30,-395.400000,0,-395.400000,-395.400000,252.000000,-3237.00,-3237.00
2020-12-01,-395.400000,0,-395.400000,-395.400000,252.000000,-3237.00,-3237.00
2020-12-02,-395.400000,0,-395.400000,-395.400000,252.000000,-3237.00,-3237.00
2020-12-03,-395.400000,0,-395.400000,-395.400000,252.000000,-3237.00,-3237.00
2020-12-04,-395.400000,0,-395.400000,-395.400000,252.000000,-3237.00,-3237.00
2020-12-06,-395.400000,0,-395.400000,-395.400000,252.000000,-3237.00,-3237.00
2020-12-07,-395.400000,0,-395.400000,-395.400000,252.000000,-3237.00,-3237.00
2020-12-08,-395.400000,0,-395.400000,-395.400000,252.000000,-3237.00,-3237.00
2020-12-09,-395.400000,0,-395.400000,-395.400000,252.000000,-3237.00,-3237.00
2020-12-10,-395.400000,0,-395.400000,-395.400000,252.000000,-3237.00,-3237.00
2020-12-11,-395.400000,0,-395.400000,-395.400000,252.000000,-3237.00,-3237.00
2020-12-13,-395.400000,0,-395.400000,-395.400000,252.000000,-3237.00,-3237.00
2020-12-14,-395.400000,0,-395.400000,-395.400000,252.000000,-3237.00,-3237.00
2020-12-15,-395.400000,0,-395.400000,-395.400000,252.000000,-3237.00,-3237.00
2020-12-16,-395.400000,0,-395.400000,-395.400000,252.000000,-3237.00,-3237.00
2020-12-17,-395.400000,0,-395.400000,-395.400000,252.000000,-3237.00,-3237.00
2020-12-18,-395.400000,0,-395.400000,-395.400000,252.000000,-3237.00,-3237.00
2020-12-20,-395.400000,0,-395.400000,-395.400000,252.000000,-3237.00,-3237.00
2020-12-21,-395.400000,0,-395.400000,-395.400000,252.000000,-3237.00,-3237.00
2020-12-22,-395.400000,0,-395.400000,-395.400000,252.000000,-3237.00,-3237.00
2020-12-23,-395.400000,0,-395.400000,-395.400000,252.000000,-3237.00,-3237.00
2020-12-24,-395.400000,0,-395.400000,-395.400000,252.000000,-3237.00,-3237.00
2020-12-27,-395.400000,0,-395.400000,-395.400000,252.000000,-3237.00,-3237.00
2020-12-28,-395.400000,0,-395.400000,-395.400000,252.000000,-3237.00,-3237.00
2020-12-29,-395.400000,0,-395.400000,-395.400000,252.000000,-3237.00,-3237.00
2020-12-30,-395.400000,0,-395.400000,-395.400000,252.000000,-3237.00,-3237.00
2020-12-31,-395.400000,0,-395.400000,-395.400000,252.000000,-3237.00,-3237.00
2021-01-03,-395.400000,0,-395.400000,-395.400000,252.000000,-3237.00,-3237.00
2021-01-04,-395.400000,0,-395.400000,-395.400000,252.000000,-3237.00,-3237.00
2021-01-05,-395.400000,0,-395.400000,-395.400000,252.000000,-3237.00,-3237.00
2021-01-06,-395.400000,0,-395.400000,-395.400000,252.000000,-3237.00,-3237.00
2021-01-07,-395.400000,0,-395.400000,-395.400000,252.000000,-3237.00,-3237.00
2021-01-08,-395.400000,0,-395.400000,-395.400000,252.000000,-3237.00,-3237.00
2021-01-10,-395.400000,0,-395.400000,-395.400000,252.000000,-3237.00,-3237.00
2021-01-11,-395.400000,0,-395.400000,-395.400000,252.000000,-3237.00,-3237.00
2021-01-12,-395.400000,0,-395.400000,-395.400000,252.000000,-3237.00,-3237.00
2021-01-13,-395.400000,0,-395.400000,-395.400000,252.000000,-3237.00,-3237.00
2021-01-14,-395.400000,0,-395.400000,-395.400000,252.000000,-3237.00,-3237.00
2021-01-15,-395.400000,0,-395.400000,-395.400000,252.000000,-3237.00,-3237.00
2021-01-17,-395.400000,0,-395.400000,-395.400000,252.000000,-3237.00,-3237.00
2021-01-18,-395.400000,0,-395.400000,-395.400000,252.000000,-3237.00,-3237.00
2021-01-19,-395.400000,0,-395.400000,-395.400000,252.000000,-3237.00,-3237.00
2021-01-20,-395.400000,0,-395.400000,-395.400000,252.000000,-3237.00,-3237.00
2021-01-21,-395.400000,0,-395.400000,-395.400000,252.000000,-3237.00,-3237.00
2021-01-22,-395.400000,0,-395.400000,-395.400000,252.000000,-3237.00,-3237.00
2021-01-24,-395.400000,0,-395.400000,-395.400000,252.000000,-3237.00,-3237.00
2021-01-25,-395.400000,0,-395.400000,-395.400000,252.000000,-3237.00,-3237.00
2021-01-26,-395.400000,0,-395.400000,-395.400000,252.000000,-3237.00,-3237.00
2021-01-27,-395.400000,0,-395.400000,-395.400000,252.000000,-3237.00,-3237.00
2021-01-28,-395.400000,0,-395.400000,-395.400000,252.000000,-3237.00,-3237.00
2021-01-29,-395.400000,0,-395.400000,-395.400000,252.000000,-3237.00,-3237.00
2021-01-31,-395.400000,0,-395.400000,-395.400000,252.000000,-3237.00,-3237.00
2021-02-01,-395.400000,0,-395.400000,-395.400000,252.000000,-3237.00,-3237.00
2021-02-02,-395.400000,0,-395.400000,-395.400000,252.000000,-3237.00,-3237.00
2021-02-03,-395.400000,0,-395.400000,-395.400000,252.000000,-3237.00,-3237.00
2021-02-04,-395.400000,0,-395.400000,-395.400000,252.000000,-3237.00,-3237.00
2021-02-05,-395.400000,0,-395.400000,-395.400000,252.000000,-3237.00,-3237.00
2021-02-07,-395.400000,0,-395.400000,-395.400000,252.000000,-3237.00,-3237.00
2021-02-08,-395.400000,0,-395.400000,-395.400000,252.000000,-3237.00,-3237.00
2021-02-09,-395.400000,0,-395.400000,-395.400000,252.000000,-3237.00,-3237.00
2021-02-10,-395.400000,0,-395.400000,-395.400000,252.000000,-3237.00,-3237.00
2021-02-11,-395.400000,0,-395.400000,-395.400000,252.000000,-3237.00,-3237.00
2021-02-12,-395.400000,0,-395.400000,-395.400000,252.000000,-3237.00,-3237.00
2021-02-14,-395.400000,0,-395.400000,-395.400000,252.000000,-3237.00,-3237.00
2021-02-15,-395.400000,0,-395.400000,-395.400000,252.000000,-3237.00,-3237.00
2021-02-16,-395.400000,0,-395.400000,-395.400000,252.000000,-3237.00,-3237.00
2021-02-17,-395.400000,0,-395.400000,-395.400000,252.000000,-3237.00,-3237.00
2021-02-18,-395.400000,0,-395.400000,-395.400000,252.000000,-3237.00,-3237.00
2021-02-19,-395.400000,0,-395.400000,-395.400000,252.000000,-3237.00,-3237.00
2021-02-21,-395.400000,0,-395.400000,-395.400000,252.000000,-3237.00,-3237.00
2021-02-22,-395.400000,0,-395.400000,-395.400000,252.000000,-3237.00,-3237.00
2021-02-23,-395.400000,0,-395.400000,-395.400000,252.000000,-3237.00,-3237.00
2021-02-24,-395.400000,0,-395.400000,-395.400000,252.000000,-3237.00,-3237.00
2021-02-25,-395.400000,0,-395.400000,-395.400000,252.000000,-3237.00,-3237.00
2021-02-26,-395.400000,0,-395.400000,-395.400000,252.000000,-3237.00,-3237.00
2021-02-28,-395.400000,0,-395.400000,-395.400000,252.000000,-3237.00,-3237.00
2021-03-01,-395.400000,0,-395.400000,-395.400000,252.000000,-3237.00,-3237.00
2021-03-02,-395.400000,0,-395.400000,-395.400000,252.000000,-3237.00,-3237.00
2021-03-03,-395.400000,0,-395.400000,-395.400000,252.000000,-3237.00,-3237.00
2021-03-04,-395.400000,0,-395.400000,-395.400000,252.000000,-3237.00,-3237.00
2021-03-05,-395.400000,0,-395.400000,-395.400000,252.000000,-3237.00,-3237.00
2021-03-07,-395.400000,0,-395.400000,-395.400000,252.000000,-3237.00,-3237.00
2021-03-08,-395.400000,0,-395.400000,-395.400000,252.000000,-3237.00,-3237.00
2021-03-09,-395.400000,0,-395.400000,-395.400000,252.000000,-3237.00,-3237.00
2021-03-10,-395.400000,0,-395.400000,-395.400000,252.000000,-3237.00,-3237.00
2021-03-11,-395.400000,0,-395.400000,-395.400000,252.000000,-3237.00,-3237.00
2021-03-12,-395.400000,0,-395.400000,-395.400000,252.000000,-3237.00,-3237.00
2021-03-14,-395.400000,0,-395.400000,-395.400000,252.000000,-3237.00,-3237.00
2021-03-15,-395.400000,0,-395.400000,-395.400000,252.000000,-3237.00,-3237.00
2021-03-16,-395.400000,0,-395.400000,-395.400000,252.000000,-3237.00,-3237.00
2021-03-17,-395.400000,0,-395.400000,-395.400000,252.000000,-3237.00,-3237.00
2021-03-18,-395.400000,0,-395.400000,-395.400000,252.000000,-3237.00,-3237.00
2021-03-19,-395.400000,0,-395.400000,-395.400000,252.000000,-3237.00,-3237.00
2021-03-21,-395.400000,0,-395.400000,-395.400000,252.000000,-3237.00,-3237.00
2021-03-22,-395.400000,0,-395.400000,-395.400000,252.000000,-3237.00,-3237.00
2021-03-23,-395.400000,0,-395.400000,-395.400000,252.000000,-3237.00,-3237.00
2021-03-24,-395.400000,0,-395.400000,-395.400000,252.000000,-3237.00,-3237.00
2021-03-25,-395.400000,0,-395.400000,-395.400000,252.000000,-3237.00,-3237.00
2021-03-26,-395.400000,0,-395.400000,-395.400000,252.000000,-3237.00,-3237.00
2021-03-28,-395.400000,0,-395.400000,-395.400000,252.000000,-3237.00,-3237.00
2021-03-29,-395.400000,0,-395.400000,-395.400000,252.000000,-3237.00,-3237.00
2021-03-30,-395.400000,0,-395.400000,-395.400000,252.000000,-3237.00,-3237.00
2021-03-31,-395.400000,0,-395.400000,-395.400000,252.000000,-3237.00,-3237.00
2021-04-01,-395.400000,0,-395.400000,-395.400000,252.000000,-3237.00,-3237.00
2021-04-02,-395.400000,0,-395.400000,-395.400000,252.000000,-3237.00,-3237.00
2021-04-04,-395.400000,0,-395.400000,-395.400000,252.000000,-3237.00,-3237.00
2021-04-05,-395.400000,0,-395.400000,-395.400000,252.000000,-3237.00,-3237.00
2021-04-06,-395.400000,0,-395.400000,-395.400000,252.000000,-3237.00,-3237.00
2021-04-07,-395.400000,0,-395.400000,-395.400000,252.000000,-3237.00,-3237.00
2021-04-08,-395.400000,0,-395.400000,-395.400000,252.000000,-3237.00,-3237.00
2021-04-09,-395.400000,0,-395.400000,-395.400000,252.000000,-3237.00,-3237.00
2021-04-11,-395.400000,0,-395.400000,-395.400000,252.000000,-3237.00,-3237.00
2021-04-12,-395.400000,0,-395.400000,-395.400000,252.000000,-3237.00,-3237.00
2021-04-13,-395.400000,0,-395.400000,-395.400000,252.000000,-3237.00,-3237.00
2021-04-14,-395.400000,0,-395.400000,-395.400000,252.000000,-3237.00,-3237.00
2021-04-15,-395.400000,0,-395.400000,-395.400000,252.000000,-3237.00,-3237.00
2021-04-16,-395.400000,0,-395.400000,-395.400000,252.000000,-3237.00,-3237.00
2021-04-18,-395.400000,0,-395.400000,-395.400000,252.000000,-3237.00,-3237.00
2021-04-19,-395.400000,0,-395.400000,-395.400000,252.000000,-3237.00,-3237.00
2021-04-20,-395.400000,0,-395.400000,-395.400000,252.000000,-3237.00,-3237.00
2021-04-21,-395.400000,0,-395.400000,-395.400000,252.000000,-3237.00,-3237.00
2021-04-22,-395.400000,0,-395.400000,-395.400000,252.000000,-3237.00,-3237.00
2021-04-23,-395.400000,0,-395.400000,-395.400000,252.000000,-3237.00,-3237.00
2021-04-25,-395.400000,0,-395.400000,-395.400000,252.000000,-3237.00,-3237.00
2021-04-26,-395.400000,0,-395.400000,-395.400000,252.000000,-3237.00,-3237.00
2021-04-27,-395.400000,0,-395.400000,-395.400000,252.000000,-3237.00,-3237.00
2021-04-28,-395.400000,0,-395.400000,-395.400000,252.000000,-3237.00,-3237.00
2021-04-29,-395.400000,0,-395.400000,-395.400000,252.000000,-3237.00,-3237.00
2021-04-30,-395.400000,0,-395.400000,-395.400000,252.000000,-3237.00,-3237.00
2021-05-02,-395.400000,0,-395.400000,-395.400000,252.000000,-3237.00,-3237.00
2021-05-03,-395.400000,0,-395.400000,-395.400000,252.000000,-3237.00,-3237.00
2021-05-04,-395.400000,0,-395.400000,-395.400000,252.000000,-3237.00,-3237.00
2021-05-05,-395.400000,0,-395.400000,-395.400000,252.000000,-3237.00,-3237.00
2021-05-06,-395.400000,0,-395.400000,-395.400000,252.000000,-3237.00,-3237.00
2021-05-07,-395.400000,0,-395.400000,-395.400000,252.000000,-3237.00,-3237.00
2021-05-09,-395.400000,0,-395.400000,-395.400000,252.000000,-3237.00,-3237.00
2021-05-10,-395.400000,0,-395.400000,-395.400000,252.000000,-3237.00,-3237.00
2021-05-11,-395.400000,0,-395.400000,-395.400000,252.000000,-3237.00,-3237.00
2021-05-12,-395.400000,0,-395.400000,-395.400000,252.000000,-3237.00,-3237.00
2021-05-13,-395.400000,0,-395.400000,-395.400000,252.000000,-3237.00,-3237.00
2021-05-14,-395.400000,0,-395.400000,-395.400000,252.000000,-3237.00,-3237.00
2021-05-16,-395.400000,0,-395.400000,-395.400000,252.000000,-3237.00,-3237.00
2021-05-17,-395.400000,0,-395.400000,-395.400000,252.000000,-3237.00,-3237.00
2021-05-18,-395.400000,0,-395.400000,-395.400000,252.000000,-3237.00,-3237.00
2021-05-19,-395.400000,0,-395.400000,-395.400000,252.000000,-3237.00,-3237.00
2021-05-20,-395.400000,0,-395.400000,-395.400000,252.000000,-3237.00,-3237.00
2021-05-21,-395.400000,0,-395.400000,-395.400000,252.000000,-3237.00,-3237.00
2021-05-23,-395.400000,0,-395.400000,-395.400000,252.000000,-3237.00,-3237.00
2021-05-24,-395.400000,0,-395.400000,-395.400000,252.000000,-3237.00,-3237.00
2021-05-25,-395.400000,0,-395.400000,-395.400000,252.000000,-3237.00,-3237.00
2021-05-26,-395.400000,0,-395.400000,-395.400000,252.000000,-3237.00,-3237.00
2021-05-27,-395.400000,0,-395.400000,-395.400000,252.000000,-3237.00,-3237.00
2021-05-28,-395.400000,0,-395.400000,-395.400000,252.000000,-3237.00,-3237.00
2021-05-30,-395.400000,0,-395.400000,-395.400000,252.000000,-3237.00,-3237.00
2021-05-31,-395.400000,0,-395.400000,-395.400000,252.000000,-3237.00,-3237.00
2021-06-01,-395.400000,0,-395.400000,-395.400000,252.000000,-3237.00,-3237.00
2021-06-02,-395.400000,0,-395.400000,-395.400000,252.000000,-3237.00,-3237.00
2021-06-03,-395.400000,0,-395.400000,-395.400000,252.000000,-3237.00,-3237.00
2021-06-04,-395.400000,0,-395.400000,-395.400000,252.000000,-3237.00,-3237.00
2021-06-06,-395.400000,0,-395.400000,-395.400000,252.000000,-3237.00,-3237.00
2021-06-07,-395.400000,0,-395.400000,-395.400000,252.000000,-3237.00,-3237.00
2021-06-08,-395.400000,0,-395.400000,-395.400000,252.000000,-3237.00,-3237.00
2021-06-09,-395.400000,0,-395.400000,-395.400000,252.000000,-3237.00,-3237.00
2021-06-10,-395.400000,0,-395.400000,-395.400000,252.000000,-3237.00,-3237.00
2021-06-11,-395.400000,0,-395.400000,-395.400000,252.000000,-3237.00,-3237.00
2021-06-13,-395.400000,0,-395.400000,-395.400000,252.000000,-3237.00,-3237.00
2021-06-14,-395.400000,0,-395.400000,-395.400000,252.000000,-3237.00,-3237.00
2021-06-15,-395.400000,0,-395.400000,-395.400000,252.000000,-3237.00,-3237.00
2021-06-16,-395.400000,0,-395.400000,-395.400000,252.000000,-3237.00,-3237.00
2021-06-17,-395.400000,0,-395.400000,-395.400000,252.000000,-3237.00,-3237.00
2021-06-18,-395.400000,0,-395.400000,-395.400000,252.000000,-3237.00,-3237.00
2021-06-20,-395.400000,0,-395.400000,-395.400000,252.000000,-3237.00,-3237.00
2021-06-21,-395.400000,0,-395.400000,-395.400000,252.000000,-3237.00,-3237.00
2021-06-22,-395.400000,0,-395.400000,-395.400000,252.000000,-3237.00,-3237.00
2021-06-23,-395.400000,0,-395.400000,-395.400000,252.000000,-3237.00,-3237.00
2021-06-24,-395.400000,0,-395.400000,-395.400000,252.000000,-3237.00,-3237.00
2021-06-25,-395.400000,0,-395.400000,-395.400000,252.000000,-3237.00,-3237.00
2021-06-27,-395.400000,0,-395.400000,-395.400000,252.000000,-3237.00,-3237.00
2021-06-28,-395.400000,0,-395.400000,-395.400000,252.000000,-3237.00,-3237.00
2021-06-29,-395.400000,0,-395.400000,-395.400000,252.000000,-3237.00,-3237.00
2021-06-30,-395.400000,0,-395.400000,-395.400000,252.000000,-3237.00,-3237.00
2021-07-01,-395.400000,0,-395.400000,-395.400000,252.000000,-3237.00,-3237.00
2021-07-02,-395.400000,0,-395.400000,-395.400000,252.000000,-3237.00,-3237.00
2021-07-04,-395.400000,0,-395.400000,-395.400000,252.000000,-3237.00,-3237.00
2021-07-05,-395.400000,0,-395.400000,-395.400000,252.000000,-3237.00,-3237.00
2021-07-06,-395.400000,0,-395.400000,-395.400000,252.000000,-3237.00,-3237.00
2021-07-07,-395.400000,0,-395.400000,-395.400000,252.000000,-3237.00,-3237.00
2021-07-08,-395.400000,0,-395.400000,-395.400000,252.000000,-3237.00,-3237.00
2021-07-09,-395.400000,0,-395.400000,-395.400000,252.000000,-3237.00,-3237.00
2021-07-11,-395.400000,0,-395.400000,-395.400000,252.000000,-3237.00,-3237.00
2021-07-12,-395.400000,0,-395.400000,-395.400000,252.000000,-3237.00,-3237.00
2021-07-13,-395.400000,0,-395.400000,-395.400000,252.000000,-3237.00,-3237.00
2021-07-14,-395.400000,0,-395.400000,-395.400000,252.000000,-3237.00,-3237.00
2021-07-15,-395.400000,0,-395.400000,-395.400000,252.000000,-3237.00,-3237.00
2021-07-16,-395.400000,0,-395.400000,-395.400000,252.000000,-3237.00,-3237.00
2021-07-18,-395.400000,0,-395.400000,-395.400000,252.000000,-3237.00,-3237.00
2021-07-19,-395.400000,0,-395.400000,-395.400000,252.000000,-3237.00,-3237.00
2021-07-20,-395.400000,0,-395.400000,-395.400000,252.000000,-3237.00,-3237.00
2021-07-21,-395.400000,0,-395.400000,-395.400000,252.000000,-3237.00,-3237.00
2021-07-22,-395.400000,0,-395.400000,-395.400000,252.000000,-3237.00,-3237.00
2021-07-23,-395.400000,0,-395.400000,-395.400000,252.000000,-3237.00,-3237.00
2021-07-25,-395.400000,0,-395.400000,-395.400000,252.000000,-3237.00,-3237.00
2021-07-26,-395.400000,0,-395.400000,-395.400000,252.000000,-3237.00,-3237.00
2021-07-27,-395.400000,0,-395.400000,-395.400000,252.000000,-3237.00,-3237.00
2021-07-28,-395.400000,0,-395.400000,-395.400000,252.000000,-3237.00,-3237.00
2021-07-29,-395.400000,0,-395.400000,-395.400000,252.000000,-3237.00,-3237.00
2021-07-30,-395.400000,0,-395.400000,-395.400000,252.000000,-3237.00,-3237.00
2021-08-01,-395.400000,0,-395.400000,-395.400000,252.000000,-3237.00,-3237.00
2021-08-02,-395.400000,0,-395.400000,-395.400000,252.000000,-3237.00,-3237.00
2021-08-03,-395.400000,0,-395.400000,-395.400000,252.000000,-3237.00,-3237.00
2021-08-04,-395.400000,0,-395.400000,-395.400000,252.000000,-3237.00,-3237.00
2021-08-05,-395.400000,0,-395.400000,-395.400000,252.000000,-3237.00,-3237.00
2021-08-06,-395.400000,0,-395.400000,-395.400000,252.000000,-3237.00,-3237.00
2021-08-08,-395.400000,0,-395.400000,-395.400000,252.000000,-3237.00,-3237.00
2021-08-09,-395.400000,0,-395.400000,-395.400000,252.000000,-3237.00,-3237.00
2021-08-10,-395.400000,0,-395.400000,-395.400000,252.000000,-3237.00,-3237.00
2021-08-11,-395.400000,0,-395.400000,-395.400000,252.000000,-3237.00,-3237.00
2021-08-12,-395.400000,0,-395.400000,-395.400000,252.000000,-3237.00,-3237.00
2021-08-13,-395.400000,0,-395.400000,-395.400000,252.000000,-3237.00,-3237.00
2021-08-15,-395.400000,0,-395.400000,-395.400000,252.000000,-3237.00,-3237.00
2021-08-16,-395.400000,0,-395.400000,-395.400000,252.000000,-3237.00,-3237.00
2021-08-17,-395.400000,0,-395.400000,-395.400000,252.000000,-3237.00,-3237.00
2021-08-18,-395.400000,0,-395.400000,-395.400000,252.000000,-3237.00,-3237.00
2021-08-19,-395.400000,0,-395.400000,-395.400000,252.000000,-3237.00,-3237.00
2021-08-20,-395.400000,0,-395.400000,-395.400000,252.000000,-3237.00,-3237.00
2021-08-22,-395.400000,0,-395.400000,-395.400000,252.000000,-3237.00,-3237.00
2021-08-23,-395.400000,0,-395.400000,-395.400000,252.000000,-3237.00,-3237.00
2021-08-24,-395.400000,0,-395.400000,-395.400000,252.000000,-3237.00,-3237.00
2021-08-25,-395.400000,0,-395.400000,-395.400000,252.000000,-3237.00,-3237.00
2021-08-26,-395.400000,0,-395.400000,-395.400000,252.000000,-3237.00,-3237.00
2021-08-27,-395.400000,0,-395.400000,-395.400000,252.000000,-3237.00,-3237.00
2021-08-29,-395.400000,0,-395.400000,-395.400000,252.000000,-3237.00,-3237.00
2021-08-30,-395.400000,0,-395.400000,-395.400000,252.000000,-3237.00,-3237.00
2021-08-31,-395.400000,0,-395.400000,-395.400000,252.000000,-3237.00,-3237.00
2021-09-01,-395.400000,0,-395.400000,-395.400000,252.000000,-3237.00,-3237.00
2021-09-02,-395.400000,0,-395.400000,-395.400000,252.000000,-3237.00,-3237.00
2021-09-03,-395.400000,0,-395.400000,-395.400000,252.000000,-3237.00,-3237.00
2021-09-05,-395.400000,0,-395.400000,-395.400000,252.000000,-3237.00,-3237.00
2021-09-06,-395.400000,0,-395.400000,-395.400000,252.000000,-3237.00,-3237.00
2021-09-07,-395.400000,0,-395.400000,-395.400000,252.000000,-3237.00,-3237.00
2021-09-08,-395.400000,0,-395.400000,-395.400000,252.000000,-3237.00,-3237.00
2021-09-09,-395.400000,0,-395.400000,-395.400000,252.000000,-3237.00,-3237.00
2021-09-10,-395.400000,0,-395.400000,-395.400000,252.000000,-3237.00,-3237.00
2021-09-12,-395.400000,0,-395.400000,-395.400000,252.000000,-3237.00,-3237.00
2021-09-13,-395.400000,0,-395.400000,-395.400000,252.000000,-3237.00,-3237.00
2021-09-14,-395.400000,0,-395.400000,-395.400000,252.000000,-3237.00,-3237.00
2021-09-15,-395.400000,0,-395.400000,-395.400000,252.000000,-3237.00,-3237.00
2021-09-16,-395.400000,0,-395.400000,-395.400000,252.000000,-3237.00,-3237.00
2021-09-17,-395.400000,0,-395.400000,-395.400000,252.000000,-3237.00,-3237.00
2021-09-19,-395.400000,0,-395.400000,-395.400000,252.000000,-3237.00,-3237.00
2021-09-20,-395.400000,0,-395.400000,-395.400000,252.000000,-3237.00,-3237.00
2021-09-21,-395.400000,0,-395.400000,-395.400000,252.000000,-3237.00,-3237.00
2021-09-22,-395.400000,0,-395.400000,-395.400000,252.000000,-3237.00,-3237.00
2021-09-23,-395.400000,0,-395.400000,-395.400000,252.000000,-3237.00,-3237.00
2021-09-24,-395.400000,0,-395.400000,-395.400000,252.000000,-3237.00,-3237.00
2021-09-26,-395.400000,0,-395.400000,-395.400000,252.000000,-3237.00,-3237.00
2021-09-27,-395.400000,0,-395.400000,-395.400000,252.000000,-3237.00,-3237.00
2021-09-28,-395.400000,0,-395.400000,-395.400000,252.000000,-3237.00,-3237.00
2021-09-29,-395.400000,0,-395.400000,-395.400000,252.000000,-3237.00,-3237.00
2021-09-30,-395.400000,0,-395.400000,-395.400000,252.000000,-3237.00,-3237.00
2021-10-01,-395.400000,0,-395.400000,-395.400000,252.000000,-3237.00,-3237.00
2021-10-03,-395.400000,0,-395.400000,-395.400000,252.000000,-3237.00,-3237.00
2021-10-04,-395.400000,0,-395.400000,-395.400000,252.000000,-3237.00,-3237.00
2021-10-05,-395.400000,0,-395.400000,-395.400000,252.000000,-3237.00,-3237.00
2021-10-06,-395.400000,0,-395.400000,-395.400000,252.000000,-3237.00,-3237.00
2021-10-07,-395.400000,0,-395.400000,-395.400000,252.000000,-3237.00,-3237.00
2021-10-08,-395.400000,0,-395.400000,-395.400000,252.000000,-3237.00,-3237.00
2021-10-10,-395.400000,0,-395.400000,-395.400000,252.000000,-3237.00,-3237.00
2021-10-11,-395.400000,0,-395.400000,-395.400000,252.000000,-3237.00,-3237.00
2021-10-12,-395.400000,0,-395.400000,-395.400000,252.000000,-3237.00,-3237.00
2021-10-13,-395.400000,0,-395.400000,-395.400000,252.000000,-3237.00,-3237.00
2021-10-14,-395.400000,0,-395.400000,-395.400000,252.000000,-3237.00,-3237.00
2021-10-15,-395.400000,0,-395.400000,-395.400000,252.000000,-3237.00,-3237.00
2021-10-17,-395.400000,0,-395.400000,-395.400000,252.000000,-3237.00,-3237.00
2021-10-18,-395.400000,0,-395.400000,-395.400000,252.000000,-3237.00,-3237.00
2021-10-19,-395.400000,0,-395.400000,-395.400000,252.000000,-3237.00,-3237.00
2021-10-20,-395.400000,0,-395.400000,-395.400000,252.000000,-3237.00,-3237.00
2021-10-21,-395.400000,0,-395.400000,-395.400000,252.000000,-3237.00,-3237.00
2021-10-22,-395.400000,0,-395.400000,-395.400000,252.000000,-3237.00,-3237.00
2021-10-24,-395.400000,0,-395.400000,-395.400000,252.000000,-3237.00,-3237.00
2021-10-25,-395.400000,0,-395.400000,-395.400000,252.000000,-3237.00,-3237.00
2021-10-26,-395.400000,0,-395.400000,-395.400000,252.000000,-3237.00,-3237.00
2021-10-27,-395.400000,0,-395.400000,-395.400000,252.000000,-3237.00,-3237.00
2021-10-28,-395.400000,0,-395.400000,-395.400000,252.000000,-3237.00,-3237.00
2021-10-29,-395.400000,0,-395.400000,-395.400000,252.000000,-3237.00,-3237.00
2021-10-31,-395.400000,0,-395.400000,-395.400000,252.000000,-3237.00,-3237.00
2021-11-01,-395.400000,0,-395.400000,-395.400000,252.000000,-3237.00,-3237.00
2021-11-02,-395.400000,0,-395.400000,-395.400000,252.000000,-3237.00,-3237.00
2021-11-03,-395.400000,0,-395.400000,-395.400000,252.000000,-3237.00,-3237.00
2021-11-04,-395.400000,0,-395.400000,-395.400000,252.000000,-3237.00,-3237.00
2021-11-05,-395.400000,0,-395.400000,-395.400000,252.000000,-3237.00,-3237.00
2021-11-07,-395.400000,0,-395.400000,-395.400000,252.000000,-3237.00,-3237.00
2021-11-08,-395.400000,0,-395.400000,-395.400000,252.000000,-3237.00,-3237.00
2021-11-09,-395.400000,0,-395.400000,-395.400000,252.000000,-3237.00,-3237.00
2021-11-10,-395.400000,0,-395.400000,-395.400000,252.000000,-3237.00,-3237.00
2021-11-11,-395.400000,0,-395.400000,-395.400000,252.000000,-3237.00,-3237.00
2021-11-12,-395.400000,0,-395.400000,-395.400000,252.000000,-3237.00,-3237.00
2021-11-14,-395.400000,0,-395.400000,-395.400000,252.000000,-3237.00,-3237.00
2021-11-15,-395.400000,0,-395.400000,-395.400000,252.000000,-3237.00,-3237.00
2021-11-16,-395.400000,0,-395.400000,-395.400000,252.000000,-3237.00,-3237.00
2021-11-17,-395.400000,0,-395.400000,-395.400000,252.000000,-3237.00,-3237.00
2021-11-18,-395.400000,0,-395.400000,-395.400000,252.000000,-3237.00,-3237.00
2021-11-19,-395.400000,0,-395.400000,-395.400000,252.000000,-3237.00,-3237.00
2021-11-21,-395.400000,0,-395.400000,-395.400000,252.000000,-3237.00,-3237.00
2021-11-22,-395.400000,0,-395.400000,-395.400000,252.000000,-3237.00,-3237.00
2021-11-23,-395.400000,0,-395.400000,-395.400000,252.000000,-3237.00,-3237.00
2021-11-24,-395.400000,0,-395.400000,-395.400000,252.000000,-3237.00,-3237.00
2021-11-25,-395.400000,0,-395.400000,-395.400000,252.000000,-3237.00,-3237.00
2021-11-26,-395.400000,0,-395.400000,-395.400000,252.000000,-3237.00,-3237.00
2021-11-28,-395.400000,0,-395.400000,-395.400000,252.000000,-3237.00,-3237.00
2021-11-29,-395.400000,0,-395.400000,-395.400000,252.000000,-3237.00,-3237.00
2021-11-30,-395.400000,0,-395.400000,-395.400000,252.000000,-3237.00,-3237.00
2021-12-01,-395.400000,0,-395.400000,-395.400000,252.000000,-3237.00,-3237.00
2021-12-02,-395.400000,0,-395.400000,-395.400000,252.000000,-3237.00,-3237.00
2021-12-03,-395.400000,0,-395.400000,-395.400000,252.000000,-3237.00,-3237.00
2021-12-05,-395.400000,0,-395.400000,-395.400000,252.000000,-3237.00,-3237.00
2021-12-06,-395.400000,0,-395.400000,-395.400000,252.000000,-3237.00,-3237.00
2021-12-07,-395.400000,0,-395.400000,-395.400000,252.000000,-3237.00,-3237.00
2021-12-08,-395.400000,0,-395.400000,-395.400000,252.000000,-3237.00,-3237.00
2021-12-09,-395.400000,0,-395.400000,-395.400000,252.000000,-3237.00,-3237.00
2021-12-10,-395.400000,0,-395.400000,-395.400000,252.000000,-3237.00,-3237.00
2021-12-12,-395.400000,0,-395.400000,-395.400000,252.000000,-3237.00,-3237.00
2021-12-13,-395.400000,0,-395.400000,-395.400000,252.000000,-3237.00,-3237.00
2021-12-14,-395.400000,0,-395.400000,-395.400000,252.000000,-3237.00,-3237.00
2021-12-15,-395.400000,0,-395.400000,-395.400000,252.000000,-3237.00,-3237.00
2021-12-16,-395.400000,0,-395.400000,-395.400000,252.000000,-3237.00,-3237.00
2021-12-17,-395.400000,0,-395.400000,-395.400000,252.000000,-3237.00,-3237.00
2021-12-19,-395.400000,0,-395.400000,-395.400000,252.000000,-3237.00,-3237.00
2021-12-20,-395.400000,0,-395.400000,-395.400000,252.000000,-3237.00,-3237.00
2021-12-21,-395.400000,0,-395.400000,-395.400000,252.000000,-3237.00,-3237.00
2021-12-22,-395.400000,0,-395.400000,-395.400000,252.000000,-3237.00,-3237.00
2021-12-23,-395.400000,0,-395.400000,-395.400000,252.000000,-3237.00,-3237.00
2021-12-26,-395.400000,0,-395.400000,-395.400000,252.000000,-3237.00,-3237.00
2021-12-27,-395.400000,0,-395.400000,-395.400000,252.000000,-3237.00,-3237.00
2021-12-28,-395.400000,0,-395.400000,-395.400000,252.000000,-3237.00,-3237.00
2021-12-29,-395.400000,0,-395.400000,-395.400000,252.000000,-3237.00,-3237.00
2021-12-30,-395.400000,0,-395.400000,-395.400000,252.000000,-3237.00,-3237.00
2021-12-31,-395.400000,0,-395.400000,-395.400000,252.000000,-3237.00,-3237.00
2022-01-02,-395.400000,0,-395.400000,-395.400000,252.000000,-3237.00,-3237.00
2022-01-03,-395.400000,0,-395.400000,-395.400000,252.000000,-3237.00,-3237.00
2022-01-04,-395.400000,0,-395.400000,-395.400000,252.000000,-3237.00,-3237.00
2022-01-05,-395.400000,0,-395.400000,-395.400000,252.000000,-3237.00,-3237.00
2022-01-06,-395.400000,0,-395.400000,-395.400000,252.000000,-3237.00,-3237.00
2022-01-07,-395.400000,0,-395.400000,-395.400000,252.000000,-3237.00,-3237.00
2022-01-09,-395.400000,0,-395.400000,-395.400000,252.000000,-3237.00,-3237.00
2022-01-10,-395.400000,0,-395.400000,-395.400000,252.000000,-3237.00,-3237.00
2022-01-11,-395.400000,0,-395.400000,-395.400000,252.000000,-3237.00,-3237.00
2022-01-12,-395.400000,0,-395.400000,-395.400000,252.000000,-3237.00,-3237.00
2022-01-13,-395.400000,0,-395.400000,-395.400000,252.000000,-3237.00,-3237.00
2022-01-14,-395.400000,0,-395.400000,-395.400000,252.000000,-3237.00,-3237.00
2022-01-16,-395.400000,0,-395.400000,-395.400000,252.000000,-3237.00,-3237.00
2022-01-17,-395.400000,0,-395.400000,-395.400000,252.000000,-3237.00,-3237.00
2022-01-18,-395.400000,0,-395.400000,-395.400000,252.000000,-3237.00,-3237.00
2022-01-19,-395.400000,0,-395.400000,-395.400000,252.000000,-3237.00,-3237.00
2022-01-20,-395.400000,0,-395.400000,-395.400000,252.000000,-3237.00,-3237.00
2022-01-21,-395.400000,0,-395.400000,-395.400000,252.000000,-3237.00,-3237.00
2022-01-23,-395.400000,0,-395.400000,-395.400000,252.000000,-3237.00,-3237.00
2022-01-24,-395.400000,0,-395.400000,-395.400000,252.000000,-3237.00,-3237.00
2022-01-25,-395.400000,0,-395.400000,-395.400000,252.000000,-3237.00,-3237.00
2022-01-26,-395.400000,0,-395.400000,-395.400000,252.000000,-3237.00,-3237.00
2022-01-27,-395.400000,0,-395.400000,-395.400000,252.000000,-3237.00,-3237.00
2022-01-28,-395.400000,0,-395.400000,-395.400000,252.000000,-3237.00,-3237.00
2022-01-30,-395.400000,0,-395.400000,-395.400000,252.000000,-3237.00,-3237.00
2022-01-31,-395.400000,0,-395.400000,-395.400000,252.000000,-3237.00,-3237.00
2022-02-01,-395.400000,0,-395.400000,-395.400000,252.000000,-3237.00,-3237.00
2022-02-02,-395.400000,0,-395.400000,-395.400000,252.000000,-3237.00,-3237.00
2022-02-03,-395.400000,0,-395.400000,-395.400000,252.000000,-3237.00,-3237.00
2022-02-04,-395.400000,0,-395.400000,-395.400000,252.000000,-3237.00,-3237.00
2022-02-06,-395.400000,0,-395.400000,-395.400000,252.000000,-3237.00,-3237.00
2022-02-07,-395.400000,0,-395.400000,-395.400000,252.000000,-3237.00,-3237.00
2022-02-08,-395.400000,0,-395.400000,-395.400000,252.000000,-3237.00,-3237.00
2022-02-09,-395.400000,0,-395.400000,-395.400000,252.000000,-3237.00,-3237.00
2022-02-10,-395.400000,0,-395.400000,-395.400000,252.000000,-3237.00,-3237.00
2022-02-11,-395.400000,0,-395.400000,-395.400000,252.000000,-3237.00,-3237.00
2022-02-13,-395.400000,0,-395.400000,-395.400000,252.000000,-3237.00,-3237.00
2022-02-14,-395.400000,0,-395.400000,-395.400000,252.000000,-3237.00,-3237.00
2022-02-15,-395.400000,0,-395.400000,-395.400000,252.000000,-3237.00,-3237.00
2022-02-16,-395.400000,0,-395.400000,-395.400000,252.000000,-3237.00,-3237.00
2022-02-17,-395.400000,0,-395.400000,-395.400000,252.000000,-3237.00,-3237.00
2022-02-18,-395.400000,0,-395.400000,-395.400000,252.000000,-3237.00,-3237.00
2022-02-20,-395.400000,0,-395.400000,-395.400000,252.000000,-3237.00,-3237.00
2022-02-21,-395.400000,0,-395.400000,-395.400000,252.000000,-3237.00,-3237.00
2022-02-22,-395.400000,0,-395.400000,-395.400000,252.000000,-3237.00,-3237.00
2022-02-23,-395.400000,0,-395.400000,-395.400000,252.000000,-3237.00,-3237.00
2022-02-24,-395.400000,0,-395.400000,-395.400000,252.000000,-3237.00,-3237.00
2022-02-25,-395.400000,0,-395.400000,-395.400000,252.000000,-3237.00,-3237.00
2022-02-27,-395.400000,0,-395.400000,-395.400000,252.000000,-3237.00,-3237.00
2022-02-28,-395.400000,0,-395.400000,-395.400000,252.000000,-3237.00,-3237.00
2022-03-01,-395.400000,0,-395.400000,-395.400000,252.000000,-3237.00,-3237.00
2022-03-02,-395.400000,0,-395.400000,-395.400000,252.000000,-3237.00,-3237.00
2022-03-03,-395.400000,0,-395.400000,-395.400000,252.000000,-3237.00,-3237.00
2022-03-04,-395.400000,0,-395.400000,-395.400000,252.000000,-3237.00,-3237.00
2022-03-06,-395.400000,0,-395.400000,-395.400000,252.000000,-3237.00,-3237.00
2022-03-07,-395.400000,0,-395.400000,-395.400000,252.000000,-3237.00,-3237.00
2022-03-08,-395.400000,0,-395.400000,-395.400000,252.000000,-3237.00,-3237.00
2022-03-09,-395.400000,0,-395.400000,-395.400000,252.000000,-3237.00,-3237.00
2022-03-10,-395.400000,0,-395.400000,-395.400000,252.000000,-3237.00,-3237.00
2022-03-11,-395.400000,0,-395.400000,-395.400000,252.000000,-3237.00,-3237.00
2022-03-13,-395.400000,0,-395.400000,-395.400000,252.000000,-3237.00,-3237.00
2022-03-14,-395.400000,0,-395.400000,-395.400000,252.000000,-3237.00,-3237.00
2022-03-15,-395.400000,0,-395.400000,-395.400000,252.000000,-3237.00,-3237.00
2022-03-16,-395.400000,0,-395.400000,-395.400000,252.000000,-3237.00,-3237.00
2022-03-17,-395.400000,0,-395.400000,-395.400000,252.000000,-3237.00,-3237.00
2022-03-18,-395.400000,0,-395.400000,-395.400000,252.000000,-3237.00,-3237.00
2022-03-20,-395.400000,0,-395.400000,-395.400000,252.000000,-3237.00,-3237.00
2022-03-21,-395.400000,0,-395.400000,-395.400000,252.000000,-3237.00,-3237.00
2022-03-22,-395.400000,0,-395.400000,-395.400000,252.000000,-3237.00,-3237.00
2022-03-23,-395.400000,0,-395.400000,-395.400000,252.000000,-3237.00,-3237.00
2022-03-24,-395.400000,0,-395.400000,-395.400000,252.000000,-3237.00,-3237.00
2022-03-25,-395.400000,0,-395.400000,-395.400000,252.000000,-3237.00,-3237.00
2022-03-27,-395.400000,0,-395.400000,-395.400000,252.000000,-3237.00,-3237.00
2022-03-28,-395.400000,0,-395.400000,-395.400000,252.000000,-3237.00,-3237.00
2022-03-29,-395.400000,0,-395.400000,-395.400000,252.000000,-3237.00,-3237.00
2022-03-30,-395.400000,0,-395.400000,-395.400000,252.000000,-3237.00,-3237.00
2022-03-31,-395.400000,0,-395.400000,-395.400000,252.000000,-3237.00,-3237.00
2022-04-01,-395.400000,0,-395.400000,-395.400000,252.000000,-3237.00,-3237.00
2022-04-03,-395.400000,0,-395.400000,-395.400000,252.000000,-3237.00,-3237.00
2022-04-04,-395.400000,0,-395.400000,-395.400000,252.000000,-3237.00,-3237.00
2022-04-05,-395.400000,0,-395.400000,-395.400000,252.000000,-3237.00,-3237.00
2022-04-06,-395.400000,0,-395.400000,-395.400000,252.000000,-3237.00,-3237.00
2022-04-07,-395.400000,0,-395.400000,-395.400000,252.000000,-3237.00,-3237.00
2022-04-08,-395.400000,0,-395.400000,-395.400000,252.000000,-3237.00,-3237.00
2022-04-10,-395.400000,0,-395.400000,-395.400000,252.000000,-3237.00,-3237.00
2022-04-11,-395.400000,0,-395.400000,-395.400000,252.000000,-3237.00,-3237.00
2022-04-12,-395.400000,0,-395.400000,-395.400000,252.000000,-3237.00,-3237.00
2022-04-13,-395.400000,0,-395.400000,-395.400000,252.000000,-3237.00,-3237.00
2022-04-14,-395.400000,0,-395.400000,-395.400000,252.000000,-3237.00,-3237.00
2022-04-17,-395.400000,0,-395.400000,-395.400000,252.000000,-3237.00,-3237.00
2022-04-18,-395.400000,0,-395.400000,-395.400000,252.000000,-3237.00,-3237.00
2022-04-19,-395.400000,0,-395.400000,-395.400000,252.000000,-3237.00,-3237.00
2022-04-20,-395.400000,0,-395.400000,-395.400000,252.000000,-3237.00,-3237.00
2022-04-21,-395.400000,0,-395.400000,-395.400000,252.000000,-3237.00,-3237.00
2022-04-22,-395.400000,0,-395.400000,-395.400000,252.000000,-3237.00,-3237.00
2022-04-24,-395.400000,0,-395.400000,-395.400000,252.000000,-3237.00,-3237.00
2022-04-25,-395.400000,0,-395.400000,-395.400000,252.000000,-3237.00,-3237.00
2022-04-26,-395.400000,0,-395.400000,-395.400000,252.000000,-3237.00,-3237.00
2022-04-27,-395.400000,0,-395.400000,-395.400000,252.000000,-3237.00,-3237.00
2022-04-28,-395.400000,0,-395.400000,-395.400000,252.000000,-3237.00,-3237.00
2022-04-29,-395.400000,0,-395.400000,-395.400000,252.000000,-3237.00,-3237.00
2022-05-01,-395.400000,0,-395.400000,-395.400000,252.000000,-3237.00,-3237.00
2022-05-02,-395.400000,0,-395.400000,-395.400000,252.000000,-3237.00,-3237.00
2022-05-03,-395.400000,0,-395.400000,-395.400000,252.000000,-3237.00,-3237.00
2022-05-04,-395.400000,0,-395.400000,-395.400000,252.000000,-3237.00,-3237.00
2022-05-05,-395.400000,0,-395.400000,-395.400000,252.000000,-3237.00,-3237.00
2022-05-06,-395.400000,0,-395.400000,-395.400000,252.000000,-3237.00,-3237.00
2022-05-08,-395.400000,0,-395.400000,-395.400000,252.000000,-3237.00,-3237.00
2022-05-09,-395.400000,0,-395.400000,-395.400000,252.000000,-3237.00,-3237.00
2022-05-10,-395.400000,0,-395.400000,-395.400000,252.000000,-3237.00,-3237.00
2022-05-11,-395.400000,0,-395.400000,-395.400000,252.000000,-3237.00,-3237.00
2022-05-12,-395.400000,0,-395.400000,-395.400000,252.000000,-3237.00,-3237.00
2022-05-13,-395.400000,0,-395.400000,-395.400000,252.000000,-3237.00,-3237.00
2022-05-15,-395.400000,0,-395.400000,-395.400000,252.000000,-3237.00,-3237.00
2022-05-16,-395.400000,0,-395.400000,-395.400000,252.000000,-3237.00,-3237.00
2022-05-17,-395.400000,0,-395.400000,-395.400000,252.000000,-3237.00,-3237.00
2022-05-18,-395.400000,0,-395.400000,-395.400000,252.000000,-3237.00,-3237.00
2022-05-19,-395.400000,0,-395.400000,-395.400000,252.000000,-3237.00,-3237.00
2022-05-20,-395.400000,0,-395.400000,-395.400000,252.000000,-3237.00,-3237.00
2022-05-22,-395.400000,0,-395.400000,-395.400000,252.000000,-3237.00,-3237.00
2022-05-23,-395.400000,0,-395.400000,-395.400000,252.000000,-3237.00,-3237.00
2022-05-24,-395.400000,0,-395.400000,-395.400000,252.000000,-3237.00,-3237.00
2022-05-25,-395.400000,0,-395.400000,-395.400000,252.000000,-3237.00,-3237.00
2022-05-26,-395.400000,0,-395.400000,-395.400000,252.000000,-3237.00,-3237.00
2022-05-27,-395.400000,6,-794.400000,-797.400000,252.000000,-5232.00,-5247.00
2022-05-29,-131.700000,0,-131.700000,-131.700000,252.000000,-1918.50,-1918.50
2022-05-30,-131.700000,0,-131.700000,-131.700000,252.000000,-1918.50,-1918.50
2022-05-31,-131.700000,0,-131.700000,-131.700000,252.000000,-1918.50,-1918.50
2022-06-01,-131.700000,0,-131.700000,-131.700000,252.000000,-1918.50,-1918.50
2022-06-02,-131.700000,6,-614.700000,-658.200000,252.000000,-4333.50,-4551.00
2022-06-03,-52.500000,0,-52.500000,-52.500000,252.000000,-1522.50,-1522.50
2022-06-05,-52.500000,0,-52.500000,-52.500000,252.000000,-1522.50,-1522.50
2022-06-06,-52.500000,0,-52.500000,-52.500000,252.000000,-1522.50,-1522.50
2022-06-07,-52.500000,0,-52.500000,-52.500000,252.000000,-1522.50,-1522.50
2022-06-08,-52.500000,0,-52.500000,-52.500000,252.000000,-1522.50,-1522.50
2022-06-09,-52.500000,0,-52.500000,-52.500000,252.000000,-1522.50,-1522.50
2022-06-10,-52.500000,0,-52.500000,-52.500000,252.000000,-1522.50,-1522.50
2022-06-12,-52.500000,0,-52.500000,-52.500000,252.000000,-1522.50,-1522.50
2022-06-13,-52.500000,0,-52.500000,-52.500000,252.000000,-1522.50,-1522.50
2022-06-14,-52.500000,0,-52.500000,-52.500000,252.000000,-1522.50,-1522.50
2022-06-15,-52.500000,0,-52.500000,-52.500000,252.000000,-1522.50,-1522.50
2022-06-16,-52.500000,0,-52.500000,-52.500000,252.000000,-1522.50,-1522.50
2022-06-17,-52.500000,0,-52.500000,-52.500000,252.000000,-1522.50,-1522.50
2022-06-19,-52.500000,0,-52.500000,-52.500000,252.000000,-1522.50,-1522.50
2022-06-20,-52.500000,0,-52.500000,-52.500000,252.000000,-1522.50,-1522.50
2022-06-21,-52.500000,0,-52.500000,-52.500000,252.000000,-1522.50,-1522.50
2022-06-22,-52.500000,0,-52.500000,-52.500000,252.000000,-1522.50,-1522.50
2022-06-23,-52.500000,0,-52.500000,-52.500000,252.000000,-1522.50,-1522.50
2022-06-24,-52.500000,0,-52.500000,-52.500000,252.000000,-1522.50,-1522.50
2022-06-26,-52.500000,0,-52.500000,-52.500000,252.000000,-1522.50,-1522.50
2022-06-27,-52.500000,0,-52.500000,-52.500000,252.000000,-1522.50,-1522.50
2022-06-28,-52.500000,0,-52.500000,-52.500000,252.000000,-1522.50,-1522.50
2022-06-29,-52.500000,0,-52.500000,-52.500000,252.000000,-1522.50,-1522.50
2022-06-30,-52.500000,0,-52.500000,-52.500000,252.000000,-1522.50,-1522.50
2022-07-01,-52.500000,0,-52.500000,-52.500000,252.000000,-1522.50,-1522.50
2022-07-03,-52.500000,0,-52.500000,-52.500000,252.000000,-1522.50,-1522.50
2022-07-04,-52.500000,0,-52.500000,-52.500000,252.000000,-1522.50,-1522.50
2022-07-05,-52.500000,0,-52.500000,-52.500000,252.000000,-1522.50,-1522.50
2022-07-06,-52.500000,0,-52.500000,-52.500000,252.000000,-1522.50,-1522.50
2022-07-07,-52.500000,0,-52.500000,-52.500000,252.000000,-1522.50,-1522.50
2022-07-08,-52.500000,0,-52.500000,-52.500000,252.000000,-1522.50,-1522.50
2022-07-10,-52.500000,0,-52.500000,-52.500000,252.000000,-1522.50,-1522.50
2022-07-11,-52.500000,0,-52.500000,-52.500000,252.000000,-1522.50,-1522.50
2022-07-12,-52.500000,0,-52.500000,-52.500000,252.000000,-1522.50,-1522.50
2022-07-13,-52.500000,0,-52.500000,-52.500000,252.000000,-1522.50,-1522.50
2022-07-14,-52.500000,0,-52.500000,-52.500000,252.000000,-1522.50,-1522.50
2022-07-15,-52.500000,0,-52.500000,-52.500000,252.000000,-1522.50,-1522.50
2022-07-17,-52.500000,0,-52.500000,-52.500000,252.000000,-1522.50,-1522.50
2022-07-18,-52.500000,0,-52.500000,-52.500000,252.000000,-1522.50,-1522.50
2022-07-19,-52.500000,0,-52.500000,-52.500000,252.000000,-1522.50,-1522.50
2022-07-20,-52.500000,0,-52.500000,-52.500000,252.000000,-1522.50,-1522.50
2022-07-21,-52.500000,0,-52.500000,-52.500000,252.000000,-1522.50,-1522.50
2022-07-22,-52.500000,0,-52.500000,-52.500000,252.000000,-1522.50,-1522.50
2022-07-24,-52.500000,0,-52.500000,-52.500000,252.000000,-1522.50,-1522.50
2022-07-25,-52.500000,0,-52.500000,-52.500000,252.000000,-1522.50,-1522.50
2022-07-26,-52.500000,0,-52.500000,-52.500000,252.000000,-1522.50,-1522.50
2022-07-27,-52.500000,0,-52.500000,-52.500000,252.000000,-1522.50,-1522.50
2022-07-28,-52.500000,6,-18.000000,-111.000000,252.000000,-1350.00,-1815.00
2022-07-29,-52.500000,6,-240.000000,-309.000000,252.000000,-2460.00,-2805.00
2022-07-31,-21.300000,0,-21.300000,-21.300000,252.000000,-1366.50,-1366.50
2022-08-01,-21.300000,0,-21.300000,-21.300000,252.000000,-1366.50,-1366.50
2022-08-02,-21.300000,0,-21.300000,-21.300000,252.000000,-1366.50,-1366.50
2022-08-03,-21.300000,6,-313.800000,-433.800000,252.000000,-2829.00,-3429.00
2022-08-04,-426.600000,0,-426.600000,-426.600000,252.000000,-3393.00,-3393.00
2022-08-05,-426.600000,0,-426.600000,-426.600000,252.000000,-3393.00,-3393.00
2022-08-07,-426.600000,0,-426.600000,-426.600000,252.000000,-3393.00,-3393.00
2022-08-08,-426.600000,0,-426.600000,-426.600000,252.000000,-3393.00,-3393.00
2022-08-09,-426.600000,0,-426.600000,-426.600000,252.000000,-3393.00,-3393.00
2022-08-10,-426.600000,0,-426.600000,-426.600000,252.000000,-3393.00,-3393.00
2022-08-11,-426.600000,0,-426.600000,-426.600000,252.000000,-3393.00,-3393.00
2022-08-12,-426.600000,0,-426.600000,-426.600000,252.000000,-3393.00,-3393.00
2022-08-14,-426.600000,0,-426.600000,-426.600000,252.000000,-3393.00,-3393.00
2022-08-15,-426.600000,0,-426.600000,-426.600000,252.000000,-3393.00,-3393.00
2022-08-16,-426.600000,0,-426.600000,-426.600000,252.000000,-3393.00,-3393.00
2022-08-17,-426.600000,0,-426.600000,-426.600000,252.000000,-3393.00,-3393.00
2022-08-18,-426.600000,0,-426.600000,-426.600000,252.000000,-3393.00,-3393.00
2022-08-19,-426.600000,0,-426.600000,-426.600000,252.000000,-3393.00,-3393.00
2022-08-21,-426.600000,0,-426.600000,-426.600000,252.000000,-3393.00,-3393.00
2022-08-22,-426.600000,0,-426.600000,-426.600000,252.000000,-3393.00,-3393.00
2022-08-23,-426.600000,0,-426.600000,-426.600000,252.000000,-3393.00,-3393.00
2022-08-24,-426.600000,0,-426.600000,-426.600000,252.000000,-3393.00,-3393.00
2022-08-25,-426.600000,0,-426.600000,-426.600000,252.000000,-3393.00,-3393.00
2022-08-26,-426.600000,0,-426.600000,-426.600000,252.000000,-3393.00,-3393.00
2022-08-28,-426.600000,0,-426.600000,-426.600000,252.000000,-3393.00,-3393.00
2022-08-29,-426.600000,0,-426.600000,-426.600000,252.000000,-3393.00,-3393.00
2022-08-30,-426.600000,0,-426.600000,-426.600000,252.000000,-3393.00,-3393.00
2022-08-31,-426.600000,0,-426.600000,-426.600000,252.000000,-3393.00,-3393.00
2022-09-01,-426.600000,0,-426.600000,-426.600000,252.000000,-3393.00,-3393.00
2022-09-02,-426.600000,0,-426.600000,-426.600000,252.000000,-3393.00,-3393.00
2022-09-04,-426.600000,0,-426.600000,-426.600000,252.000000,-3393.00,-3393.00
2022-09-05,-426.600000,0,-426.600000,-426.600000,252.000000,-3393.00,-3393.00
2022-09-06,-426.600000,0,-426.600000,-426.600000,252.000000,-3393.00,-3393.00
2022-09-07,-426.600000,0,-426.600000,-426.600000,252.000000,-3393.00,-3393.00
2022-09-08,-426.600000,0,-426.600000,-426.600000,252.000000,-3393.00,-3393.00
2022-09-09,-426.600000,0,-426.600000,-426.600000,252.000000,-3393.00,-3393.00
2022-09-11,-426.600000,6,-386.100000,-447.600000,252.000000,-3190.50,-3498.00
2022-09-12,-426.600000,6,-624.600000,-701.100000,252.000000,-4383.00,-4765.50
2022-09-13,-390.900000,0,-390.900000,-390.900000,252.000000,-3214.50,-3214.50
2022-09-14,-390.900000,0,-390.900000,-390.900000,252.000000,-3214.50,-3214.50
2022-09-15,-390.900000,0,-390.900000,-390.900000,252.000000,-3214.50,-3214.50
2022-09-16,-390.900000,0,-390.900000,-390.900000,252.000000,-3214.50,-3214.50
2022-09-18,-390.900000,0,-390.900000,-390.900000,252.000000,-3214.50,-3214.50
2022-09-19,-390.900000,0,-390.900000,-390.900000,252.000000,-3214.50,-3214.50
2022-09-20,-390.900000,0,-390.900000,-390.900000,252.000000,-3214.50,-3214.50
2022-09-21,-390.900000,0,-390.900000,-390.900000,252.000000,-3214.50,-3214.50
2022-09-22,-390.900000,0,-390.900000,-390.900000,252.000000,-3214.50,-3214.50
2022-09-23,-390.900000,0,-390.900000,-390.900000,252.000000,-3214.50,-3214.50
2022-09-25,-390.900000,0,-390.900000,-390.900000,252.000000,-3214.50,-3214.50
2022-09-26,-390.900000,0,-390.900000,-390.900000,252.000000,-3214.50,-3214.50
2022-09-27,-390.900000,0,-390.900000,-390.900000,252.000000,-3214.50,-3214.50
2022-09-28,-390.900000,0,-390.900000,-390.900000,252.000000,-3214.50,-3214.50
2022-09-29,-390.900000,0,-390.900000,-390.900000,252.000000,-3214.50,-3214.50
2022-09-30,-390.900000,0,-390.900000,-390.900000,252.000000,-3214.50,-3214.50
2022-10-02,-390.900000,0,-390.900000,-390.900000,252.000000,-3214.50,-3214.50
2022-10-03,-390.900000,0,-390.900000,-390.900000,252.000000,-3214.50,-3214.50
2022-10-04,-390.900000,0,-390.900000,-390.900000,252.000000,-3214.50,-3214.50
2022-10-05,-390.900000,0,-390.900000,-390.900000,252.000000,-3214.50,-3214.50
2022-10-06,-390.900000,0,-390.900000,-390.900000,252.000000,-3214.50,-3214.50
2022-10-07,-390.900000,0,-390.900000,-390.900000,252.000000,-3214.50,-3214.50
2022-10-09,-390.900000,0,-390.900000,-390.900000,252.000000,-3214.50,-3214.50
2022-10-10,-390.900000,0,-390.900000,-390.900000,252.000000,-3214.50,-3214.50
2022-10-11,-390.900000,0,-390.900000,-390.900000,252.000000,-3214.50,-3214.50
2022-10-12,-390.900000,0,-390.900000,-390.900000,252.000000,-3214.50,-3214.50
2022-10-13,-390.900000,0,-390.900000,-390.900000,252.000000,-3214.50,-3214.50
2022-10-14,-390.900000,0,-390.900000,-390.900000,252.000000,-3214.50,-3214.50
2022-10-16,-390.900000,0,-390.900000,-390.900000,252.000000,-3214.50,-3214.50
2022-10-17,-390.900000,0,-390.900000,-390.900000,252.000000,-3214.50,-3214.50
2022-10-18,-390.900000,0,-390.900000,-390.900000,252.000000,-3214.50,-3214.50
2022-10-19,-390.900000,0,-390.900000,-390.900000,252.000000,-3214.50,-3214.50
2022-10-20,-390.900000,0,-390.900000,-390.900000,252.000000,-3214.50,-3214.50
2022-10-21,-390.900000,0,-390.900000,-390.900000,252.000000,-3214.50,-3214.50
2022-10-23,-390.900000,0,-390.900000,-390.900000,252.000000,-3214.50,-3214.50
2022-10-24,-390.900000,0,-390.900000,-390.900000,252.000000,-3214.50,-3214.50
2022-10-25,-390.900000,0,-390.900000,-390.900000,252.000000,-3214.50,-3214.50
2022-10-26,-390.900000,0,-390.900000,-390.900000,252.000000,-3214.50,-3214.50
2022-10-27,-390.900000,0,-390.900000,-390.900000,252.000000,-3214.50,-3214.50
2022-10-28,-390.900000,0,-390.900000,-390.900000,252.000000,-3214.50,-3214.50
2022-10-30,-390.900000,0,-390.900000,-390.900000,252.000000,-3214.50,-3214.50
2022-10-31,-390.900000,0,-390.900000,-390.900000,252.000000,-3214.50,-3214.50
2022-11-01,-390.900000,0,-390.900000,-390.900000,252.000000,-3214.50,-3214.50
2022-11-02,-390.900000,0,-390.900000,-390.900000,252.000000,-3214.50,-3214.50
2022-11-03,-390.900000,0,-390.900000,-390.900000,252.000000,-3214.50,-3214.50
2022-11-04,-390.900000,0,-390.900000,-390.900000,252.000000,-3214.50,-3214.50
2022-11-06,-390.900000,0,-390.900000,-390.900000,252.000000,-3214.50,-3214.50
2022-11-07,-390.900000,0,-390.900000,-390.900000,252.000000,-3214.50,-3214.50
2022-11-08,-390.900000,0,-390.900000,-390.900000,252.000000,-3214.50,-3214.50
2022-11-09,-390.900000,0,-390.900000,-390.900000,252.000000,-3214.50,-3214.50
2022-11-10,-390.900000,0,-390.900000,-390.900000,252.000000,-3214.50,-3214.50
2022-11-11,-390.900000,0,-390.900000,-390.900000,252.000000,-3214.50,-3214.50
2022-11-13,-390.900000,0,-390.900000,-390.900000,252.000000,-3214.50,-3214.50
2022-11-14,-390.900000,0,-390.900000,-390.900000,252.000000,-3214.50,-3214.50
2022-11-15,-390.900000,0,-390.900000,-390.900000,252.000000,-3214.50,-3214.50
2022-11-16,-390.900000,0,-390.900000,-390.900000,252.000000,-3214.50,-3214.50
2022-11-17,-390.900000,0,-390.900000,-390.900000,252.000000,-3214.50,-3214.50
2022-11-18,-390.900000,0,-390.900000,-390.900000,252.000000,-3214.50,-3214.50
2022-11-20,-390.900000,0,-390.900000,-390.900000,252.000000,-3214.50,-3214.50
2022-11-21,-390.900000,0,-390.900000,-390.900000,252.000000,-3214.50,-3214.50
2022-11-22,-390.900000,0,-390.900000,-390.900000,252.000000,-3214.50,-3214.50
2022-11-23,-390.900000,0,-390.900000,-390.900000,252.000000,-3214.50,-3214.50
2022-11-24,-390.900000,0,-390.900000,-390.900000,252.000000,-3214.50,-3214.50
2022-11-25,-390.900000,0,-390.900000,-390.900000,252.000000,-3214.50,-3214.50
2022-11-27,-390.900000,0,-390.900000,-390.900000,252.000000,-3214.50,-3214.50
2022-11-28,-390.900000,0,-390.900000,-390.900000,252.000000,-3214.50,-3214.50
2022-11-29,-390.900000,0,-390.900000,-390.900000,252.000000,-3214.50,-3214.50
2022-11-30,-390.900000,0,-390.900000,-390.900000,252.000000,-3214.50,-3214.50
2022-12-01,-390.900000,6,-251.400000,-443.400000,252.000000,-2517.00,-3477.00
2022-12-02,-390.900000,6,-182.400000,-297.900000,252.000000,-2172.00,-2749.50
2022-12-04,-390.900000,6,-209.400000,-236.400000,252.000000,-2307.00,-2442.00
2022-12-05,-390.900000,6,167.100000,-224.400000,252.000000,-424.50,-2382.00
2022-12-06,-390.900000,6,530.100000,128.100000,530.100000,0.00,-2010.00
2022-12-07,138.450000,3,629.700000,557.700000,629.700000,0.00,-360.00
2022-12-08,138.450000,3,553.200000,510.450000,629.700000,-382.50,-596.25
2022-12-09,138.450000,3,646.950000,472.200000,646.950000,0.00,-873.75
2022-12-11,138.450000,3,661.200000,628.200000,661.200000,0.00,-165.00
2022-12-12,138.450000,3,373.200000,363.450000,661.200000,-1440.00,-1488.75
2022-12-13,138.450000,3,275.700000,-109.050000,661.200000,-1927.50,-3851.25
2022-12-14,138.450000,3,329.700000,151.200000,661.200000,-1657.50,-2550.00
2022-12-15,138.450000,3,663.450000,313.200000,663.450000,0.00,-1751.25
2022-12-16,138.450000,3,827.700000,638.700000,827.700000,0.00,-945.00
2022-12-18,138.450000,3,801.450000,782.700000,827.700000,-131.25,-225.00
2022-12-19,138.450000,3,889.200000,745.200000,889.200000,0.00,-720.00
2022-12-20,138.450000,3,854.700000,842.700000,889.200000,-172.50,-232.50
2022-12-21,138.450000,3,707.700000,685.950000,889.200000,-907.50,-1016.25
2022-12-22,138.450000,3,896.700000,682.950000,896.700000,0.00,-1068.75
2022-12-23,138.450000,3,836.700000,824.700000,896.700000,-300.00,-360.00
2022-12-26,138.450000,3,761.700000,756.450000,896.700000,-675.00,-701.25
2022-12-27,138.450000,3,875.700000,739.950000,896.700000,-105.00,-783.75
2022-12-28,138.450000,3,1006.200000,817.200000,1006.200000,0.00,-945.00
2022-12-29,138.450000,3,844.200000,793.950000,1006.200000,-810.00,-1061.25
2022-12-30,138.450000,3,837.450000,832.200000,1006.200000,-843.75,-870.00
2023-01-02,138.450000,3,827.700000,742.200000,1006.200000,-892.50,-1320.00
2023-01-03,783.300000,0,783.300000,783.300000,1006.200000,-1114.50,-1114.50
2023-01-04,783.300000,0,783.300000,783.300000,1006.200000,-1114.50,-1114.50
2023-01-05,783.300000,0,783.300000,783.300000,1006.200000,-1114.50,-1114.50
2023-01-06,783.300000,0,783.300000,783.300000,1006.200000,-1114.50,-1114.50
2023-01-08,783.300000,0,783.300000,783.300000,1006.200000,-1114.50,-1114.50
2023-01-09,783.300000,0,783.300000,783.300000,1006.200000,-1114.50,-1114.50
2023-01-10,783.300000,0,783.300000,783.300000,1006.200000,-1114.50,-1114.50
2023-01-11,783.300000,0,783.300000,783.300000,1006.200000,-1114.50,-1114.50
2023-01-12,783.300000,0,783.300000,783.300000,1006.200000,-1114.50,-1114.50
2023-01-13,783.300000,0,783.300000,783.300000,1006.200000,-1114.50,-1114.50
2023-01-15,783.300000,0,783.300000,783.300000,1006.200000,-1114.50,-1114.50
2023-01-16,783.300000,0,783.300000,783.300000,1006.200000,-1114.50,-1114.50
2023-01-17,783.300000,0,783.300000,783.300000,1006.200000,-1114.50,-1114.50
2023-01-18,783.300000,0,783.300000,783.300000,1006.200000,-1114.50,-1114.50
2023-01-19,783.300000,0,783.300000,783.300000,1006.200000,-1114.50,-1114.50
2023-01-20,783.300000,0,783.300000,783.300000,1006.200000,-1114.50,-1114.50
2023-01-22,783.300000,0,783.300000,783.300000,1006.200000,-1114.50,-1114.50
2023-01-23,783.300000,0,783.300000,783.300000,1006.200000,-1114.50,-1114.50
2023-01-24,783.300000,0,783.300000,783.300000,1006.200000,-1114.50,-1114.50
2023-01-25,783.300000,0,783.300000,783.300000,1006.200000,-1114.50,-1114.50
2023-01-26,783.300000,0,783.300000,783.300000,1006.200000,-1114.50,-1114.50
2023-01-27,783.300000,0,783.300000,783.300000,1006.200000,-1114.50,-1114.50
2023-01-29,783.300000,0,783.300000,783.300000,1006.200000,-1114.50,-1114.50
2023-01-30,783.300000,0,783.300000,783.300000,1006.200000,-1114.50,-1114.50
2023-01-31,783.300000,0,783.300000,783.300000,1006.200000,-1114.50,-1114.50
2023-02-01,783.300000,0,783.300000,783.300000,1006.200000,-1114.50,-1114.50
2023-02-02,783.300000,0,783.300000,783.300000,1006.200000,-1114.50,-1114.50
2023-02-03,783.300000,0,783.300000,783.300000,1006.200000,-1114.50,-1114.50
2023-02-05,783.300000,0,783.300000,783.300000,1006.200000,-1114.50,-1114.50
2023-02-06,783.300000,0,783.300000,783.300000,1006.200000,-1114.50,-1114.50
2023-02-07,783.300000,0,783.300000,783.300000,1006.200000,-1114.50,-1114.50
2023-02-08,783.300000,0,783.300000,783.300000,1006.200000,-1114.50,-1114.50
2023-02-09,783.300000,0,783.300000,783.300000,1006.200000,-1114.50,-1114.50
2023-02-10,783.300000,0,783.300000,783.300000,1006.200000,-1114.50,-1114.50
2023-02-12,783.300000,0,783.300000,783.300000,1006.200000,-1114.50,-1114.50
2023-02-13,783.300000,0,783.300000,783.300000,1006.200000,-1114.50,-1114.50
2023-02-14,783.300000,0,783.300000,783.300000,1006.200000,-1114.50,-1114.50
2023-02-15,783.300000,0,783.300000,783.300000,1006.200000,-1114.50,-1114.50
2023-02-16,783.300000,0,783.300000,783.300000,1006.200000,-1114.50,-1114.50
2023-02-17,783.300000,0,783.300000,783.300000,1006.200000,-1114.50,-1114.50
2023-02-19,783.300000,0,783.300000,783.300000,1006.200000,-1114.50,-1114.50
2023-02-20,783.300000,0,783.300000,783.300000,1006.200000,-1114.50,-1114.50
2023-02-21,783.300000,0,783.300000,783.300000,1006.200000,-1114.50,-1114.50
2023-02-22,783.300000,0,783.300000,783.300000,1006.200000,-1114.50,-1114.50
2023-02-23,783.300000,0,783.300000,783.300000,1006.200000,-1114.50,-1114.50
2023-02-24,783.300000,0,783.300000,783.300000,1006.200000,-1114.50,-1114.50
2023-02-26,783.300000,0,783.300000,783.300000,1006.200000,-1114.50,-1114.50
2023-02-27,783.300000,0,783.300000,783.300000,1006.200000,-1114.50,-1114.50
2023-02-28,783.300000,0,783.300000,783.300000,1006.200000,-1114.50,-1114.50
2023-03-01,783.300000,0,783.300000,783.300000,1006.200000,-1114.50,-1114.50
2023-03-02,783.300000,0,783.300000,783.300000,1006.200000,-1114.50,-1114.50
2023-03-03,783.300000,0,783.300000,783.300000,1006.200000,-1114.50,-1114.50
2023-03-05,783.300000,0,783.300000,783.300000,1006.200000,-1114.50,-1114.50
2023-03-06,783.300000,0,783.300000,783.300000,1006.200000,-1114.50,-1114.50
2023-03-07,783.300000,0,783.300000,783.300000,1006.200000,-1114.50,-1114.50
2023-03-08,783.300000,0,783.300000,783.300000,1006.200000,-1114.50,-1114.50
2023-03-09,783.300000,0,783.300000,783.300000,1006.200000,-1114.50,-1114.50
2023-03-10,783.300000,0,783.300000,783.300000,1006.200000,-1114.50,-1114.50
2023-03-12,783.300000,0,783.300000,783.300000,1006.200000,-1114.50,-1114.50
2023-03-13,783.300000,0,783.300000,783.300000,1006.200000,-1114.50,-1114.50
2023-03-14,783.300000,0,783.300000,783.300000,1006.200000,-1114.50,-1114.50
2023-03-15,783.300000,0,783.300000,783.300000,1006.200000,-1114.50,-1114.50
2023-03-16,783.300000,0,783.300000,783.300000,1006.200000,-1114.50,-1114.50
2023-03-17,783.300000,0,783.300000,783.300000,1006.200000,-1114.50,-1114.50
2023-03-19,783.300000,0,783.300000,783.300000,1006.200000,-1114.50,-1114.50
2023-03-20,783.300000,0,783.300000,783.300000,1006.200000,-1114.50,-1114.50
2023-03-21,783.300000,0,783.300000,783.300000,1006.200000,-1114.50,-1114.50
2023-03-22,783.300000,0,783.300000,783.300000,1006.200000,-1114.50,-1114.50
2023-03-23,783.300000,0,783.300000,783.300000,1006.200000,-1114.50,-1114.50
2023-03-24,783.300000,0,783.300000,783.300000,1006.200000,-1114.50,-1114.50
2023-03-26,783.300000,0,783.300000,783.300000,1006.200000,-1114.50,-1114.50
2023-03-27,783.300000,0,783.300000,783.300000,1006.200000,-1114.50,-1114.50
2023-03-28,783.300000,0,783.300000,783.300000,1006.200000,-1114.50,-1114.50
2023-03-29,783.300000,0,783.300000,783.300000,1006.200000,-1114.50,-1114.50
2023-03-30,783.300000,0,783.300000,783.300000,1006.200000,-1114.50,-1114.50
2023-03-31,783.300000,0,783.300000,783.300000,1006.200000,-1114.50,-1114.50
2023-04-02,783.300000,0,783.300000,783.300000,1006.200000,-1114.50,-1114.50
2023-04-03,783.300000,0,783.300000,783.300000,1006.200000,-1114.50,-1114.50
2023-04-04,783.300000,0,783.300000,783.300000,1006.200000,-1114.50,-1114.50
2023-04-05,783.300000,0,783.300000,783.300000,1006.200000,-1114.50,-1114.50
2023-04-06,783.300000,0,783.300000,783.300000,1006.200000,-1114.50,-1114.50
2023-04-07,783.300000,0,783.300000,783.300000,1006.200000,-1114.50,-1114.50
2023-04-09,783.300000,0,783.300000,783.300000,1006.200000,-1114.50,-1114.50
2023-04-10,783.300000,0,783.300000,783.300000,1006.200000,-1114.50,-1114.50
2023-04-11,783.300000,0,783.300000,783.300000,1006.200000,-1114.50,-1114.50
2023-04-12,783.300000,0,783.300000,783.300000,1006.200000,-1114.50,-1114.50
2023-04-13,783.300000,0,783.300000,783.300000,1006.200000,-1114.50,-1114.50
2023-04-14,783.300000,0,783.300000,783.300000,1006.200000,-1114.50,-1114.50
2023-04-16,783.300000,0,783.300000,783.300000,1006.200000,-1114.50,-1114.50
2023-04-17,783.300000,0,783.300000,783.300000,1006.200000,-1114.50,-1114.50
2023-04-18,783.300000,0,783.300000,783.300000,1006.200000,-1114.50,-1114.50
2023-04-19,783.300000,0,783.300000,783.300000,1006.200000,-1114.50,-1114.50
2023-04-20,783.300000,0,783.300000,783.300000,1006.200000,-1114.50,-1114.50
2023-04-21,783.300000,0,783.300000,783.300000,1006.200000,-1114.50,-1114.50
2023-04-23,783.300000,0,783.300000,783.300000,1006.200000,-1114.50,-1114.50
2023-04-24,783.300000,0,783.300000,783.300000,1006.200000,-1114.50,-1114.50
2023-04-25,783.300000,0,783.300000,783.300000,1006.200000,-1114.50,-1114.50
2023-04-26,783.300000,0,783.300000,783.300000,1006.200000,-1114.50,-1114.50
2023-04-27,783.300000,0,783.300000,783.300000,1006.200000,-1114.50,-1114.50
2023-04-28,783.300000,0,783.300000,783.300000,1006.200000,-1114.50,-1114.50
2023-04-30,783.300000,0,783.300000,783.300000,1006.200000,-1114.50,-1114.50
2023-05-01,783.300000,0,783.300000,783.300000,1006.200000,-1114.50,-1114.50
2023-05-02,783.300000,0,783.300000,783.300000,1006.200000,-1114.50,-1114.50
2023-05-03,783.300000,0,783.300000,783.300000,1006.200000,-1114.50,-1114.50
2023-05-04,783.300000,0,783.300000,783.300000,1006.200000,-1114.50,-1114.50
2023-05-05,783.300000,0,783.300000,783.300000,1006.200000,-1114.50,-1114.50
2023-05-07,783.300000,0,783.300000,783.300000,1006.200000,-1114.50,-1114.50
2023-05-08,783.300000,0,783.300000,783.300000,1006.200000,-1114.50,-1114.50
2023-05-09,783.300000,0,783.300000,783.300000,1006.200000,-1114.50,-1114.50
2023-05-10,783.300000,0,783.300000,783.300000,1006.200000,-1114.50,-1114.50
2023-05-11,783.300000,0,783.300000,783.300000,1006.200000,-1114.50,-1114.50
2023-05-12,783.300000,0,783.300000,783.300000,1006.200000,-1114.50,-1114.50
2023-05-14,783.300000,0,783.300000,783.300000,1006.200000,-1114.50,-1114.50
2023-05-15,783.300000,0,783.300000,783.300000,1006.200000,-1114.50,-1114.50
2023-05-16,783.300000,0,783.300000,783.300000,1006.200000,-1114.50,-1114.50
2023-05-17,783.300000,0,783.300000,783.300000,1006.200000,-1114.50,-1114.50
2023-05-18,783.300000,0,783.300000,783.300000,1006.200000,-1114.50,-1114.50
2023-05-19,783.300000,6,721.800000,681.300000,1006.200000,-1422.00,-1624.50
2023-05-21,834.000000,0,834.000000,834.000000,1006.200000,-861.00,-861.00
2023-05-22,834.000000,0,834.000000,834.000000,1006.200000,-861.00,-861.00
2023-05-23,834.000000,6,568.500000,501.000000,1006.200000,-2188.50,-2526.00
2023-05-24,698.700000,0,698.700000,698.700000,1006.200000,-1537.50,-1537.50
2023-05-25,698.700000,0,698.700000,698.700000,1006.200000,-1537.50,-1537.50
2023-05-26,698.700000,0,698.700000,698.700000,1006.200000,-1537.50,-1537.50
2023-05-28,698.700000,0,698.700000,698.700000,1006.200000,-1537.50,-1537.50
2023-05-29,698.700000,0,698.700000,698.700000,1006.200000,-1537.50,-1537.50
2023-05-30,698.700000,6,745.200000,647.700000,1006.200000,-1305.00,-1792.50
2023-05-31,698.700000,6,625.200000,485.700000,1006.200000,-1905.00,-2602.50
2023-06-01,743.400000,0,743.400000,743.400000,1006.200000,-1314.00,-1314.00
2023-06-02,743.400000,0,743.400000,743.400000,1006.200000,-1314.00,-1314.00
2023-06-04,743.400000,0,743.400000,743.400000,1006.200000,-1314.00,-1314.00
2023-06-05,743.400000,0,743.400000,743.400000,1006.200000,-1314.00,-1314.00
2023-06-06,743.400000,0,743.400000,743.400000,1006.200000,-1314.00,-1314.00
2023-06-07,743.400000,0,743.400000,743.400000,1006.200000,-1314.00,-1314.00
2023-06-08,743.400000,0,743.400000,743.400000,1006.200000,-1314.00,-1314.00
2023-06-09,743.400000,0,743.400000,743.400000,1006.200000,-1314.00,-1314.00
2023-06-11,743.400000,0,743.400000,743.400000,1006.200000,-1314.00,-1314.00
2023-06-12,743.400000,0,743.400000,743.400000,1006.200000,-1314.00,-1314.00
2023-06-13,743.400000,0,743.400000,743.400000,1006.200000,-1314.00,-1314.00
2023-06-14,743.400000,0,743.400000,743.400000,1006.200000,-1314.00,-1314.00
2023-06-15,743.400000,0,743.400000,743.400000,1006.200000,-1314.00,-1314.00
2023-06-16,743.400000,0,743.400000,743.400000,1006.200000,-1314.00,-1314.00
2023-06-18,743.400000,0,743.400000,743.400000,1006.200000,-1314.00,-1314.00
2023-06-19,743.400000,0,743.400000,743.400000,1006.200000,-1314.00,-1314.00
2023-06-20,743.400000,0,743.400000,743.400000,1006.200000,-1314.00,-1314.00
2023-06-21,743.400000,0,743.400000,743.400000,1006.200000,-1314.00,-1314.00
2023-06-22,743.400000,0,743.400000,743.400000,1006.200000,-1314.00,-1314.00
2023-06-23,743.400000,0,743.400000,743.400000,1006.200000,-1314.00,-1314.00
2023-06-25,743.400000,0,743.400000,743.400000,1006.200000,-1314.00,-1314.00
2023-06-26,743.400000,0,743.400000,743.400000,1006.200000,-1314.00,-1314.00
2023-06-27,743.400000,0,743.400000,743.400000,1006.200000,-1314.00,-1314.00
2023-06-28,743.400000,0,743.400000,743.400000,1006.200000,-1314.00,-1314.00
2023-06-29,743.400000,0,743.400000,743.400000,1006.200000,-1314.00,-1314.00
2023-06-30,743.400000,0,743.400000,743.400000,1006.200000,-1314.00,-1314.00
2023-07-02,743.400000,0,743.400000,743.400000,1006.200000,-1314.00,-1314.00
2023-07-03,743.400000,0,743.400000,743.400000,1006.200000,-1314.00,-1314.00
2023-07-04,743.400000,0,743.400000,743.400000,1006.200000,-1314.00,-1314.00
2023-07-05,743.400000,0,743.400000,743.400000,1006.200000,-1314.00,-1314.00
2023-07-06,743.400000,0,743.400000,743.400000,1006.200000,-1314.00,-1314.00
2023-07-07,743.400000,0,743.400000,743.400000,1006.200000,-1314.00,-1314.00
2023-07-09,743.400000,0,743.400000,743.400000,1006.200000,-1314.00,-1314.00
2023-07-10,743.400000,0,743.400000,743.400000,1006.200000,-1314.00,-1314.00
2023-07-11,743.400000,0,743.400000,743.400000,1006.200000,-1314.00,-1314.00
2023-07-12,743.400000,0,743.400000,743.400000,1006.200000,-1314.00,-1314.00
2023-07-13,743.400000,0,743.400000,743.400000,1006.200000,-1314.00,-1314.00
2023-07-14,743.400000,0,743.400000,743.400000,1006.200000,-1314.00,-1314.00
2023-07-16,743.400000,0,743.400000,743.400000,1006.200000,-1314.00,-1314.00
2023-07-17,743.400000,0,743.400000,743.400000,1006.200000,-1314.00,-1314.00
2023-07-18,743.400000,0,743.400000,743.400000,1006.200000,-1314.00,-1314.00
2023-07-19,743.400000,0,743.400000,743.400000,1006.200000,-1314.00,-1314.00
2023-07-20,743.400000,0,743.400000,743.400000,1006.200000,-1314.00,-1314.00
2023-07-21,743.400000,0,743.400000,743.400000,1006.200000,-1314.00,-1314.00
2023-07-23,743.400000,0,743.400000,743.400000,1006.200000,-1314.00,-1314.00
2023-07-24,743.400000,0,743.400000,743.400000,1006.200000,-1314.00,-1314.00
2023-07-25,743.400000,0,743.400000,743.400000,1006.200000,-1314.00,-1314.00
2023-07-26,743.400000,0,743.400000,743.400000,1006.200000,-1314.00,-1314.00
2023-07-27,743.400000,0,743.400000,743.400000,1006.200000,-1314.00,-1314.00
2023-07-28,743.400000,0,743.400000,743.400000,1006.200000,-1314.00,-1314.00
2023-07-30,743.400000,0,743.400000,743.400000,1006.200000,-1314.00,-1314.00
2023-07-31,743.400000,0,743.400000,743.400000,1006.200000,-1314.00,-1314.00
2023-08-01,743.400000,0,743.400000,743.400000,1006.200000,-1314.00,-1314.00
2023-08-02,743.400000,0,743.400000,743.400000,1006.200000,-1314.00,-1314.00
2023-08-03,743.400000,0,743.400000,743.400000,1006.200000,-1314.00,-1314.00
2023-08-04,743.400000,0,743.400000,743.400000,1006.200000,-1314.00,-1314.00
2023-08-06,743.400000,0,743.400000,743.400000,1006.200000,-1314.00,-1314.00
2023-08-07,743.400000,0,743.400000,743.400000,1006.200000,-1314.00,-1314.00
2023-08-08,743.400000,0,743.400000,743.400000,1006.200000,-1314.00,-1314.00
2023-08-09,743.400000,0,743.400000,743.400000,1006.200000,-1314.00,-1314.00
2023-08-10,743.400000,0,743.400000,743.400000,1006.200000,-1314.00,-1314.00
2023-08-11,743.400000,0,743.400000,743.400000,1006.200000,-1314.00,-1314.00
2023-08-13,743.400000,0,743.400000,743.400000,1006.200000,-1314.00,-1314.00
2023-08-14,743.400000,0,743.400000,743.400000,1006.200000,-1314.00,-1314.00
2023-08-15,743.400000,0,743.400000,743.400000,1006.200000,-1314.00,-1314.00
2023-08-16,743.400000,0,743.400000,743.400000,1006.200000,-1314.00,-1314.00
2023-08-17,743.400000,0,743.400000,743.400000,1006.200000,-1314.00,-1314.00
