strategy,side,entry_ts,exit_ts,entry,exit,qty,reason,usd,n_lots,period_key
st_daybias_dca_f30_week,long,2015-01-02 00:01:00-05:00,2015-01-02 00:35:00-05:00,1.20875,1.2077799999999999,1.0,stop,-49.25000000000687,1,2015-W01
st_daybias_dca_f30_week,short,2015-01-05 00:00:00-05:00,2015-01-05 00:01:00-05:00,1.19274,1.1954200000000001,1.0,stop,-134.75000000001188,1,2015-W02
st_daybias_dca_f30_week,short,2015-01-06 02:34:00-05:00,2015-01-09 21:59:00-05:00,1.188402,1.18411,2.0,period_end,427.6999999999851,2,2015-W02
st_daybias_dca_f30_week,long,2015-01-12 01:56:00-05:00,2015-01-12 08:06:00-05:00,1.1852970000000003,1.18445,1.0,stop,-43.10000000001321,1,2015-W03
st_daybias_dca_f30_week,long,2015-02-01 23:32:00-05:00,2015-02-02 00:00:00-05:00,1.1304360000000002,1.13065,1.0,period_end,9.949999999985721,1,2015-W05
st_daybias_dca_f30_week,long,2015-02-02 00:00:00-05:00,2015-02-02 06:02:00-05:00,1.1306610000000001,1.13,1.0,stop,-33.80000000001223,1,2015-W06
st_daybias_dca_f30_week,long,2015-02-03 09:00:00-05:00,2015-02-04 23:21:00-05:00,1.1346495,1.13119,2.0,stop,-347.4500000000171,2,2015-W06
st_daybias_dca_f30_week,short,2015-02-09 00:02:00-05:00,2015-02-09 01:26:00-05:00,1.131587,1.1325900000000002,1.0,stop,-50.90000000001546,1,2015-W07
st_daybias_dca_f30_week,short,2015-03-02 02:22:00-05:00,2015-03-02 08:25:00-05:00,1.1178219999999999,1.1187200000000002,1.0,stop,-45.65000000001437,1,2015-W10
st_daybias_dca_f30_week,short,2015-03-03 17:01:00-05:00,2015-03-06 21:59:00-05:00,1.1216119999999998,1.0844500000000001,1.0,period_end,1857.3499999999847,1,2015-W10
st_daybias_dca_f30_week,short,2015-03-09 00:00:00-04:00,2015-03-09 00:01:00-04:00,1.083875,1.08468,1.0,stop,-41.000000000008335,1,2015-W11
st_daybias_dca_f30_week,short,2015-03-12 12:30:00-04:00,2015-03-13 20:59:00-04:00,1.065476,1.0494800000000002,1.0,period_end,799.049999999995,1,2015-W11
st_daybias_dca_f30_week,short,2015-03-16 00:24:00-04:00,2015-03-16 01:14:00-04:00,1.0494189999999999,1.0505900000000001,1.0,stop,-59.30000000001276,1,2015-W12
st_daybias_dca_f30_week,short,2015-04-02 03:43:00-04:00,2015-04-02 06:21:00-04:00,1.0774949999999999,1.0800400000000001,1.0,stop,-128.00000000001208,1,2015-W14
st_daybias_dca_f30_week,long,2015-04-06 00:00:00-04:00,2015-04-06 00:02:00-04:00,1.0997230000000002,1.09872,1.0,stop,-50.90000000001546,1,2015-W15
st_daybias_dca_f30_week,long,2015-04-07 00:00:00-04:00,2015-04-07 08:06:00-04:00,1.094818,1.0909499999999999,1.0,stop,-194.15000000001024,1,2015-W15
st_daybias_dca_f30_week,short,2015-04-13 00:00:00-04:00,2015-04-13 00:18:00-04:00,1.060687,1.0617500000000002,1.0,stop,-53.90000000001291,1,2015-W16
st_daybias_dca_f30_week,short,2015-04-14 00:33:00-04:00,2015-04-14 12:33:00-04:00,1.058889,1.0619500000000002,1.0,stop,-153.80000000001013,1,2015-W16
st_daybias_dca_f30_week,long,2015-05-03 21:00:00-04:00,2015-05-04 00:00:00-04:00,1.120972,1.1187999999999998,1.0,period_end,-109.35000000001423,1,2015-W18
st_daybias_dca_f30_week,short,2015-05-04 01:00:00-04:00,2015-05-04 05:48:00-04:00,1.119451,1.1201,1.0,stop,-33.200000000006085,1,2015-W19
st_daybias_dca_f30_week,short,2015-05-05 14:43:00-04:00,2015-05-06 03:19:00-04:00,1.119349,1.1225,1.0,stop,-158.3000000000063,1,2015-W19
st_daybias_dca_f30_week,long,2015-05-07 22:45:00-04:00,2015-05-08 20:59:00-04:00,1.1234,1.1200999999999999,1.0,period_end,-165.75000000000404,1,2015-W19
st_daybias_dca_f30_week,short,2015-05-11 00:25:00-04:00,2015-05-12 07:17:00-04:00,1.1201619999999999,1.1207,1.0,stop,-27.650000000007473,1,2015-W20
st_daybias_dca_f30_week,long,2015-06-01 00:00:00-04:00,2015-06-01 00:18:00-04:00,1.0963520000000002,1.09516,1.0,stop,-60.3500000000152,1,2015-W23
st_daybias_dca_f30_week,short,2015-06-02 06:32:00-04:00,2015-06-02 07:14:00-04:00,1.095099,1.0979500000000002,1.0,stop,-143.30000000000794,1,2015-W23
st_daybias_dca_f30_week,long,2015-06-05 00:00:00-04:00,2015-06-05 12:30:00-04:00,1.12403,1.1179299999999999,1.0,stop,-305.7500000000108,1,2015-W23
st_daybias_dca_f30_week,short,2015-06-08 00:06:00-04:00,2015-06-08 00:25:00-04:00,1.110562,1.1111600000000001,1.0,stop,-30.650000000004923,1,2015-W24
st_daybias_dca_f30_week,long,2015-06-11 01:04:00-04:00,2015-06-11 07:55:00-04:00,1.129845,1.1259499999999998,1.0,stop,-195.5000000000102,1,2015-W24
st_daybias_dca_f30_week,long,2015-07-01 00:00:00-04:00,2015-07-01 07:20:00-04:00,1.115223,1.11119,1.0,stop,-202.40000000000876,1,2015-W27
st_daybias_dca_f30_week,short,2015-07-06 00:02:00-04:00,2015-07-06 01:07:00-04:00,1.10175,1.1039500000000002,1.0,stop,-110.75000000001009,1,2015-W28
st_daybias_dca_f30_week,long,2015-07-07 06:28:00-04:00,2015-07-07 08:05:00-04:00,1.102464,1.0993099999999998,1.0,stop,-158.45000000001616,1,2015-W28
st_daybias_dca_f30_week,long,2015-07-09 16:42:00-04:00,2015-07-10 20:59:00-04:00,1.101032,1.1151399999999998,1.0,period_end,704.6499999999894,1,2015-W28
st_daybias_dca_f30_week,long,2015-07-12 21:00:00-04:00,2015-07-13 00:00:00-04:00,1.1103640000000001,1.1128699999999998,1.0,period_end,124.54999999998375,1,2015-W28
st_daybias_dca_f30_week,short,2015-08-03 00:39:00-04:00,2015-08-03 01:05:00-04:00,1.09774,1.0983500000000002,1.0,stop,-31.250000000011074,1,2015-W32
st_daybias_dca_f30_week,short,2015-08-04 10:00:00-04:00,2015-08-06 06:00:00-04:00,1.0943375,1.0934700000000002,2.0,stop,85.24999999997988,2,2015-W32
st_daybias_dca_f30_week,long,2015-08-07 12:30:00-04:00,2015-08-07 12:31:00-04:00,1.089526,1.0873199999999998,1.0,stop,-111.05000000000761,1,2015-W32
st_daybias_dca_f30_week,long,2015-08-10 00:02:00-04:00,2015-08-10 00:08:00-04:00,1.096142,1.0957599999999998,1.0,stop,-19.850000000005224,1,2015-W33
st_daybias_dca_f30_week,short,2015-09-01 00:24:00-04:00,2015-09-01 02:02:00-04:00,1.123727,1.12629,1.0,stop,-128.90000000000464,1,2015-W36
st_daybias_dca_f30_week,long,2015-09-02 07:17:00-04:00,2015-09-02 14:46:00-04:00,1.125634,1.1222699999999999,1.0,stop,-168.95000000000724,1,2015-W36
st_daybias_dca_f30_week,short,2015-09-06 21:00:00-04:00,2015-09-07 00:00:00-04:00,1.1159089999999998,1.1154400000000002,1.0,period_end,22.69999999998043,1,2015-W36
st_daybias_dca_f30_week,short,2015-09-07 00:21:00-04:00,2015-09-07 00:24:00-04:00,1.1156089999999999,1.11633,1.0,stop,-36.80000000000969,1,2015-W37
st_daybias_dca_f30_week,short,2015-09-08 00:15:00-04:00,2015-09-08 03:31:00-04:00,1.1160349999999999,1.11783,1.0,stop,-90.50000000001066,1,2015-W37
st_daybias_dca_f30_week,short,2015-10-05 00:00:00-04:00,2015-10-05 00:41:00-04:00,1.121889,1.1225200000000002,1.0,stop,-32.30000000001351,1,2015-W41
st_daybias_dca_f30_week,short,2015-10-06 14:51:00-04:00,2015-10-08 07:18:00-04:00,1.1253959999999998,1.12897,1.0,stop,-179.4500000000094,1,2015-W41
st_daybias_dca_f30_week,short,2015-10-09 07:07:00-04:00,2015-10-09 07:45:00-04:00,1.1299919999999999,1.1327800000000001,1.0,stop,-140.15000000001174,1,2015-W41
st_daybias_dca_f30_week,long,2015-10-12 15:09:00-04:00,2015-10-12 21:08:00-04:00,1.135934,1.13539,1.0,stop,-27.950000000004998,1,2015-W42
st_daybias_dca_f30_week,long,2015-10-13 00:00:00-04:00,2015-10-13 00:16:00-04:00,1.136573,1.13512,1.0,stop,-73.40000000000742,1,2015-W42
st_daybias_dca_f30_week,long,2015-11-02 00:00:00-05:00,2015-11-02 00:58:00-05:00,1.102483,1.10181,1.0,stop,-34.40000000000728,1,2015-W45
st_daybias_dca_f30_week,long,2015-11-03 00:00:00-05:00,2015-11-03 08:44:00-05:00,1.101639,1.09997,1.0,stop,-84.20000000000712,1,2015-W45
st_daybias_dca_f30_week,short,2015-11-06 00:00:00-05:00,2015-11-06 21:59:00-05:00,1.087762,1.07382,1.0,period_end,696.3499999999949,1,2015-W45
st_daybias_dca_f30_week,short,2015-11-09 00:01:00-05:00,2015-11-09 00:03:00-05:00,1.0730129999999998,1.07359,1.0,stop,-29.600000000013587,1,2015-W46
st_daybias_dca_f30_week,short,2015-11-11 00:00:00-05:00,2015-11-11 03:28:00-05:00,1.073662,1.0764500000000001,1.0,stop,-140.15000000001174,1,2015-W46
st_daybias_dca_f30_week,short,2015-12-01 02:07:00-05:00,2015-12-01 02:19:00-05:00,1.058337,1.0595500000000002,1.0,stop,-61.40000000000653,1,2015-W49
st_daybias_dca_f30_week,long,2015-12-06 22:00:00-05:00,2015-12-07 00:00:00-05:00,1.087263,1.08805,1.0,period_end,38.59999999999356,1,2015-W49
st_daybias_dca_f30_week,long,2015-12-07 00:13:00-05:00,2015-12-07 00:39:00-05:00,1.0874510000000002,1.08679,1.0,stop,-33.80000000001223,1,2015-W50
st_daybias_dca_f30_week,long,2015-12-10 15:51:00-05:00,2015-12-11 21:59:00-05:00,1.092865,1.09923,1.0,period_end,317.4999999999977,1,2015-W50
st_daybias_dca_f30_week,long,2015-12-14 00:28:00-05:00,2015-12-14 02:14:00-05:00,1.097539,1.0966799999999999,1.0,stop,-43.70000000000826,1,2015-W51
st_daybias_dca_f30_week,short,2016-01-04 02:01:00-05:00,2016-01-04 02:47:00-05:00,1.0864129999999999,1.08735,1.0,stop,-47.60000000000939,1,2016-W01
st_daybias_dca_f30_week,short,2016-01-07 00:00:00-05:00,2016-01-07 01:37:00-05:00,1.077345,1.0799800000000002,1.0,stop,-132.50000000000824,1,2016-W01
st_daybias_dca_f30_week,long,2016-01-08 13:30:00-05:00,2016-01-08 21:59:00-05:00,1.0822230000000002,1.0922999999999998,1.0,period_end,503.0999999999835,1,2016-W01
st_daybias_dca_f30_week,long,2016-01-11 00:01:00-05:00,2016-01-11 03:42:00-05:00,1.093345,1.09167,1.0,stop,-84.50000000000466,1,2016-W02
st_daybias_dca_f30_week,short,2016-01-13 15:34:00-05:00,2016-01-14 08:53:00-05:00,1.0875549999999998,1.09007,1.0,stop,-126.50000000001336,1,2016-W02
st_daybias_dca_f30_week,short,2016-02-01 00:01:00-05:00,2016-02-01 00:29:00-05:00,1.082771,1.08345,1.0,stop,-34.700000000004806,1,2016-W05
st_daybias_dca_f30_week,long,2016-02-03 08:00:00-05:00,2016-02-05 21:59:00-05:00,1.1014020000000002,1.1155599999999999,2.0,period_end,1414.2999999999781,2,2016-W05
st_daybias_dca_f30_week,short,2016-02-08 01:06:00-05:00,2016-02-08 01:14:00-05:00,1.114603,1.11491,1.0,stop,-16.10000000000286,1,2016-W06
st_daybias_dca_f30_week,long,2016-02-10 15:09:00-05:00,2016-02-10 15:32:00-05:00,1.121555,1.1161899999999998,1.0,stop,-269.0000000000143,1,2016-W06
st_daybias_dca_f30_week,short,2016-03-02 00:00:00-05:00,2016-03-03 10:30:00-05:00,1.0869494999999998,1.08814,2.0,stop,-120.55000000002053,2,2016-W09
st_daybias_dca_f30_week,long,2016-03-07 00:00:00-05:00,2016-03-07 01:38:00-05:00,1.099126,1.09875,1.0,stop,-19.5500000000077,1,2016-W10
st_daybias_dca_f30_week,long,2016-03-09 00:00:00-05:00,2016-03-09 00:55:00-05:00,1.101336,1.0993099999999998,1.0,stop,-102.05000000001527,1,2016-W10
st_daybias_dca_f30_week,short,2016-03-14 00:00:00-04:00,2016-03-16 18:08:00-04:00,1.1163079999999999,1.11768,1.0,stop,-69.35000000000754,1,2016-W11
st_daybias_dca_f30_week,long,2016-04-01 14:12:00-04:00,2016-04-01 20:59:00-04:00,1.134111,1.1389399999999998,1.0,period_end,240.6999999999875,1,2016-W13
st_daybias_dca_f30_week,short,2016-04-04 00:01:00-04:00,2016-04-04 00:08:00-04:00,1.1395839999999997,1.14005,1.0,stop,-24.050000000014975,1,2016-W14
st_daybias_dca_f30_week,short,2016-04-05 00:14:00-04:00,2016-04-06 15:38:00-04:00,1.1389619999999998,1.1413000000000002,2.0,stop,-235.30000000002843,2,2016-W14
st_daybias_dca_f30_week,short,2016-04-10 21:00:00-04:00,2016-04-11 00:00:00-04:00,1.1397739999999998,1.1405200000000002,1.0,period_end,-38.050000000017874,1,2016-W14
st_daybias_dca_f30_week,long,2016-05-02 00:06:00-04:00,2016-05-02 07:01:00-04:00,1.145723,1.14523,1.0,stop,-25.400000000003836,1,2016-W18
st_daybias_dca_f30_week,short,2016-05-06 12:30:00-04:00,2016-05-06 20:59:00-04:00,1.146093,1.14026,1.0,period_end,290.89999999999884,1,2016-W18
st_daybias_dca_f30_week,short,2016-05-10 14:42:00-04:00,2016-05-11 12:12:00-04:00,1.1399995,1.1410300000000002,2.0,stop,-104.55000000002673,2,2016-W19
st_daybias_dca_f30_week,short,2016-05-16 00:00:00-04:00,2016-05-16 07:01:00-04:00,1.131378,1.1320000000000001,1.0,stop,-31.850000000006123,1,2016-W20
st_daybias_dca_f30_week,long,2016-06-01 00:00:00-04:00,2016-06-01 00:45:00-04:00,1.113806,1.1121699999999999,1.0,stop,-82.55000000000965,1,2016-W22
st_daybias_dca_f30_week,long,2016-06-06 00:00:00-04:00,2016-06-06 00:14:00-04:00,1.135331,1.1344299999999998,1.0,stop,-45.800000000013135,1,2016-W23
st_daybias_dca_f30_week,long,2016-06-07 11:30:00-04:00,2016-06-09 08:18:00-04:00,1.135926,1.1354,2.0,stop,-54.100000000013736,2,2016-W23
st_daybias_dca_f30_week,short,2016-06-13 00:08:00-04:00,2016-06-13 03:57:00-04:00,1.124677,1.12535,1.0,stop,-34.40000000000728,1,2016-W24
st_daybias_dca_f30_week,long,2016-07-04 00:00:00-04:00,2016-07-04 06:59:00-04:00,1.11291,1.11245,1.0,stop,-23.75000000000635,1,2016-W27
st_daybias_dca_f30_week,long,2016-07-05 14:58:00-04:00,2016-07-05 15:22:00-04:00,1.1116880000000002,1.10974,1.0,stop,-98.15000000001415,1,2016-W27
st_daybias_dca_f30_week,short,2016-07-07 00:00:00-04:00,2016-07-08 13:14:00-04:00,1.1086349999999998,1.11121,1.0,stop,-129.5000000000108,1,2016-W27
st_daybias_dca_f30_week,short,2016-07-11 02:14:00-04:00,2016-07-11 02:22:00-04:00,1.1049309999999999,1.1053700000000002,1.0,stop,-22.700000000015013,1,2016-W28
st_daybias_dca_f30_week,short,2016-07-12 00:00:00-04:00,2016-07-12 01:57:00-04:00,1.1056489999999999,1.1075100000000002,1.0,stop,-93.80000000001672,1,2016-W28
st_daybias_dca_f30_week,long,2016-08-01 00:00:00-04:00,2016-08-01 06:04:00-04:00,1.11715,1.11651,1.0,stop,-32.7500000000098,1,2016-W31
st_daybias_dca_f30_week,long,2016-08-02 02:04:00-04:00,2016-08-03 14:20:00-04:00,1.117384,1.1161699999999999,2.0,stop,-122.90000000001594,2,2016-W31
st_daybias_dca_f30_week,short,2016-08-05 06:08:00-04:00,2016-08-05 11:09:00-04:00,1.1143109999999998,1.11568,1.0,stop,-69.20000000000879,1,2016-W31
st_daybias_dca_f30_week,short,2016-08-08 00:16:00-04:00,2016-08-08 01:49:00-04:00,1.108742,1.10928,1.0,stop,-27.650000000007473,1,2016-W32
st_daybias_dca_f30_week,short,2016-09-01 00:00:00-04:00,2016-09-01 01:55:00-04:00,1.115224,1.1165900000000002,1.0,stop,-69.05000000001002,1,2016-W35
st_daybias_dca_f30_week,long,2016-09-04 21:00:00-04:00,2016-09-05 00:00:00-04:00,1.1181340000000002,1.1157499999999998,1.0,period_end,-119.95000000001929,1,2016-W35
st_daybias_dca_f30_week,short,2016-09-05 00:00:00-04:00,2016-09-05 00:02:00-04:00,1.1156709999999999,1.11596,1.0,stop,-15.200000000010288,1,2016-W36
st_daybias_dca_f30_week,long,2016-09-08 00:00:00-04:00,2016-09-09 13:01:00-04:00,1.124222,1.12285,1.0,stop,-69.35000000000754,1,2016-W36
st_daybias_dca_f30_week,short,2016-09-12 00:00:00-04:00,2016-09-12 00:43:00-04:00,1.1236779999999997,1.12412,1.0,stop,-22.850000000013775,1,2016-W37
st_daybias_dca_f30_week,long,2016-10-03 00:00:00-04:00,2016-10-03 00:35:00-04:00,1.12328,1.1226699999999998,1.0,stop,-31.250000000011074,1,2016-W40
st_daybias_dca_f30_week,long,2016-10-04 00:00:00-04:00,2016-10-04 00:27:00-04:00,1.1216620000000002,1.1204699999999999,1.0,stop,-60.3500000000152,1,2016-W40
st_daybias_dca_f30_week,long,2016-10-06 00:39:00-04:00,2016-10-06 07:26:00-04:00,1.120328,1.11892,1.0,stop,-71.15000000000379,1,2016-W40
st_daybias_dca_f30_week,long,2016-10-10 01:57:00-04:00,2016-10-10 06:02:00-04:00,1.1187390000000001,1.11794,1.0,stop,-40.70000000001081,1,2016-W41
st_daybias_dca_f30_week,short,2016-10-13 15:16:00-04:00,2016-10-14 20:59:00-04:00,1.1043589999999999,1.0972000000000002,1.0,period_end,357.1999999999847,1,2016-W41
st_daybias_dca_f30_week,long,2016-11-03 11:08:00-04:00,2016-11-04 20:59:00-04:00,1.107212,1.1137299999999999,1.0,period_end,325.1499999999901,1,2016-W44
st_daybias_dca_f30_week,long,2016-11-06 22:04:00-05:00,2016-11-06 22:15:00-05:00,1.109872,1.1079299999999999,1.0,stop,-97.85000000000551,1,2016-W44
st_daybias_dca_f30_week,short,2016-11-07 00:00:00-05:00,2016-11-07 00:03:00-05:00,1.1086059999999998,1.10999,1.0,stop,-69.95000000001369,1,2016-W45
st_daybias_dca_f30_week,short,2016-11-09 00:14:00-05:00,2016-11-09 02:02:00-05:00,1.104774,1.10674,1.0,stop,-99.05000000000672,1,2016-W45
st_daybias_dca_f30_week,short,2016-11-15 08:26:00-05:00,2016-11-18 21:59:00-05:00,1.079029,1.05871,1.0,period_end,1015.1999999999988,1,2016-W46
st_daybias_dca_f30_week,short,2016-12-02 00:00:00-05:00,2016-12-02 00:09:00-05:00,1.064304,1.0669300000000002,1.0,stop,-132.05000000001195,1,2016-W48
st_daybias_dca_f30_week,short,2016-12-05 00:06:00-05:00,2016-12-05 08:14:00-05:00,1.059005,1.06275,1.0,stop,-188.00000000000546,1,2016-W49
st_daybias_dca_f30_week,long,2016-12-07 00:00:00-05:00,2016-12-08 13:33:00-05:00,1.0726495000000003,1.06981,2.0,stop,-285.4500000000217,2,2016-W49
st_daybias_dca_f30_week,short,2016-12-12 00:00:00-05:00,2016-12-12 01:28:00-05:00,1.0543719999999999,1.0550300000000001,1.0,stop,-33.65000000001348,1,2016-W50
st_daybias_dca_f30_week,long,2017-01-01 22:00:00-05:00,2017-01-02 00:00:00-05:00,1.053205,1.05225,1.0,period_end,-48.50000000000196,1,2016-W52
st_daybias_dca_f30_week,long,2017-01-02 02:06:00-05:00,2017-01-02 05:41:00-05:00,1.0519500000000002,1.0514299999999999,1.0,stop,-26.7500000000149,1,2017-W01
st_daybias_dca_f30_week,short,2017-01-04 09:38:00-05:00,2017-01-04 16:23:00-05:00,1.044466,1.04906,1.0,stop,-230.45000000001045,1,2017-W01
st_daybias_dca_f30_week,long,2017-01-08 22:00:00-05:00,2017-01-09 00:00:00-05:00,1.055463,1.0528899999999999,1.0,period_end,-129.40000000000794,1,2017-W01
st_daybias_dca_f30_week,short,2017-01-09 00:06:00-05:00,2017-01-09 00:59:00-05:00,1.0532359999999998,1.05363,1.0,stop,-20.450000000011375,1,2017-W02
st_daybias_dca_f30_week,long,2017-02-06 00:01:00-05:00,2017-02-06 00:02:00-05:00,1.0782550000000002,1.07775,1.0,stop,-26.000000000009987,1,2017-W06
st_daybias_dca_f30_week,short,2017-02-13 06:06:00-05:00,2017-02-13 07:20:00-05:00,1.063062,1.0637500000000002,1.0,stop,-35.1500000000122,1,2017-W07
st_daybias_dca_f30_week,long,2017-02-17 16:05:00-05:00,2017-02-17 21:59:00-05:00,1.062418,1.0610899999999999,1.0,period_end,-67.15000000001089,1,2017-W07
st_daybias_dca_f30_week,short,2017-02-20 00:00:00-05:00,2017-02-24 21:59:00-05:00,1.062478,1.056,1.0,period_end,323.1499999999992,1,2017-W08
st_daybias_dca_f30_week,short,2017-02-27 00:10:00-05:00,2017-02-27 00:27:00-05:00,1.0560159999999998,1.0565,1.0,stop,-24.95000000000755,1,2017-W09
st_daybias_dca_f30_week,long,2017-03-01 00:00:00-05:00,2017-03-01 00:01:00-05:00,1.058615,1.0566099999999998,1.0,stop,-101.00000000001283,1,2017-W09
st_daybias_dca_f30_week,short,2017-03-03 10:38:00-05:00,2017-03-03 11:46:00-05:00,1.0529859999999998,1.05461,1.0,stop,-81.9500000000146,1,2017-W09
st_daybias_dca_f30_week,long,2017-03-06 00:33:00-05:00,2017-03-06 05:19:00-05:00,1.0607090000000001,1.0599699999999999,1.0,stop,-37.70000000001336,1,2017-W10
st_daybias_dca_f30_week,long,2017-03-07 00:00:00-05:00,2017-03-07 00:33:00-05:00,1.059476,1.0574199999999998,1.0,stop,-103.550000000014,1,2017-W10
st_daybias_dca_f30_week,short,2017-03-09 08:51:00-05:00,2017-03-09 13:39:00-05:00,1.0561779999999998,1.05746,1.0,stop,-64.85000000001136,1,2017-W10
st_daybias_dca_f30_week,short,2017-04-03 00:00:00-04:00,2017-04-03 00:03:00-04:00,1.0668639999999998,1.06742,1.0,stop,-28.55000000001115,1,2017-W14
st_daybias_dca_f30_week,short,2017-04-04 00:00:00-04:00,2017-04-04 21:58:00-04:00,1.0668819999999999,1.06814,1.0,stop,-63.650000000010166,1,2017-W14
st_daybias_dca_f30_week,short,2017-04-05 00:00:00-04:00,2017-04-05 07:10:00-04:00,1.066972,1.0685600000000002,1.0,stop,-80.15000000000724,1,2017-W14
st_daybias_dca_f30_week,short,2017-04-06 00:00:00-04:00,2017-04-07 20:59:00-04:00,1.0672199999999998,1.0589400000000002,1.0,period_end,413.24999999998107,1,2017-W14
st_daybias_dca_f30_week,short,2017-04-10 01:43:00-04:00,2017-04-10 05:16:00-04:00,1.058347,1.0589000000000002,1.0,stop,-28.400000000012387,1,2017-W15
st_daybias_dca_f30_week,short,2017-05-01 00:00:00-04:00,2017-05-01 12:30:00-04:00,1.0904349999999998,1.09115,1.0,stop,-36.500000000012164,1,2017-W18
st_daybias_dca_f30_week,short,2017-05-02 00:42:00-04:00,2017-05-02 05:27:00-04:00,1.091143,1.09244,1.0,stop,-65.60000000000518,1,2017-W18
st_daybias_dca_f30_week,short,2017-05-03 00:00:00-04:00,2017-05-03 00:01:00-04:00,1.092106,1.0936400000000002,1.0,stop,-77.45000000000732,1,2017-W18
st_daybias_dca_f30_week,long,2017-05-04 00:00:00-04:00,2017-05-04 06:38:00-04:00,1.0898420000000002,1.08808,1.0,stop,-88.85000000001317,1,2017-W18
st_daybias_dca_f30_week,long,2017-05-07 23:56:00-04:00,2017-05-08 00:00:00-04:00,1.0964930000000002,1.09642,1.0,period_end,-4.400000000010589,1,2017-W18
st_daybias_dca_f30_week,long,2017-06-02 00:00:00-04:00,2017-06-02 20:59:00-04:00,1.121895,1.1281999999999999,1.0,period_end,314.49999999998914,1,2017-W22
st_daybias_dca_f30_week,long,2017-06-05 00:01:00-04:00,2017-06-05 00:24:00-04:00,1.1274680000000001,1.12696,1.0,stop,-26.15000000000875,1,2017-W23
st_daybias_dca_f30_week,short,2017-06-07 00:03:00-04:00,2017-06-09 20:59:00-04:00,1.1270559999999998,1.1194600000000001,1.0,period_end,379.0499999999857,1,2017-W23
st_daybias_dca_f30_week,short,2017-06-11 21:00:00-04:00,2017-06-12 00:00:00-04:00,1.1200379999999999,1.1202,1.0,period_end,-8.850000000010876,1,2017-W23
st_daybias_dca_f30_week,short,2017-06-12 00:36:00-04:00,2017-06-12 02:36:00-04:00,1.1205349999999998,1.12101,1.0,stop,-24.500000000011262,1,2017-W24
st_daybias_dca_f30_week,long,2017-07-03 00:06:00-04:00,2017-07-03 00:54:00-04:00,1.1419890000000001,1.1415799999999998,1.0,stop,-21.20000000001629,1,2017-W27
st_daybias_dca_f30_week,short,2017-07-05 01:54:00-04:00,2017-07-06 09:53:00-04:00,1.1357619999999997,1.1369,2.0,stop,-115.30000000001944,2,2017-W27
st_daybias_dca_f30_week,long,2017-07-09 21:00:00-04:00,2017-07-10 00:00:00-04:00,1.1398160000000002,1.14027,1.0,period_end,21.94999999998662,1,2017-W27
st_daybias_dca_f30_week,long,2017-07-10 08:59:00-04:00,2017-07-10 09:23:00-04:00,1.1396320000000002,1.13919,1.0,stop,-22.850000000013775,1,2017-W28
st_daybias_dca_f30_week,long,2017-08-02 01:40:00-04:00,2017-08-04 12:31:00-04:00,1.1825780000000001,1.1829999999999998,2.0,stop,40.69999999997003,2,2017-W31
st_daybias_dca_f30_week,short,2017-08-07 00:23:00-04:00,2017-08-07 01:59:00-04:00,1.1785709999999998,1.17934,1.0,stop,-39.20000000001208,1,2017-W32
st_daybias_dca_f30_week,short,2017-08-08 00:23:00-04:00,2017-08-08 01:36:00-04:00,1.1802279999999998,1.1814500000000001,1.0,stop,-61.85000000001392,1,2017-W32
st_daybias_dca_f30_week,short,2017-08-10 00:00:00-04:00,2017-08-10 18:51:00-04:00,1.174516,1.17704,1.0,stop,-126.95000000000964,1,2017-W32
st_daybias_dca_f30_week,short,2017-09-01 00:00:00-04:00,2017-09-01 10:00:00-04:00,1.189246,1.1923400000000002,1.0,stop,-155.4500000000076,1,2017-W35
st_daybias_dca_f30_week,short,2017-09-04 00:00:00-04:00,2017-09-04 00:10:00-04:00,1.188177,1.1886400000000001,1.0,stop,-23.90000000000511,1,2017-W36
st_daybias_dca_f30_week,short,2017-09-05 02:50:00-04:00,2017-09-05 14:33:00-04:00,1.190804,1.1922300000000001,1.0,stop,-72.05000000000747,1,2017-W36
st_daybias_dca_f30_week,short,2017-09-06 00:00:00-04:00,2017-09-06 08:05:00-04:00,1.1918379999999997,1.19411,1.0,stop,-114.3500000000137,1,2017-W36
st_daybias_dca_f30_week,long,2017-09-07 06:10:00-04:00,2017-09-08 20:59:00-04:00,1.191743,1.20342,1.0,period_end,583.0999999999968,1,2017-W36
st_daybias_dca_f30_week,long,2017-10-01 21:00:00-04:00,2017-10-02 00:00:00-04:00,1.1791070000000001,1.18074,1.0,period_end,80.89999999998868,1,2017-W39
st_daybias_dca_f30_week,long,2017-10-02 00:33:00-04:00,2017-10-02 00:59:00-04:00,1.1797050000000002,1.17881,1.0,stop,-45.50000000001561,1,2017-W40
st_daybias_dca_f30_week,long,2017-10-05 00:00:00-04:00,2017-10-05 10:59:00-04:00,1.175929,1.1745899999999998,1.0,stop,-67.70000000001005,1,2017-W40
st_daybias_dca_f30_week,long,2017-10-09 01:52:00-04:00,2017-10-09 06:11:00-04:00,1.1732240000000003,1.17262,1.0,stop,-30.95000000001355,1,2017-W41
st_daybias_dca_f30_week,short,2017-10-16 00:00:00-04:00,2017-10-16 00:02:00-04:00,1.1813639999999999,1.1818300000000002,1.0,stop,-24.050000000014975,1,2017-W42
st_daybias_dca_f30_week,long,2017-11-01 01:05:00-04:00,2017-11-01 12:24:00-04:00,1.1636250000000001,1.1624299999999999,1.0,stop,-60.500000000013955,1,2017-W44
st_daybias_dca_f30_week,long,2017-11-03 07:50:00-04:00,2017-11-03 14:24:00-04:00,1.164496,1.1625599999999998,1.0,stop,-97.550000000008,1,2017-W44
st_daybias_dca_f30_week,short,2017-11-06 00:00:00-05:00,2017-11-06 02:25:00-05:00,1.161317,1.1618400000000002,1.0,stop,-26.900000000013662,1,2017-W45
st_daybias_dca_f30_week,short,2017-11-07 00:00:00-05:00,2017-11-09 07:12:00-05:00,1.1603404999999998,1.1615900000000001,2.0,stop,-126.45000000002365,2,2017-W45
st_daybias_dca_f30_week,short,2017-12-04 00:17:00-05:00,2017-12-04 01:44:00-05:00,1.186893,1.1875600000000002,1.0,stop,-34.10000000000976,1,2017-W49
st_daybias_dca_f30_week,short,2017-12-05 00:00:00-05:00,2017-12-08 21:59:00-05:00,1.186318,1.1772500000000001,1.0,period_end,452.6499999999927,1,2017-W49
st_daybias_dca_f30_week,short,2017-12-10 22:00:00-05:00,2017-12-11 00:00:00-05:00,1.176061,1.1768,1.0,period_end,-37.70000000000226,1,2017-W49
st_daybias_dca_f30_week,short,2017-12-11 00:02:00-05:00,2017-12-11 00:20:00-05:00,1.1768839999999998,1.17723,1.0,stop,-18.050000000008975,1,2017-W50
st_daybias_dca_f30_week,long,2017-12-12 00:00:00-05:00,2017-12-12 13:30:00-05:00,1.177874,1.17634,1.0,stop,-77.45000000000732,1,2017-W50
st_daybias_dca_f30_week,long,2018-01-03 10:23:00-05:00,2018-01-03 15:01:00-05:00,1.2030290000000001,1.2007299999999999,1.0,stop,-115.70000000001366,1,2018-W01
st_daybias_dca_f30_week,short,2018-01-08 00:00:00-05:00,2018-01-08 00:47:00-05:00,1.20345,1.20394,1.0,stop,-25.250000000005073,1,2018-W02
st_daybias_dca_f30_week,short,2018-01-10 10:38:00-05:00,2018-01-10 10:40:00-05:00,1.1957029999999997,1.1976,1.0,stop,-95.60000000001298,1,2018-W02
st_daybias_dca_f30_week,long,2018-01-15 00:01:00-05:00,2018-01-15 00:03:00-05:00,1.2197570000000002,1.2190299999999998,1.0,stop,-37.10000000001831,1,2018-W03
st_daybias_dca_f30_week,long,2018-01-16 07:11:00-05:00,2018-01-17 21:53:00-05:00,1.222074,1.21871,1.0,stop,-168.95000000000724,1,2018-W03
st_daybias_dca_f30_week,long,2018-02-01 01:03:00-05:00,2018-02-01 07:08:00-05:00,1.24137,1.23863,1.0,stop,-137.75000000000932,1,2018-W05
st_daybias_dca_f30_week,long,2018-02-02 15:00:00-05:00,2018-02-02 21:59:00-05:00,1.242715,1.2455399999999999,1.0,period_end,140.49999999999278,1,2018-W05
st_daybias_dca_f30_week,short,2018-02-05 00:00:00-05:00,2018-02-05 00:26:00-05:00,1.244508,1.2455200000000002,1.0,stop,-51.35000000001175,1,2018-W06
st_daybias_dca_f30_week,short,2018-02-07 07:12:00-05:00,2018-02-09 21:59:00-05:00,1.2333555,1.2251500000000002,2.0,period_end,819.0499999999755,2,2018-W06
st_daybias_dca_f30_week,short,2018-03-01 19:29:00-05:00,2018-03-01 19:49:00-05:00,1.2224679999999999,1.2241700000000002,1.0,stop,-85.85000000001571,1,2018-W09
st_daybias_dca_f30_week,short,2018-03-02 00:00:00-05:00,2018-03-02 00:49:00-05:00,1.223817,1.2275200000000002,1.0,stop,-185.9000000000117,1,2018-W09
st_daybias_dca_f30_week,long,2018-03-05 00:00:00-05:00,2018-03-05 06:37:00-05:00,1.2319380000000002,1.2299,1.0,stop,-102.65000000001032,1,2018-W10
st_daybias_dca_f30_week,short,2018-03-06 00:00:00-05:00,2018-03-06 00:34:00-05:00,1.2324229999999998,1.23492,1.0,stop,-125.60000000000967,1,2018-W10
st_daybias_dca_f30_week,long,2018-03-08 01:17:00-05:00,2018-03-08 09:09:00-05:00,1.240329,1.2384199999999999,1.0,stop,-96.20000000000803,1,2018-W10
st_daybias_dca_f30_week,short,2018-04-01 21:00:00-04:00,2018-04-02 00:00:00-04:00,1.231779,1.2313200000000002,1.0,period_end,22.199999999988258,1,2018-W13
st_daybias_dca_f30_week,short,2018-04-02 00:33:00-04:00,2018-04-02 01:01:00-04:00,1.2319319999999998,1.23235,1.0,stop,-21.650000000012575,1,2018-W14
st_daybias_dca_f30_week,short,2018-04-03 07:04:00-04:00,2018-04-06 19:07:00-04:00,1.230127,1.22906,3.0,stop,157.79999999997824,3,2018-W14
st_daybias_dca_f30_week,short,2018-05-03 07:43:00-04:00,2018-05-04 20:59:00-04:00,1.199646,1.1955500000000001,2.0,period_end,408.09999999998774,2,2018-W18
st_daybias_dca_f30_week,short,2018-05-07 00:10:00-04:00,2018-05-07 00:22:00-04:00,1.1960649999999997,1.19645,1.0,stop,-20.00000000001509,1,2018-W19
st_daybias_dca_f30_week,long,2018-05-14 18:02:00-04:00,2018-05-14 18:04:00-04:00,1.194368,1.1937399999999998,1.0,stop,-32.15000000001475,1,2018-W20
st_daybias_dca_f30_week,long,2018-05-15 00:00:00-04:00,2018-05-15 04:29:00-04:00,1.194544,1.1922599999999999,1.0,stop,-114.95000000000874,1,2018-W20
st_daybias_dca_f30_week,short,2018-06-04 00:00:00-04:00,2018-06-04 00:01:00-04:00,1.166456,1.16694,1.0,stop,-24.95000000000755,1,2018-W23
st_daybias_dca_f30_week,long,2018-06-08 00:00:00-04:00,2018-06-08 06:26:00-04:00,1.1799140000000001,1.1780499999999998,1.0,stop,-93.95000000001549,1,2018-W23
st_daybias_dca_f30_week,short,2018-06-10 23:49:00-04:00,2018-06-11 00:00:00-04:00,1.1784839999999999,1.1785,1.0,period_end,-1.5500000000119023,1,2018-W23
st_daybias_dca_f30_week,short,2018-06-11 00:00:00-04:00,2018-06-11 00:36:00-04:00,1.1780789999999999,1.17862,1.0,stop,-27.800000000006236,1,2018-W24
st_daybias_dca_f30_week,long,2018-06-12 05:41:00-04:00,2018-06-12 05:46:00-04:00,1.17867,1.1770999999999998,1.0,stop,-79.25000000001467,1,2018-W24
st_daybias_dca_f30_week,long,2018-07-02 00:11:00-04:00,2018-07-02 01:13:00-04:00,1.1670620000000003,1.16611,1.0,stop,-48.3500000000143,1,2018-W27
st_daybias_dca_f30_week,long,2018-07-04 08:11:00-04:00,2018-07-06 20:59:00-04:00,1.1636710000000001,1.1743899999999998,1.0,period_end,535.199999999985,1,2018-W27
st_daybias_dca_f30_week,long,2018-07-09 15:48:00-04:00,2018-07-09 17:08:00-04:00,1.174382,1.1738199999999999,1.0,stop,-28.850000000008674,1,2018-W28
st_daybias_dca_f30_week,long,2018-07-10 01:56:00-04:00,2018-07-10 06:19:00-04:00,1.1750500000000001,1.1732099999999999,1.0,stop,-92.7500000000143,1,2018-W28
st_daybias_dca_f30_week,short,2018-07-13 18:11:00-04:00,2018-07-13 20:59:00-04:00,1.168126,1.1684800000000002,1.0,period_end,-18.450000000009375,1,2018-W28
st_daybias_dca_f30_week,short,2018-08-06 01:34:00-04:00,2018-08-07 06:25:00-04:00,1.1562259999999998,1.1571,2.0,stop,-88.90000000002635,2,2018-W32
st_daybias_dca_f30_week,short,2018-08-13 00:02:00-04:00,2018-08-13 11:55:00-04:00,1.139879,1.1412000000000002,1.0,stop,-66.80000000000638,1,2018-W33
st_daybias_dca_f30_week,short,2018-08-14 02:22:00-04:00,2018-08-16 01:29:00-04:00,1.137503,1.1355300000000002,2.0,stop,195.79999999997807,2,2018-W33
st_daybias_dca_f30_week,short,2018-09-03 00:22:00-04:00,2018-09-03 04:33:00-04:00,1.1599869999999999,1.16042,1.0,stop,-22.400000000006386,1,2018-W36
st_daybias_dca_f30_week,short,2018-09-05 01:14:00-04:00,2018-09-05 13:08:00-04:00,1.1588399999999999,1.1614600000000002,1.0,stop,-131.75000000001444,1,2018-W36
st_daybias_dca_f30_week,long,2018-09-07 00:00:00-04:00,2018-09-07 11:27:00-04:00,1.162211,1.1604999999999999,1.0,stop,-86.300000000012,1,2018-W36
st_daybias_dca_f30_week,short,2018-09-10 00:00:00-04:00,2018-09-10 00:49:00-04:00,1.1556279999999999,1.15613,1.0,stop,-25.850000000011224,1,2018-W37
st_daybias_dca_f30_week,long,2018-09-14 16:21:00-04:00,2018-09-14 20:59:00-04:00,1.1637140000000001,1.1622199999999998,1.0,period_end,-75.45000000001642,1,2018-W37
st_daybias_dca_f30_week,long,2018-10-01 00:00:00-04:00,2018-10-01 01:10:00-04:00,1.160765,1.1602299999999999,1.0,stop,-27.50000000000871,1,2018-W40
st_daybias_dca_f30_week,long,2018-10-08 00:36:00-04:00,2018-10-08 00:50:00-04:00,1.1522540000000001,1.1519199999999998,1.0,stop,-17.450000000013926,1,2018-W41
st_daybias_dca_f30_week,short,2018-10-10 00:00:00-04:00,2018-10-10 01:02:00-04:00,1.148522,1.1509200000000002,1.0,stop,-120.65000000000612,1,2018-W41
st_daybias_dca_f30_week,long,2018-10-12 13:16:00-04:00,2018-10-12 20:59:00-04:00,1.1552090000000002,1.15566,1.0,period_end,21.799999999987858,1,2018-W41
st_daybias_dca_f30_week,short,2018-10-15 00:00:00-04:00,2018-10-15 00:04:00-04:00,1.154795,1.1553900000000001,1.0,stop,-30.50000000000616,1,2018-W42
st_daybias_dca_f30_week,short,2018-11-01 02:57:00-04:00,2018-11-01 07:13:00-04:00,1.1342169999999998,1.13606,1.0,stop,-92.90000000001305,1,2018-W44
st_daybias_dca_f30_week,long,2018-11-04 22:00:00-05:00,2018-11-05 00:00:00-05:00,1.139775,1.1397,1.0,period_end,-4.5000000000023626,1,2018-W44
st_daybias_dca_f30_week,short,2018-11-05 00:00:00-05:00,2018-11-05 14:54:00-05:00,1.139487,1.1399800000000002,1.0,stop,-25.400000000014938,1,2018-W45
st_daybias_dca_f30_week,short,2018-11-06 00:00:00-05:00,2018-11-06 08:03:00-05:00,1.140213,1.1424400000000001,1.0,stop,-112.10000000001006,1,2018-W45
st_daybias_dca_f30_week,long,2018-11-07 01:24:00-05:00,2018-11-08 17:50:00-05:00,1.140692,1.1390799999999999,1.0,stop,-81.35000000000844,1,2018-W45
st_daybias_dca_f30_week,short,2018-12-03 02:06:00-05:00,2018-12-03 02:32:00-05:00,1.13431,1.13507,1.0,stop,-38.7500000000047,1,2018-W49
st_daybias_dca_f30_week,short,2018-12-06 00:00:00-05:00,2018-12-06 13:15:00-05:00,1.134555,1.1361700000000001,1.0,stop,-81.5000000000072,1,2018-W49
st_daybias_dca_f30_week,long,2018-12-10 14:18:00-05:00,2018-12-10 15:56:00-05:00,1.139593,1.1390099999999999,1.0,stop,-29.90000000001111,1,2018-W50
st_daybias_dca_f30_week,short,2018-12-12 15:17:00-05:00,2018-12-14 21:59:00-05:00,1.1371499999999999,1.1305,1.0,period_end,331.74999999999113,1,2018-W50
st_daybias_dca_f30_week,short,2018-12-17 00:00:00-05:00,2018-12-17 00:03:00-05:00,1.1304319999999999,1.13088,1.0,stop,-23.1500000000113,1,2018-W51
st_daybias_dca_f30_week,long,2019-01-02 00:01:00-05:00,2019-01-02 00:32:00-05:00,1.14604,1.1456099999999998,1.0,stop,-22.250000000007624,1,2019-W01
st_daybias_dca_f30_week,short,2019-01-07 00:00:00-05:00,2019-01-07 00:48:00-05:00,1.140715,1.14134,1.0,stop,-32.00000000000489,1,2019-W02
st_daybias_dca_f30_week,long,2019-01-08 13:51:00-05:00,2019-01-11 21:59:00-05:00,1.1428500000000001,1.14651,1.0,period_end,182.24999999998872,1,2019-W02
st_daybias_dca_f30_week,short,2019-01-14 00:35:00-05:00,2019-01-14 01:25:00-05:00,1.146494,1.1469,1.0,stop,-21.050000000006424,1,2019-W03
st_daybias_dca_f30_week,short,2019-01-15 00:00:00-05:00,2019-01-15 01:27:00-05:00,1.147208,1.1482500000000002,1.0,stop,-52.85000000001047,1,2019-W03
st_daybias_dca_f30_week,long,2019-02-04 03:13:00-05:00,2019-02-04 03:24:00-05:00,1.1453140000000002,1.1449799999999999,1.0,stop,-17.450000000013926,1,2019-W06
st_daybias_dca_f30_week,short,2019-02-11 00:00:00-05:00,2019-02-11 00:27:00-05:00,1.1321299999999999,1.13253,1.0,stop,-20.7500000000089,1,2019-W07
st_daybias_dca_f30_week,short,2019-02-12 16:08:00-05:00,2019-02-12 18:08:00-05:00,1.131052,1.1330300000000002,1.0,stop,-99.65000000001287,1,2019-W07
st_daybias_dca_f30_week,long,2019-02-19 00:49:00-05:00,2019-02-19 04:29:00-05:00,1.1306230000000002,1.1293199999999999,1.0,stop,-65.9000000000138,1,2019-W08
st_daybias_dca_f30_week,long,2019-02-21 01:13:00-05:00,2019-02-21 07:13:00-05:00,1.1339260000000002,1.13244,1.0,stop,-75.05000000001601,1,2019-W08
st_daybias_dca_f30_week,short,2019-03-01 15:00:00-05:00,2019-03-01 21:59:00-05:00,1.1401139999999998,1.1363800000000002,1.0,period_end,185.9499999999841,1,2019-W09
st_daybias_dca_f30_week,short,2019-03-06 16:10:00-05:00,2019-03-08 21:59:00-05:00,1.1317764999999997,1.1231600000000002,2.0,period_end,860.1499999999583,2,2019-W10
st_daybias_dca_f30_week,long,2019-03-11 00:04:00-04:00,2019-03-11 00:13:00-04:00,1.1233000000000002,1.12299,1.0,stop,-16.250000000012726,1,2019-W11
st_daybias_dca_f30_week,long,2019-03-14 13:12:00-04:00,2019-03-15 20:59:00-04:00,1.129616,1.13235,1.0,period_end,135.9500000000007,1,2019-W11
st_daybias_dca_f30_week,short,2019-04-01 00:59:00-04:00,2019-04-01 02:46:00-04:00,1.122731,1.12317,1.0,stop,-22.70000000000391,1,2019-W14
st_daybias_dca_f30_week,short,2019-04-03 00:30:00-04:00,2019-04-03 00:53:00-04:00,1.1205779999999999,1.12165,1.0,stop,-54.350000000009196,1,2019-W14
st_daybias_dca_f30_week,long,2019-04-04 12:11:00-04:00,2019-04-05 20:59:00-04:00,1.1218240000000002,1.12137,1.0,period_end,-23.450000000008824,1,2019-W14
st_daybias_dca_f30_week,short,2019-04-08 00:00:00-04:00,2019-04-08 00:54:00-04:00,1.1217949999999999,1.1221800000000002,1.0,stop,-20.00000000001509,1,2019-W15
st_daybias_dca_f30_week,long,2019-04-10 00:24:00-04:00,2019-04-10 01:41:00-04:00,1.126454,1.1254899999999999,1.0,stop,-48.95000000000935,1,2019-W15
st_daybias_dca_f30_week,long,2019-05-01 19:04:00-04:00,2019-05-02 13:33:00-04:00,1.1201500000000002,1.11865,2.0,stop,-151.5000000000168,2,2019-W18
st_daybias_dca_f30_week,short,2019-05-03 20:26:00-04:00,2019-05-03 20:59:00-04:00,1.1204009999999998,1.12012,1.0,period_end,13.299999999987683,1,2019-W18
st_daybias_dca_f30_week,long,2019-05-07 11:51:00-04:00,2019-05-07 11:56:00-04:00,1.118856,1.1178499999999998,1.0,stop,-51.05000000001422,1,2019-W19
st_daybias_dca_f30_week,long,2019-05-09 00:31:00-04:00,2019-05-09 08:11:00-04:00,1.119247,1.11822,1.0,stop,-52.10000000000556,1,2019-W19
st_daybias_dca_f30_week,long,2019-06-03 06:45:00-04:00,2019-06-03 06:46:00-04:00,1.116522,1.1160199999999998,1.0,stop,-25.850000000011224,1,2019-W23
st_daybias_dca_f30_week,short,2019-06-06 12:36:00-04:00,2019-06-06 12:51:00-04:00,1.128005,1.1307,1.0,stop,-135.50000000000568,1,2019-W23
st_daybias_dca_f30_week,long,2019-06-10 00:00:00-04:00,2019-06-10 01:03:00-04:00,1.1319750000000002,1.1313799999999998,1.0,stop,-30.500000000017263,1,2019-W24
st_daybias_dca_f30_week,long,2019-06-12 10:45:00-04:00,2019-06-12 16:37:00-04:00,1.1312630000000001,1.13008,1.0,stop,-59.90000000000781,1,2019-W24
st_daybias_dca_f30_week,short,2019-06-17 00:00:00-04:00,2019-06-17 00:09:00-04:00,1.121418,1.1217700000000002,1.0,stop,-18.3500000000065,1,2019-W25
st_daybias_dca_f30_week,short,2019-07-03 14:24:00-04:00,2019-07-05 20:59:00-04:00,1.1307079999999998,1.1224,1.0,period_end,414.649999999988,1,2019-W27
st_daybias_dca_f30_week,short,2019-07-08 00:00:00-04:00,2019-07-08 00:30:00-04:00,1.1226319999999999,1.1229600000000002,1.0,stop,-17.1500000000164,1,2019-W28
st_daybias_dca_f30_week,short,2019-07-10 06:45:00-04:00,2019-07-10 08:05:00-04:00,1.1210579999999999,1.12192,1.0,stop,-43.85000000000702,1,2019-W28
st_daybias_dca_f30_week,long,2019-07-12 00:00:00-04:00,2019-07-12 12:32:00-04:00,1.1257780000000002,1.1244599999999998,1.0,stop,-66.65000000001872,1,2019-W28
st_daybias_dca_f30_week,short,2019-07-14 21:00:00-04:00,2019-07-15 00:00:00-04:00,1.126329,1.1271600000000002,1.0,period_end,-42.30000000001241,1,2019-W28
st_daybias_dca_f30_week,short,2019-08-02 00:00:00-04:00,2019-08-02 00:52:00-04:00,1.1074599999999999,1.1096300000000001,1.0,stop,-109.25000000001137,1,2019-W31
st_daybias_dca_f30_week,long,2019-08-05 00:00:00-04:00,2019-08-09 20:59:00-04:00,1.1150485000000003,1.11964,2.0,period_end,457.64999999997485,2,2019-W32
st_daybias_dca_f30_week,short,2019-08-12 00:00:00-04:00,2019-08-12 02:11:00-04:00,1.1204109999999998,1.1208500000000001,1.0,stop,-22.700000000015013,1,2019-W33
st_daybias_dca_f30_week,long,2019-08-19 00:00:00-04:00,2019-08-19 00:02:00-04:00,1.1093450000000002,1.1089,1.0,stop,-23.000000000012538,1,2019-W34
st_daybias_dca_f30_week,short,2019-09-02 01:38:00-04:00,2019-09-04 08:03:00-04:00,1.0991769999999998,1.0996700000000001,1.0,stop,-25.400000000014938,1,2019-W36
st_daybias_dca_f30_week,long,2019-09-06 00:00:00-04:00,2019-09-06 20:59:00-04:00,1.1037530000000002,1.10245,1.0,period_end,-65.9000000000138,1,2019-W36
st_daybias_dca_f30_week,short,2019-09-09 01:47:00-04:00,2019-09-09 01:48:00-04:00,1.1024599999999998,1.1028,1.0,stop,-17.75000000001145,1,2019-W37
st_daybias_dca_f30_week,long,2019-09-11 07:29:00-04:00,2019-09-11 08:11:00-04:00,1.1039700000000001,1.103,1.0,stop,-49.25000000000687,1,2019-W37
st_daybias_dca_f30_week,long,2019-09-15 21:21:00-04:00,2019-09-16 00:00:00-04:00,1.1072520000000001,1.1082599999999998,1.0,period_end,49.64999999998379,1,2019-W37
st_daybias_dca_f30_week,long,2019-10-04 12:35:00-04:00,2019-10-04 20:59:00-04:00,1.095882,1.0975499999999998,1.0,period_end,82.64999999998903,1,2019-W40
st_daybias_dca_f30_week,long,2019-10-07 06:02:00-04:00,2019-10-07 07:21:00-04:00,1.09766,1.09723,1.0,stop,-22.250000000007624,1,2019-W41
st_daybias_dca_f30_week,long,2019-10-08 00:00:00-04:00,2019-10-08 14:32:00-04:00,1.0973950000000001,1.09614,1.0,stop,-63.50000000001141,1,2019-W41
st_daybias_dca_f30_week,long,2019-10-14 00:00:00-04:00,2019-10-14 00:32:00-04:00,1.1029550000000001,1.10245,1.0,stop,-26.000000000009987,1,2019-W42
st_daybias_dca_f30_week,long,2019-10-15 00:14:00-04:00,2019-10-15 07:19:00-04:00,1.102224,1.10123,1.0,stop,-50.450000000008075,1,2019-W42
st_daybias_dca_f30_week,long,2019-11-01 10:17:00-04:00,2019-11-01 12:31:00-04:00,1.114513,1.11309,1.0,stop,-71.9000000000087,1,2019-W44
st_daybias_dca_f30_week,short,2019-11-04 01:41:00-05:00,2019-11-04 02:37:00-05:00,1.116739,1.11701,1.0,stop,-14.300000000006612,1,2019-W45
st_daybias_dca_f30_week,short,2019-11-07 10:15:00-05:00,2019-11-08 20:59:00-05:00,1.108399,1.10219,1.0,period_end,309.69999999999544,1,2019-W45
st_daybias_dca_f30_week,short,2019-11-11 00:00:00-05:00,2019-11-11 00:03:00-05:00,1.10214,1.10236,1.0,stop,-11.75000000000545,1,2019-W46
st_daybias_dca_f30_week,short,2019-11-12 00:04:00-05:00,2019-11-15 13:59:00-05:00,1.103449,1.1043500000000002,1.0,stop,-45.800000000013135,1,2019-W46
st_daybias_dca_f30_week,long,2019-12-02 00:00:00-05:00,2019-12-02 00:01:00-05:00,1.102047,1.1016499999999998,1.0,stop,-20.600000000010137,1,2019-W49
st_daybias_dca_f30_week,long,2019-12-04 04:37:00-05:00,2019-12-06 14:53:00-05:00,1.1074720000000002,1.10655,1.0,stop,-46.85000000001557,1,2019-W49
st_daybias_dca_f30_week,short,2019-12-09 00:38:00-05:00,2019-12-09 06:14:00-05:00,1.1058639999999997,1.10609,1.0,stop,-12.050000000014077,1,2019-W50
st_daybias_dca_f30_week,long,2019-12-11 12:54:00-05:00,2019-12-13 21:59:00-05:00,1.1103075000000002,1.1116899999999998,2.0,period_end,136.7499999999731,2,2019-W50
st_daybias_dca_f30_week,long,2020-01-01 22:01:00-05:00,2020-01-02 10:19:00-05:00,1.121132,1.1198199999999998,1.0,stop,-66.3500000000101,1,2020-W01
st_daybias_dca_f30_week,long,2020-01-06 00:00:00-05:00,2020-01-06 06:11:00-05:00,1.1162040000000002,1.11584,1.0,stop,-18.95000000001265,1,2020-W02
st_daybias_dca_f30_week,long,2020-01-07 10:24:00-05:00,2020-01-07 13:57:00-05:00,1.117212,1.1156599999999999,1.0,stop,-78.350000000011,1,2020-W02
st_daybias_dca_f30_week,short,2020-01-10 13:31:00-05:00,2020-01-10 16:37:00-05:00,1.1111499999999999,1.11209,1.0,stop,-47.75000000000814,1,2020-W02
st_daybias_dca_f30_week,short,2020-01-12 22:00:00-05:00,2020-01-13 00:00:00-05:00,1.111537,1.11166,1.0,period_end,-6.900000000004763,1,2020-W02
st_daybias_dca_f30_week,long,2020-02-03 00:31:00-05:00,2020-02-03 00:39:00-05:00,1.1085580000000002,1.10808,1.0,stop,-24.650000000010024,1,2020-W06
st_daybias_dca_f30_week,short,2020-02-10 00:00:00-05:00,2020-02-10 00:06:00-05:00,1.0947559999999998,1.09512,1.0,stop,-18.95000000001265,1,2020-W07
st_daybias_dca_f30_week,short,2020-02-12 00:00:00-05:00,2020-02-12 08:33:00-05:00,1.0914249999999999,1.09253,1.0,stop,-56.00000000000668,1,2020-W07
st_daybias_dca_f30_week,long,2020-02-17 00:02:00-05:00,2020-02-17 00:23:00-05:00,1.0837830000000002,1.0835,1.0,stop,-14.900000000012763,1,2020-W08
st_daybias_dca_f30_week,long,2020-02-18 00:02:00-05:00,2020-02-18 00:20:00-05:00,1.083614,1.08286,1.0,stop,-38.45000000000717,1,2020-W08
st_daybias_dca_f30_week,long,2020-03-02 00:02:00-05:00,2020-03-02 00:09:00-05:00,1.1050180000000003,1.10388,1.0,stop,-57.65000000001527,1,2020-W10
st_daybias_dca_f30_week,long,2020-03-04 12:31:00-05:00,2020-03-06 21:59:00-05:00,1.113123,1.1279899999999998,1.0,period_end,742.5999999999871,1,2020-W10
st_daybias_dca_f30_week,long,2020-03-10 00:00:00-04:00,2020-03-10 05:09:00-04:00,1.139825,1.13554,1.0,stop,-215.00000000000472,1,2020-W11
st_daybias_dca_f30_week,short,2020-03-12 01:37:00-04:00,2020-03-13 20:59:00-04:00,1.133122,1.1099700000000001,1.0,period_end,1156.849999999992,1,2020-W11
st_daybias_dca_f30_week,short,2020-03-15 21:06:00-04:00,2020-03-16 00:00:00-04:00,1.1170909999999998,1.11565,1.0,period_end,71.29999999999018,1,2020-W11
st_daybias_dca_f30_week,short,2020-04-01 00:00:00-04:00,2020-04-03 20:59:00-04:00,1.1007339999999999,1.0796000000000001,1.0,period_end,1055.9499999999882,1,2020-W14
st_daybias_dca_f30_week,short,2020-04-06 00:35:00-04:00,2020-04-06 00:45:00-04:00,1.081526,1.0821900000000002,1.0,stop,-33.950000000011,1,2020-W15
st_daybias_dca_f30_week,short,2020-04-07 03:41:00-04:00,2020-04-07 05:43:00-04:00,1.0814769999999998,1.08359,1.0,stop,-106.40000000001268,1,2020-W15
st_daybias_dca_f30_week,long,2020-04-08 06:22:00-04:00,2020-04-10 20:58:00-04:00,1.0841085000000001,1.0932099999999998,2.0,period_end,908.6499999999651,2,2020-W15
st_daybias_dca_f30_week,long,2020-05-03 22:30:00-04:00,2020-05-04 00:00:00-04:00,1.096019,1.0960299999999998,1.0,period_end,-0.20000000001193996,1,2020-W18
st_daybias_dca_f30_week,long,2020-05-04 00:00:00-04:00,2020-05-04 00:06:00-04:00,1.0959610000000002,1.09524,1.0,stop,-36.80000000000969,1,2020-W19
st_daybias_dca_f30_week,short,2020-05-07 17:35:00-04:00,2020-05-08 00:37:00-04:00,1.082137,1.08413,2.0,stop,-200.80000000002445,2,2020-W19
st_daybias_dca_f30_week,long,2020-05-10 21:00:00-04:00,2020-05-11 00:00:00-04:00,1.0833750000000002,1.0837199999999998,1.0,period_end,16.49999999997978,1,2020-W19
st_daybias_dca_f30_week,long,2020-06-01 10:11:00-04:00,2020-06-01 10:57:00-04:00,1.1107960000000001,1.11018,1.0,stop,-31.5500000000086,1,2020-W23
st_daybias_dca_f30_week,long,2020-06-02 06:57:00-04:00,2020-06-05 20:59:00-04:00,1.116022,1.12906,2.0,period_end,1302.2999999999884,2,2020-W23
st_daybias_dca_f30_week,short,2020-06-08 00:00:00-04:00,2020-06-09 13:38:00-04:00,1.1307085,1.13203,2.0,stop,-133.65000000001976,2,2020-W24
st_daybias_dca_f30_week,short,2020-07-01 08:12:00-04:00,2020-07-01 14:09:00-04:00,1.124013,1.1262400000000001,1.0,stop,-112.10000000001006,1,2020-W27
st_daybias_dca_f30_week,short,2020-07-05 21:00:00-04:00,2020-07-06 00:00:00-04:00,1.124152,1.1247200000000002,1.0,period_end,-29.150000000006198,1,2020-W27
st_daybias_dca_f30_week,short,2020-07-06 00:00:00-04:00,2020-07-06 00:02:00-04:00,1.124641,1.1249900000000002,1.0,stop,-18.200000000007737,1,2020-W28
st_daybias_dca_f30_week,long,2020-07-07 08:28:00-04:00,2020-07-10 20:59:00-04:00,1.1276810000000002,1.1298499999999998,1.0,period_end,107.69999999998217,1,2020-W28
st_daybias_dca_f30_week,long,2020-07-13 00:01:00-04:00,2020-07-13 08:47:00-04:00,1.130751,1.13021,1.0,stop,-27.800000000006236,1,2020-W29
st_daybias_dca_f30_week,short,2020-08-04 00:02:00-04:00,2020-08-04 07:22:00-04:00,1.1760359999999999,1.1789200000000002,1.0,stop,-144.95000000001653,1,2020-W32
st_daybias_dca_f30_week,long,2020-08-06 14:09:00-04:00,2020-08-07 13:11:00-04:00,1.1831380000000002,1.17987,1.0,stop,-164.15000000001353,1,2020-W32
st_daybias_dca_f30_week,short,2020-08-10 00:04:00-04:00,2020-08-10 00:13:00-04:00,1.178418,1.1790100000000001,1.0,stop,-30.350000000007398,1,2020-W33
st_daybias_dca_f30_week,short,2020-08-11 09:02:00-04:00,2020-08-11 10:37:00-04:00,1.178063,1.1801100000000002,1.0,stop,-103.1000000000066,1,2020-W33
st_daybias_dca_f30_week,long,2020-08-14 00:01:00-04:00,2020-08-14 07:25:00-04:00,1.1815110000000002,1.17929,1.0,stop,-111.80000000001253,1,2020-W33
st_daybias_dca_f30_week,long,2020-09-01 17:07:00-04:00,2020-09-02 07:10:00-04:00,1.1909100000000001,1.1883499999999998,1.0,stop,-128.750000000017,1,2020-W36
st_daybias_dca_f30_week,short,2020-09-04 00:00:00-04:00,2020-09-04 08:54:00-04:00,1.1841389999999998,1.1865100000000002,1.0,stop,-119.30000000001725,1,2020-W36
st_daybias_dca_f30_week,short,2020-09-07 00:49:00-04:00,2020-09-07 08:14:00-04:00,1.1841899999999999,1.1847400000000001,1.0,stop,-28.250000000013625,1,2020-W37
st_daybias_dca_f30_week,short,2020-09-09 12:49:00-04:00,2020-09-09 14:29:00-04:00,1.1805709999999998,1.1827800000000002,1.0,stop,-111.20000000001748,1,2020-W37
st_daybias_dca_f30_week,long,2020-09-11 00:00:00-04:00,2020-09-11 20:59:00-04:00,1.1836030000000002,1.18448,1.0,period_end,43.099999999989734,1,2020-W37
st_daybias_dca_f30_week,long,2020-10-02 01:00:00-04:00,2020-10-02 02:50:00-04:00,1.173335,1.17166,1.0,stop,-84.50000000000466,1,2020-W40
st_daybias_dca_f30_week,short,2020-10-05 00:02:00-04:00,2020-10-05 00:04:00-04:00,1.171516,1.17206,1.0,stop,-27.950000000004998,1,2020-W41
st_daybias_dca_f30_week,long,2020-10-07 00:00:00-04:00,2020-10-07 01:14:00-04:00,1.1753950000000002,1.1729699999999998,1.0,stop,-122.00000000001718,1,2020-W41
st_daybias_dca_f30_week,long,2020-10-12 00:00:00-04:00,2020-10-12 00:06:00-04:00,1.181442,1.1809699999999999,1.0,stop,-24.3500000000125,1,2020-W42
st_daybias_dca_f30_week,long,2020-10-13 00:16:00-04:00,2020-10-13 07:00:00-04:00,1.179917,1.17862,1.0,stop,-65.60000000000518,1,2020-W42
st_daybias_dca_f30_week,short,2020-11-02 01:11:00-05:00,2020-11-02 10:56:00-05:00,1.164629,1.1650800000000001,1.0,stop,-23.300000000010062,1,2020-W45
st_daybias_dca_f30_week,short,2020-11-03 01:25:00-05:00,2020-11-03 05:29:00-05:00,1.164512,1.16562,1.0,stop,-56.15000000000545,1,2020-W45
st_daybias_dca_f30_week,long,2020-11-04 01:39:00-05:00,2020-11-04 02:24:00-05:00,1.1675710000000001,1.16367,1.0,stop,-195.8000000000077,1,2020-W45
st_daybias_dca_f30_week,long,2020-11-09 00:07:00-05:00,2020-11-09 00:10:00-05:00,1.1887310000000002,1.18828,1.0,stop,-23.300000000010062,1,2020-W46
st_daybias_dca_f30_week,short,2020-11-11 00:25:00-05:00,2020-11-13 21:59:00-05:00,1.182371,1.1831500000000001,1.0,period_end,-39.70000000000426,1,2020-W46
st_daybias_dca_f30_week,long,2020-12-04 20:43:00-05:00,2020-12-04 21:59:00-05:00,1.212358,1.21197,1.0,period_end,-20.15000000000275,1,2020-W49
st_daybias_dca_f30_week,long,2020-12-06 22:01:00-05:00,2020-12-07 00:00:00-05:00,1.213076,1.2119399999999998,1.0,period_end,-57.550000000012396,1,2020-W49
st_daybias_dca_f30_week,short,2020-12-07 00:48:00-05:00,2020-12-07 01:53:00-05:00,1.212803,1.2132900000000002,1.0,stop,-25.10000000000631,1,2020-W50
st_daybias_dca_f30_week,long,2020-12-09 12:23:00-05:00,2020-12-09 15:09:00-05:00,1.210738,1.2094799999999999,1.0,stop,-63.650000000010166,1,2020-W50
st_daybias_dca_f30_week,short,2020-12-14 05:52:00-05:00,2020-12-14 06:04:00-05:00,1.213967,1.2144000000000001,1.0,stop,-22.400000000006386,1,2020-W51
st_daybias_dca_f30_week,short,2021-01-04 00:00:00-05:00,2021-01-04 01:41:00-05:00,1.224527,1.2253200000000002,1.0,stop,-40.400000000013286,1,2021-W01
st_daybias_dca_f30_week,short,2021-01-06 00:00:00-05:00,2021-01-06 00:50:00-05:00,1.2287519999999998,1.2306100000000002,1.0,stop,-93.65000000001797,1,2021-W01
st_daybias_dca_f30_week,short,2021-01-12 18:28:00-05:00,2021-01-12 19:28:00-05:00,1.2178989999999998,1.2200300000000002,1.0,stop,-107.30000000001635,1,2021-W02
st_daybias_dca_f30_week,short,2021-01-13 00:00:00-05:00,2021-01-13 00:01:00-05:00,1.218742,1.2210200000000002,1.0,stop,-114.65000000001122,1,2021-W02
st_daybias_dca_f30_week,short,2021-01-15 00:18:00-05:00,2021-01-15 21:59:00-05:00,1.215768,1.2075300000000002,1.0,period_end,411.1499999999873,1,2021-W02
st_daybias_dca_f30_week,long,2021-02-01 00:00:00-05:00,2021-02-01 00:03:00-05:00,1.2124560000000002,1.21199,1.0,stop,-24.050000000014975,1,2021-W05
st_daybias_dca_f30_week,short,2021-02-04 00:00:00-05:00,2021-02-05 18:17:00-05:00,1.2026154999999998,1.20432,2.0,stop,-171.950000000022,2,2021-W05
st_daybias_dca_f30_week,long,2021-02-08 00:32:00-05:00,2021-02-08 00:37:00-05:00,1.2041920000000002,1.2035099999999999,1.0,stop,-34.850000000014674,1,2021-W06
st_daybias_dca_f30_week,long,2021-02-11 00:00:00-05:00,2021-02-12 08:21:00-05:00,1.211986,1.2108299999999999,1.0,stop,-58.55000000000784,1,2021-W06
st_daybias_dca_f30_week,short,2021-03-01 00:00:00-05:00,2021-03-01 00:10:00-05:00,1.20848,1.20924,1.0,stop,-38.7500000000047,1,2021-W09
st_daybias_dca_f30_week,short,2021-03-02 16:59:00-05:00,2021-03-03 07:40:00-05:00,1.207855,1.2101600000000001,1.0,stop,-116.00000000001117,1,2021-W09
st_daybias_dca_f30_week,short,2021-03-08 00:34:00-05:00,2021-03-08 00:47:00-05:00,1.1926869999999998,1.19324,1.0,stop,-28.400000000012387,1,2021-W10
st_daybias_dca_f30_week,short,2021-03-09 09:51:00-05:00,2021-03-11 02:20:00-05:00,1.190523,1.1932600000000002,1.0,stop,-137.60000000001057,1,2021-W10
st_daybias_dca_f30_week,long,2021-03-12 07:40:00-05:00,2021-03-12 09:43:00-05:00,1.193839,1.1915099999999998,1.0,stop,-117.20000000001238,1,2021-W10
st_daybias_dca_f30_week,long,2021-04-04 21:00:00-04:00,2021-04-05 00:00:00-04:00,1.1760780000000002,1.1766899999999998,1.0,period_end,29.849999999980643,1,2021-W13
st_daybias_dca_f30_week,long,2021-04-05 05:32:00-04:00,2021-04-05 05:47:00-04:00,1.175808,1.1752699999999998,1.0,stop,-27.650000000007473,1,2021-W14
st_daybias_dca_f30_week,long,2021-04-08 00:00:00-04:00,2021-04-09 20:59:00-04:00,1.1879410000000001,1.1897199999999999,2.0,period_end,176.3999999999753,2,2021-W14
st_daybias_dca_f30_week,short,2021-04-12 00:17:00-04:00,2021-04-12 09:30:00-04:00,1.189919,1.19043,1.0,stop,-26.30000000000751,1,2021-W15
st_daybias_dca_f30_week,short,2021-05-03 00:21:00-04:00,2021-05-03 00:55:00-04:00,1.2029809999999999,1.20333,1.0,stop,-18.200000000007737,1,2021-W18
st_daybias_dca_f30_week,short,2021-05-06 06:37:00-04:00,2021-05-06 07:08:00-04:00,1.201382,1.2027,1.0,stop,-66.65000000000762,1,2021-W18
st_daybias_dca_f30_week,long,2021-05-10 00:01:00-04:00,2021-05-10 00:40:00-04:00,1.216557,1.2159499999999999,1.0,stop,-31.10000000001231,1,2021-W19
st_daybias_dca_f30_week,long,2021-05-11 00:00:00-04:00,2021-05-11 00:57:00-04:00,1.214293,1.2126599999999998,1.0,stop,-82.40000000001088,1,2021-W19
st_daybias_dca_f30_week,long,2021-05-12 00:39:00-04:00,2021-05-12 03:27:00-04:00,1.214105,1.2122499999999998,1.0,stop,-93.5000000000081,1,2021-W19
st_daybias_dca_f30_week,long,2021-06-02 00:00:00-04:00,2021-06-02 06:01:00-04:00,1.2224460000000001,1.22105,1.0,stop,-70.55000000000874,1,2021-W22
st_daybias_dca_f30_week,long,2021-06-03 07:11:00-04:00,2021-06-03 12:25:00-04:00,1.218325,1.2163499999999998,1.0,stop,-99.5000000000141,1,2021-W22
st_daybias_dca_f30_week,short,2021-06-04 14:02:00-04:00,2021-06-04 20:59:00-04:00,1.21848,1.21649,1.0,period_end,98.74999999999682,1,2021-W22
st_daybias_dca_f30_week,long,2021-06-07 01:33:00-04:00,2021-06-07 05:57:00-04:00,1.21625,1.2159099999999998,1.0,stop,-17.75000000001145,1,2021-W23
st_daybias_dca_f30_week,long,2021-06-09 00:00:00-04:00,2021-06-10 04:35:00-04:00,1.217367,1.21637,1.0,stop,-50.60000000000683,1,2021-W23
st_daybias_dca_f30_week,short,2021-07-02 18:06:00-04:00,2021-07-02 20:59:00-04:00,1.186963,1.1862700000000002,1.0,period_end,33.899999999991635,1,2021-W26
st_daybias_dca_f30_week,short,2021-07-04 21:04:00-04:00,2021-07-05 00:00:00-04:00,1.185347,1.18561,1.0,period_end,-13.900000000006212,1,2021-W26
st_daybias_dca_f30_week,long,2021-07-05 00:11:00-04:00,2021-07-05 01:11:00-04:00,1.18599,1.1855,1.0,stop,-25.250000000005073,1,2021-W27
st_daybias_dca_f30_week,long,2021-07-06 01:01:00-04:00,2021-07-06 08:22:00-04:00,1.186053,1.18508,1.0,stop,-49.40000000000563,1,2021-W27
st_daybias_dca_f30_week,short,2021-07-08 07:58:00-04:00,2021-07-08 10:03:00-04:00,1.181943,1.1836900000000001,1.0,stop,-88.10000000000825,1,2021-W27
st_daybias_dca_f30_week,short,2021-08-02 00:15:00-04:00,2021-08-02 00:17:00-04:00,1.186671,1.1869900000000002,1.0,stop,-16.700000000009013,1,2021-W31
st_daybias_dca_f30_week,short,2021-08-09 01:33:00-04:00,2021-08-09 04:55:00-04:00,1.1754859999999998,1.17615,1.0,stop,-33.950000000011,1,2021-W32
st_daybias_dca_f30_week,short,2021-08-11 12:30:00-04:00,2021-08-11 12:36:00-04:00,1.1732239999999998,1.17432,1.0,stop,-55.5500000000104,1,2021-W32
st_daybias_dca_f30_week,long,2021-08-13 07:04:00-04:00,2021-08-13 20:59:00-04:00,1.173145,1.1792799999999999,1.0,period_end,305.999999999989,1,2021-W32
st_daybias_dca_f30_week,long,2021-08-16 00:00:00-04:00,2021-08-16 03:12:00-04:00,1.179476,1.1790999999999998,1.0,stop,-19.5500000000077,1,2021-W33
st_daybias_dca_f30_week,long,2021-09-05 21:00:00-04:00,2021-09-06 00:00:00-04:00,1.1879050000000002,1.1884899999999998,1.0,period_end,28.49999999998068,1,2021-W35
st_daybias_dca_f30_week,long,2021-09-06 00:29:00-04:00,2021-09-06 00:49:00-04:00,1.187956,1.1875499999999999,1.0,stop,-21.050000000006424,1,2021-W36
st_daybias_dca_f30_week,long,2021-09-07 06:31:00-04:00,2021-09-07 12:50:00-04:00,1.18652,1.18552,1.0,stop,-50.7500000000056,1,2021-W36
st_daybias_dca_f30_week,short,2021-09-09 11:45:00-04:00,2021-09-10 20:59:00-04:00,1.183584,1.18106,1.0,period_end,125.44999999999854,1,2021-W36
st_daybias_dca_f30_week,long,2021-09-12 21:00:00-04:00,2021-09-12 22:26:00-04:00,1.1822240000000002,1.1808699999999999,1.0,stop,-68.45000000001497,1,2021-W36
st_daybias_dca_f30_week,short,2021-10-01 11:24:00-04:00,2021-10-01 20:59:00-04:00,1.1594939999999998,1.15928,1.0,period_end,9.949999999985721,1,2021-W39
st_daybias_dca_f30_week,short,2021-10-03 21:00:00-04:00,2021-10-03 22:21:00-04:00,1.1593379999999998,1.16077,1.0,stop,-72.3500000000161,1,2021-W39
st_daybias_dca_f30_week,short,2021-10-04 00:00:00-04:00,2021-10-04 00:10:00-04:00,1.160513,1.1611500000000001,1.0,stop,-32.600000000011036,1,2021-W40
st_daybias_dca_f30_week,long,2021-10-05 01:58:00-04:00,2021-10-05 13:08:00-04:00,1.160382,1.15871,1.0,stop,-84.35000000000589,1,2021-W40
st_daybias_dca_f30_week,long,2021-10-08 00:14:00-04:00,2021-10-08 04:56:00-04:00,1.155528,1.15469,1.0,stop,-42.65000000000582,1,2021-W40
st_daybias_dca_f30_week,short,2021-11-01 05:53:00-04:00,2021-11-01 07:57:00-04:00,1.1561029999999999,1.15647,1.0,stop,-19.100000000011413,1,2021-W44
st_daybias_dca_f30_week,short,2021-11-04 00:00:00-04:00,2021-11-05 20:59:00-04:00,1.159964,1.15636,1.0,period_end,179.44999999999703,1,2021-W44
st_daybias_dca_f30_week,short,2021-11-07 22:00:00-05:00,2021-11-08 00:00:00-05:00,1.155463,1.15686,1.0,period_end,-70.60000000000463,1,2021-W44
st_daybias_dca_f30_week,long,2021-11-08 00:55:00-05:00,2021-11-08 01:35:00-05:00,1.156057,1.1555399999999998,1.0,stop,-26.600000000005036,1,2021-W45
st_daybias_dca_f30_week,short,2021-11-15 00:42:00-05:00,2021-11-15 01:30:00-05:00,1.144494,1.1447800000000001,1.0,stop,-15.050000000011526,1,2021-W46
st_daybias_dca_f30_week,long,2021-12-02 00:00:00-05:00,2021-12-02 17:00:00-05:00,1.1320130000000002,1.1301999999999999,1.0,stop,-91.40000000001433,1,2021-W48
st_daybias_dca_f30_week,long,2021-12-03 00:00:00-05:00,2021-12-03 01:06:00-05:00,1.131149,1.1294799999999998,1.0,stop,-84.20000000000712,1,2021-W48
st_daybias_dca_f30_week,long,2021-12-06 00:06:00-05:00,2021-12-06 00:07:00-05:00,1.130535,1.1300899999999998,1.0,stop,-23.000000000012538,1,2021-W49
st_daybias_dca_f30_week,short,2021-12-08 00:46:00-05:00,2021-12-08 10:35:00-05:00,1.1276629999999999,1.12989,1.0,stop,-112.10000000001006,1,2021-W49
st_daybias_dca_f30_week,long,2021-12-09 15:04:00-05:00,2021-12-10 10:48:00-05:00,1.1293600000000001,1.12662,1.0,stop,-137.75000000000932,1,2021-W49
st_daybias_dca_f30_week,long,2022-01-03 00:19:00-05:00,2022-01-03 00:32:00-05:00,1.1369390000000001,1.13644,1.0,stop,-25.700000000012462,1,2022-W01
st_daybias_dca_f30_week,short,2022-01-05 08:13:00-05:00,2022-01-05 11:36:00-05:00,1.1306809999999998,1.13229,1.0,stop,-81.20000000000968,1,2022-W01
st_daybias_dca_f30_week,short,2022-01-07 10:01:00-05:00,2022-01-07 14:45:00-05:00,1.131711,1.1332300000000002,1.0,stop,-76.7000000000135,1,2022-W01
st_daybias_dca_f30_week,long,2022-01-10 00:00:00-05:00,2022-01-10 01:55:00-05:00,1.1353350000000002,1.13492,1.0,stop,-21.500000000013813,1,2022-W02
st_daybias_dca_f30_week,long,2022-01-14 11:40:00-05:00,2022-01-14 13:52:00-05:00,1.145,1.1435199999999999,1.0,stop,-74.75000000000739,1,2022-W02
st_daybias_dca_f30_week,long,2022-02-03 09:40:00-05:00,2022-02-04 21:59:00-05:00,1.128605,1.14472,1.0,period_end,804.999999999994,1,2022-W05
st_daybias_dca_f30_week,short,2022-02-08 01:08:00-05:00,2022-02-10 15:17:00-05:00,1.1437049999999997,1.1449200000000002,3.0,stop,-184.50000000003934,3,2022-W06
st_daybias_dca_f30_week,short,2022-02-14 00:00:00-05:00,2022-02-14 00:13:00-05:00,1.135749,1.13677,1.0,stop,-51.80000000000803,1,2022-W07
st_daybias_dca_f30_week,short,2022-03-07 12:33:00-05:00,2022-03-07 14:23:00-05:00,1.0908609999999999,1.0929200000000001,1.0,stop,-103.70000000001275,1,2022-W10
st_daybias_dca_f30_week,short,2022-03-08 08:10:00-05:00,2022-03-08 17:18:00-05:00,1.089402,1.0933000000000002,1.0,stop,-195.65000000000896,1,2022-W10
st_daybias_dca_f30_week,short,2022-03-09 05:19:00-05:00,2022-03-09 09:27:00-05:00,1.0924909999999999,1.0958700000000001,1.0,stop,-169.70000000001215,1,2022-W10
st_daybias_dca_f30_week,long,2022-03-11 00:00:00-05:00,2022-03-11 08:09:00-05:00,1.102006,1.0975499999999998,1.0,stop,-223.5500000000119,1,2022-W10
st_daybias_dca_f30_week,short,2022-03-14 00:00:00-04:00,2022-03-14 07:55:00-04:00,1.0929559999999998,1.09392,1.0,stop,-48.95000000000935,1,2022-W11
st_daybias_dca_f30_week,short,2022-04-04 01:19:00-04:00,2022-04-04 01:21:00-04:00,1.104045,1.10461,1.0,stop,-29.000000000007436,1,2022-W14
st_daybias_dca_f30_week,short,2022-04-10 22:49:00-04:00,2022-04-10 23:00:00-04:00,1.0874609999999998,1.08922,1.0,stop,-88.7000000000144,1,2022-W14
st_daybias_dca_f30_week,long,2022-04-11 00:01:00-04:00,2022-04-11 00:03:00-04:00,1.0895430000000002,1.08836,1.0,stop,-59.90000000000781,1,2022-W15
st_daybias_dca_f30_week,long,2022-04-12 00:00:00-04:00,2022-04-12 00:44:00-04:00,1.0891350000000002,1.0872199999999999,1.0,stop,-96.50000000001666,1,2022-W15
st_daybias_dca_f30_week,short,2022-04-13 16:01:00-04:00,2022-04-14 01:56:00-04:00,1.0878349999999999,1.09041,1.0,stop,-129.5000000000108,1,2022-W15
st_daybias_dca_f30_week,long,2022-05-02 00:00:00-04:00,2022-05-02 00:33:00-04:00,1.0542420000000001,1.05338,1.0,stop,-43.85000000000702,1,2022-W18
st_daybias_dca_f30_week,long,2022-05-05 13:50:00-04:00,2022-05-05 15:08:00-04:00,1.0543900000000002,1.0505399999999998,1.0,stop,-193.25000000001765,1,2022-W18
st_daybias_dca_f30_week,long,2022-05-09 00:00:00-04:00,2022-05-09 00:01:00-04:00,1.053477,1.0530199999999998,1.0,stop,-23.600000000007586,1,2022-W19
st_daybias_dca_f30_week,long,2022-05-11 00:00:00-04:00,2022-05-11 12:30:00-04:00,1.0543770000000001,1.0524799999999999,1.0,stop,-95.60000000001298,1,2022-W19
st_daybias_dca_f30_week,short,2022-05-15 21:06:00-04:00,2022-05-16 00:00:00-04:00,1.0398029999999998,1.0398900000000002,1.0,period_end,-5.100000000019616,1,2022-W19
st_daybias_dca_f30_week,short,2022-06-02 12:51:00-04:00,2022-06-02 16:24:00-04:00,1.070514,1.0739800000000002,1.0,stop,-174.05000000000956,1,2022-W22
st_daybias_dca_f30_week,short,2022-06-06 00:00:00-04:00,2022-06-06 00:08:00-04:00,1.072387,1.0730300000000002,1.0,stop,-32.90000000000856,1,2022-W23
st_daybias_dca_f30_week,short,2022-06-08 00:00:00-04:00,2022-06-08 10:04:00-04:00,1.069501,1.0714700000000001,1.0,stop,-99.20000000000547,1,2022-W23
st_daybias_dca_f30_week,short,2022-06-14 07:44:00-04:00,2022-06-15 06:26:00-04:00,1.046204,1.04851,2.0,stop,-232.10000000002526,2,2022-W24
st_daybias_dca_f30_week,short,2022-07-04 00:42:00-04:00,2022-07-04 01:48:00-04:00,1.042966,1.0437500000000002,1.0,stop,-39.9500000000059,1,2022-W27
st_daybias_dca_f30_week,long,2022-07-11 00:09:00-04:00,2022-07-11 00:10:00-04:00,1.0170880000000002,1.01643,1.0,stop,-33.65000000001348,1,2022-W28
st_daybias_dca_f30_week,long,2022-07-14 00:00:00-04:00,2022-07-14 13:24:00-04:00,1.003569,0.99974,1.0,stop,-192.19999999999857,1,2022-W28
st_daybias_dca_f30_week,long,2022-07-18 06:03:00-04:00,2022-07-22 20:59:00-04:00,1.012482,1.02114,2.0,period_end,864.2999999999832,2,2022-W29
st_daybias_dca_f30_week,short,2022-08-01 00:15:00-04:00,2022-08-01 00:20:00-04:00,1.0217889999999998,1.02245,1.0,stop,-33.80000000001223,1,2022-W31
st_daybias_dca_f30_week,short,2022-08-04 07:06:00-04:00,2022-08-04 14:57:00-04:00,1.0183419999999999,1.0210700000000001,1.0,stop,-137.1500000000143,1,2022-W31
st_daybias_dca_f30_week,short,2022-08-08 01:45:00-04:00,2022-08-08 02:21:00-04:00,1.0175249999999998,1.01791,1.0,stop,-20.00000000001509,1,2022-W32
st_daybias_dca_f30_week,long,2022-08-10 00:03:00-04:00,2022-08-12 12:43:00-04:00,1.0254505000000003,1.0274699999999999,2.0,stop,200.449999999973,2,2022-W32
st_daybias_dca_f30_week,long,2022-09-01 10:32:00-04:00,2022-09-01 14:00:00-04:00,1.000404,0.99707,1.0,stop,-167.45000000000294,1,2022-W35
st_daybias_dca_f30_week,short,2022-09-05 00:07:00-04:00,2022-09-05 07:33:00-04:00,0.9924689999999999,0.99352,1.0,stop,-53.300000000001205,1,2022-W36
st_daybias_dca_f30_week,short,2022-09-06 00:01:00-04:00,2022-09-06 00:05:00-04:00,0.992892,0.99523,1.0,stop,-117.64999999999756,1,2022-W36
st_daybias_dca_f30_week,short,2022-09-12 02:02:00-04:00,2022-09-12 06:33:00-04:00,1.0090109999999999,1.01044,1.0,stop,-72.20000000000623,1,2022-W37
st_daybias_dca_f30_week,long,2022-09-13 12:30:00-04:00,2022-09-13 12:36:00-04:00,1.010384,1.0062399999999998,1.0,stop,-207.95000000000738,1,2022-W37
st_daybias_dca_f30_week,short,2022-10-03 00:52:00-04:00,2022-10-03 01:05:00-04:00,0.980225,0.98091,1.0,stop,-34.99999999999678,1,2022-W40
st_daybias_dca_f30_week,short,2022-10-04 00:00:00-04:00,2022-10-04 03:43:00-04:00,0.9816400000000001,0.9845,1.0,stop,-143.7499999999987,1,2022-W40
st_daybias_dca_f30_week,long,2022-10-05 14:00:00-04:00,2022-10-06 15:59:00-04:00,0.986455,0.98055,1.0,stop,-295.99999999999693,1,2022-W40
st_daybias_dca_f30_week,short,2022-10-10 00:00:00-04:00,2022-10-10 00:51:00-04:00,0.973537,0.974,1.0,stop,-23.899999999999558,1,2022-W41
st_daybias_dca_f30_week,short,2022-10-11 11:24:00-04:00,2022-10-11 15:57:00-04:00,0.973112,0.97536,1.0,stop,-113.15000000000138,1,2022-W41
st_daybias_dca_f30_week,short,2022-11-01 06:19:00-04:00,2022-11-02 18:32:00-04:00,0.993693,0.99661,1.0,stop,-146.59999999999738,1,2022-W44
st_daybias_dca_f30_week,short,2022-11-04 11:13:00-04:00,2022-11-04 12:57:00-04:00,0.9806050000000001,0.98399,1.0,stop,-169.99999999999858,1,2022-W44
st_daybias_dca_f30_week,long,2022-11-09 18:35:00-05:00,2022-11-10 09:45:00-05:00,1.000944,0.9971,1.0,stop,-192.95000000000348,1,2022-W45
st_daybias_dca_f30_week,long,2022-11-14 01:44:00-05:00,2022-11-14 04:18:00-05:00,1.03227,1.0313599999999998,1.0,stop,-46.25000000000942,1,2022-W46
st_daybias_dca_f30_week,long,2022-11-15 18:38:00-05:00,2022-11-18 21:59:00-05:00,1.0297930000000002,1.0323,1.0,period_end,124.59999999999074,1,2022-W46
st_daybias_dca_f30_week,short,2022-12-01 00:00:00-05:00,2022-12-01 00:03:00-05:00,1.038743,1.0430400000000002,1.0,stop,-215.60000000001088,1,2022-W48
st_daybias_dca_f30_week,long,2022-12-02 13:43:00-05:00,2022-12-02 21:59:00-05:00,1.043732,1.0532,1.0,period_end,472.6499999999905,1,2022-W48
st_daybias_dca_f30_week,short,2022-12-05 00:05:00-05:00,2022-12-05 00:15:00-05:00,1.0539109999999998,1.05441,1.0,stop,-25.700000000012462,1,2022-W49
st_daybias_dca_f30_week,short,2022-12-07 12:35:00-05:00,2022-12-07 12:55:00-05:00,1.051005,1.0533100000000002,1.0,stop,-116.00000000001117,1,2022-W49
st_daybias_dca_f30_week,long,2022-12-09 13:30:00-05:00,2022-12-09 21:59:00-05:00,1.0512560000000002,1.05311,1.0,period_end,91.94999999999001,1,2022-W49
st_daybias_dca_f30_week,long,2023-01-02 02:10:00-05:00,2023-01-02 06:55:00-05:00,1.068764,1.0678299999999998,1.0,stop,-47.45000000001062,1,2023-W01
st_daybias_dca_f30_week,long,2023-01-03 00:27:00-05:00,2023-01-03 07:10:00-05:00,1.066804,1.06494,1.0,stop,-93.9500000000044,1,2023-W01
st_daybias_dca_f30_week,short,2023-01-04 08:31:00-05:00,2023-01-06 21:59:00-05:00,1.0631389999999998,1.0641800000000001,1.0,period_end,-52.800000000014585,1,2023-W01
st_daybias_dca_f30_week,long,2023-01-11 01:32:00-05:00,2023-01-13 21:59:00-05:00,1.0733865000000002,1.08297,2.0,period_end,956.8499999999746,2,2023-W02
st_daybias_dca_f30_week,short,2023-02-01 00:00:00-05:00,2023-02-01 05:50:00-05:00,1.0852359999999999,1.08752,1.0,stop,-114.95000000000874,1,2023-W05
st_daybias_dca_f30_week,long,2023-02-02 14:56:00-05:00,2023-02-03 13:30:00-05:00,1.0906710000000002,1.0851499999999998,1.0,stop,-276.80000000001655,1,2023-W05
st_daybias_dca_f30_week,short,2023-02-06 00:04:00-05:00,2023-02-06 03:06:00-05:00,1.079268,1.07986,1.0,stop,-30.350000000007398,1,2023-W06
st_daybias_dca_f30_week,short,2023-02-08 06:48:00-05:00,2023-02-09 09:08:00-05:00,1.0736679999999998,1.0766900000000001,1.0,stop,-151.85000000001511,1,2023-W06
st_daybias_dca_f30_week,long,2023-02-10 00:11:00-05:00,2023-02-10 09:50:00-05:00,1.073422,1.0708799999999998,1.0,stop,-127.85000000001331,1,2023-W06
st_daybias_dca_f30_week,long,2023-03-01 00:00:00-05:00,2023-03-01 00:05:00-05:00,1.0594850000000002,1.05721,1.0,stop,-114.50000000001245,1,2023-W09
st_daybias_dca_f30_week,long,2023-03-02 13:05:00-05:00,2023-03-03 21:59:00-05:00,1.0603460000000002,1.0633199999999998,1.0,period_end,147.9499999999794,1,2023-W09
st_daybias_dca_f30_week,short,2023-03-05 22:00:00-05:00,2023-03-06 00:00:00-05:00,1.0622839999999998,1.0626000000000002,1.0,period_end,-16.550000000021353,1,2023-W09
st_daybias_dca_f30_week,short,2023-03-06 00:01:00-05:00,2023-03-06 00:05:00-05:00,1.0626499999999999,1.0629300000000002,1.0,stop,-14.750000000014001,1,2023-W10
st_daybias_dca_f30_week,long,2023-03-07 14:40:00-05:00,2023-03-07 15:01:00-05:00,1.0644090000000002,1.0621399999999999,1.0,stop,-114.20000000001492,1,2023-W10
st_daybias_dca_f30_week,short,2023-04-03 07:27:00-04:00,2023-04-03 08:51:00-04:00,1.0830629999999999,1.0844500000000001,1.0,stop,-70.10000000001246,1,2023-W14
st_daybias_dca_f30_week,long,2023-04-05 14:49:00-04:00,2023-04-07 12:37:00-04:00,1.091045,1.0882299999999998,1.0,stop,-141.5000000000117,1,2023-W14
st_daybias_dca_f30_week,long,2023-04-10 01:00:00-04:00,2023-04-10 01:34:00-04:00,1.0903120000000002,1.08975,1.0,stop,-28.850000000008674,1,2023-W15
st_daybias_dca_f30_week,long,2023-04-14 14:08:00-04:00,2023-04-14 15:50:00-04:00,1.100447,1.0976199999999998,1.0,stop,-142.10000000000676,1,2023-W15
st_daybias_dca_f30_week,short,2023-04-17 00:23:00-04:00,2023-04-17 05:49:00-04:00,1.09904,1.0994700000000002,1.0,stop,-22.250000000007624,1,2023-W16
st_daybias_dca_f30_week,long,2023-05-01 00:00:00-04:00,2023-05-01 00:15:00-04:00,1.10156,1.1009499999999999,1.0,stop,-31.250000000011074,1,2023-W18
st_daybias_dca_f30_week,long,2023-05-04 12:30:00-04:00,2023-05-04 12:55:00-04:00,1.103134,1.1004299999999998,1.0,stop,-135.9500000000131,1,2023-W18
st_daybias_dca_f30_week,short,2023-05-08 00:01:00-04:00,2023-05-08 00:28:00-04:00,1.1019689999999998,1.10233,1.0,stop,-18.80000000001389,1,2023-W19
st_daybias_dca_f30_week,short,2023-05-10 12:31:00-04:00,2023-05-10 12:55:00-04:00,1.098229,1.1001200000000002,1.0,stop,-95.30000000001546,1,2023-W19
st_daybias_dca_f30_week,short,2023-05-15 01:14:00-04:00,2023-05-15 01:54:00-04:00,1.085635,1.08623,1.0,stop,-30.50000000000616,1,2023-W20
st_daybias_dca_f30_week,short,2023-06-01 09:55:00-04:00,2023-06-01 14:00:00-04:00,1.070498,1.0736100000000002,1.0,stop,-156.35000000001128,1,2023-W22
st_daybias_dca_f30_week,short,2023-06-05 14:01:00-04:00,2023-06-05 14:02:00-04:00,1.0705099999999999,1.07112,1.0,stop,-31.250000000011074,1,2023-W23
st_daybias_dca_f30_week,long,2023-06-11 21:00:00-04:00,2023-06-12 00:00:00-04:00,1.075596,1.0749399999999998,1.0,period_end,-33.5500000000106,1,2023-W23
st_daybias_dca_f30_week,short,2023-06-12 00:00:00-04:00,2023-06-12 06:03:00-04:00,1.074848,1.0752000000000002,1.0,stop,-18.3500000000065,1,2023-W24
st_daybias_dca_f30_week,short,2023-06-13 02:24:00-04:00,2023-06-13 05:20:00-04:00,1.0772399999999998,1.07905,1.0,stop,-91.25000000001558,1,2023-W24
st_daybias_dca_f30_week,long,2023-07-03 00:01:00-04:00,2023-07-03 00:02:00-04:00,1.090888,1.09059,1.0,stop,-15.650000000006575,1,2023-W27
st_daybias_dca_f30_week,long,2023-07-05 00:00:00-04:00,2023-07-05 01:53:00-04:00,1.088915,1.0876299999999999,1.0,stop,-65.00000000001013,1,2023-W27
st_daybias_dca_f30_week,short,2023-07-06 11:25:00-04:00,2023-07-07 12:30:00-04:00,1.089023,1.0908300000000002,1.0,stop,-91.1000000000057,1,2023-W27
st_daybias_dca_f30_week,long,2023-07-10 00:12:00-04:00,2023-07-10 03:22:00-04:00,1.0960820000000002,1.09558,1.0,stop,-25.850000000011224,1,2023-W28
st_daybias_dca_f30_week,long,2023-07-17 00:00:00-04:00,2023-07-17 00:26:00-04:00,1.122694,1.1222699999999999,1.0,stop,-21.9500000000101,1,2023-W29
st_daybias_dca_f30_week,long,2023-08-01 00:00:00-04:00,2023-08-01 00:27:00-04:00,1.1009410000000002,1.09926,1.0,stop,-84.80000000001328,1,2023-W31
st_daybias_dca_f30_week,short,2023-08-02 00:00:00-04:00,2023-08-04 12:30:00-04:00,1.0972874999999997,1.09633,2.0,stop,94.24999999998334,2,2023-W31
st_daybias_dca_f30_week,long,2023-08-07 00:00:00-04:00,2023-08-07 00:04:00-04:00,1.1005730000000002,1.10005,1.0,stop,-26.900000000013662,1,2023-W32
st_daybias_dca_f30_week,short,2023-08-08 00:00:00-04:00,2023-08-10 07:06:00-04:00,1.099731,1.10122,1.0,stop,-75.20000000000368,1,2023-W32
st_daybias_dca_f30_week,short,2023-09-04 00:48:00-04:00,2023-09-04 01:26:00-04:00,1.0778029999999998,1.0782,1.0,stop,-20.600000000010137,1,2023-W36
st_daybias_dca_f30_week,short,2023-09-05 01:31:00-04:00,2023-09-08 14:00:00-04:00,1.0757519999999998,1.07322,2.0,stop,251.6999999999757,2,2023-W36
st_daybias_dca_f30_week,long,2023-09-10 22:04:00-04:00,2023-09-11 00:00:00-04:00,1.070951,1.0715999999999999,1.0,period_end,31.699999999994986,1,2023-W36
st_daybias_dca_f30_week,long,2023-09-11 00:15:00-04:00,2023-09-12 12:23:00-04:00,1.0711870000000001,1.0707,1.0,stop,-25.10000000000631,1,2023-W37
st_daybias_dca_f30_week,long,2023-10-01 21:00:00-04:00,2023-10-01 22:57:00-04:00,1.0576100000000002,1.05574,1.0,stop,-94.25000000001302,1,2023-W39
st_daybias_dca_f30_week,short,2023-10-02 00:32:00-04:00,2023-10-02 06:33:00-04:00,1.0567309999999999,1.05726,1.0,stop,-27.200000000011187,1,2023-W40
st_daybias_dca_f30_week,short,2023-10-04 07:43:00-04:00,2023-10-04 09:08:00-04:00,1.04793,1.0493800000000002,1.0,stop,-73.25000000000867,1,2023-W40
st_daybias_dca_f30_week,long,2023-10-06 12:32:00-04:00,2023-10-06 12:46:00-04:00,1.0516040000000002,1.04995,1.0,stop,-83.45000000001332,1,2023-W40
st_daybias_dca_f30_week,long,2023-10-09 03:17:00-04:00,2023-10-09 04:07:00-04:00,1.055554,1.0548899999999999,1.0,stop,-33.950000000011,1,2023-W41
st_daybias_dca_f30_week,short,2023-11-02 00:05:00-04:00,2023-11-02 00:06:00-04:00,1.05652,1.05872,1.0,stop,-110.75000000001009,1,2023-W44
st_daybias_dca_f30_week,long,2023-11-06 00:53:00-05:00,2023-11-06 20:17:00-05:00,1.0725010000000001,1.07202,1.0,stop,-24.800000000008787,1,2023-W45
st_daybias_dca_f30_week,long,2023-11-07 00:00:00-05:00,2023-11-07 00:54:00-05:00,1.0727790000000001,1.07144,1.0,stop,-67.70000000001005,1,2023-W45
st_daybias_dca_f30_week,short,2023-11-08 15:51:00-05:00,2023-11-09 14:53:00-05:00,1.0702209999999999,1.0719800000000002,1.0,stop,-88.7000000000144,1,2023-W45
st_daybias_dca_f30_week,long,2023-11-10 00:00:00-05:00,2023-11-10 07:09:00-05:00,1.068019,1.0659599999999998,1.0,stop,-103.70000000001275,1,2023-W45
st_daybias_dca_f30_week,short,2023-12-03 22:22:00-05:00,2023-12-04 00:00:00-05:00,1.0886999999999998,1.0886300000000002,1.0,period_end,2.7499999999785203,1,2023-W48
st_daybias_dca_f30_week,short,2023-12-07 13:40:00-05:00,2023-12-07 17:33:00-05:00,1.079037,1.0805200000000001,1.0,stop,-74.90000000000616,1,2023-W49
st_daybias_dca_f30_week,short,2023-12-11 00:08:00-05:00,2023-12-11 00:13:00-05:00,1.07635,1.07681,1.0,stop,-23.75000000000635,1,2023-W50
st_daybias_dca_f30_week,short,2023-12-12 01:09:00-05:00,2023-12-12 06:56:00-05:00,1.0767179999999998,1.0779400000000001,1.0,stop,-61.85000000001392,1,2023-W50
st_daybias_dca_f30_week,long,2023-12-15 13:37:00-05:00,2023-12-15 21:59:00-05:00,1.091863,1.08917,1.0,period_end,-135.40000000000282,1,2023-W50
st_daybias_dca_f30_week,short,2024-01-02 01:05:00-05:00,2024-01-04 09:44:00-05:00,1.099231,1.0965900000000002,2.0,stop,262.59999999997825,2,2024-W01
st_daybias_dca_f30_week,long,2024-01-08 02:54:00-05:00,2024-01-08 03:38:00-05:00,1.0938610000000002,1.09344,1.0,stop,-21.800000000011337,1,2024-W02
st_daybias_dca_f30_week,long,2024-01-09 08:15:00-05:00,2024-01-09 15:50:00-05:00,1.0939960000000002,1.09221,1.0,stop,-90.05000000001436,1,2024-W02
st_daybias_dca_f30_week,short,2024-01-15 00:34:00-05:00,2024-01-15 00:46:00-05:00,1.094784,1.0950700000000002,1.0,stop,-15.050000000011526,1,2024-W03
st_daybias_dca_f30_week,long,2024-02-01 00:00:00-05:00,2024-02-01 06:58:00-05:00,1.0823150000000001,1.07944,1.0,stop,-144.50000000000915,1,2024-W05
st_daybias_dca_f30_week,short,2024-02-05 00:06:00-05:00,2024-02-05 08:13:00-05:00,1.07805,1.0786300000000002,1.0,stop,-29.75000000001235,1,2024-W06
st_daybias_dca_f30_week,short,2024-02-07 00:00:00-05:00,2024-02-07 01:05:00-05:00,1.0749859999999998,1.0762800000000001,1.0,stop,-65.45000000001752,1,2024-W06
st_daybias_dca_f30_week,long,2024-02-08 11:23:00-05:00,2024-02-08 12:30:00-05:00,1.076456,1.07551,1.0,stop,-48.05000000000567,1,2024-W06
st_daybias_dca_f30_week,long,2024-02-12 08:24:00-05:00,2024-02-12 08:53:00-05:00,1.0783610000000001,1.07761,1.0,stop,-38.30000000000841,1,2024-W07
st_daybias_dca_f30_week,short,2024-03-03 22:00:00-05:00,2024-03-03 23:16:00-05:00,1.082917,1.08437,1.0,stop,-73.40000000000742,1,2024-W09
st_daybias_dca_f30_week,long,2024-03-04 08:38:00-05:00,2024-03-08 21:59:00-05:00,1.0845536666666666,1.09343,3.0,period_end,1329.1999999999784,3,2024-W10
st_daybias_dca_f30_week,long,2024-03-10 22:05:00-04:00,2024-03-11 00:00:00-04:00,1.0937670000000002,1.09422,1.0,period_end,21.899999999990733,1,2024-W10
st_daybias_dca_f30_week,short,2024-04-01 00:00:00-04:00,2024-04-01 00:20:00-04:00,1.079249,1.0797,1.0,stop,-23.300000000010062,1,2024-W14
st_daybias_dca_f30_week,short,2024-04-02 14:23:00-04:00,2024-04-03 14:00:00-04:00,1.077786,1.0799200000000002,1.0,stop,-107.45000000001511,1,2024-W14
st_daybias_dca_f30_week,long,2024-04-05 00:00:00-04:00,2024-04-05 01:34:00-04:00,1.084564,1.0831199999999999,1.0,stop,-72.95000000001114,1,2024-W14
st_daybias_dca_f30_week,short,2024-04-07 21:00:00-04:00,2024-04-08 00:00:00-04:00,1.0830419999999998,1.08302,1.0,period_end,0.3499999999872223,1,2024-W14
st_daybias_dca_f30_week,long,2024-04-08 00:00:00-04:00,2024-04-08 00:01:00-04:00,1.083091,1.0826699999999998,1.0,stop,-21.800000000011337,1,2024-W15
st_daybias_dca_f30_week,long,2024-05-06 00:04:00-04:00,2024-05-06 00:13:00-04:00,1.076013,1.0756999999999999,1.0,stop,-16.400000000011488,1,2024-W19
st_daybias_dca_f30_week,long,2024-05-07 01:31:00-04:00,2024-05-07 06:32:00-04:00,1.076642,1.07548,1.0,stop,-58.850000000005366,1,2024-W19
st_daybias_dca_f30_week,long,2024-05-08 00:00:00-04:00,2024-05-08 00:02:00-04:00,1.0759800000000002,1.0746799999999999,1.0,stop,-65.75000000001505,1,2024-W19
st_daybias_dca_f30_week,short,2024-05-09 03:22:00-04:00,2024-05-09 12:41:00-04:00,1.0750179999999998,1.07579,1.0,stop,-39.35000000001085,1,2024-W19
st_daybias_dca_f30_week,long,2024-05-12 21:27:00-04:00,2024-05-13 00:00:00-04:00,1.0769710000000001,1.07696,1.0,period_end,-1.3000000000102645,1,2024-W19
st_daybias_dca_f30_week,short,2024-06-10 00:00:00-04:00,2024-06-10 00:03:00-04:00,1.0774679999999999,1.07803,1.0,stop,-28.850000000008674,1,2024-W24
st_daybias_dca_f30_week,short,2024-06-11 01:38:00-04:00,2024-06-12 12:30:00-04:00,1.0761494999999999,1.0781900000000002,2.0,stop,-205.55000000003338,2,2024-W24
st_daybias_dca_f30_week,short,2024-06-17 00:25:00-04:00,2024-06-17 08:10:00-04:00,1.070558,1.07094,1.0,stop,-19.850000000005224,1,2024-W25
st_daybias_dca_f30_week,long,2024-06-19 07:20:00-04:00,2024-06-20 15:55:00-04:00,1.072588,1.07094,1.0,stop,-83.1500000000047,1,2024-W25
st_daybias_dca_f30_week,long,2024-07-01 00:00:00-04:00,2024-07-01 14:50:00-04:00,1.073655,1.0731499999999998,1.0,stop,-26.000000000009987,1,2024-W27
st_daybias_dca_f30_week,long,2024-07-07 21:00:00-04:00,2024-07-08 00:00:00-04:00,1.081279,1.0824999999999998,1.0,period_end,60.29999999998473,1,2024-W27
st_daybias_dca_f30_week,long,2024-07-09 01:45:00-04:00,2024-07-09 11:38:00-04:00,1.0824220000000002,1.08141,1.0,stop,-51.35000000001175,1,2024-W28
st_daybias_dca_f30_week,short,2024-07-11 00:00:00-04:00,2024-07-11 00:44:00-04:00,1.0828289999999998,1.0837,1.0,stop,-44.30000000001441,1,2024-W28
st_daybias_dca_f30_week,long,2024-07-15 00:00:00-04:00,2024-07-16 12:43:00-04:00,1.088626,1.0881299999999998,1.0,stop,-25.5500000000137,1,2024-W29
st_daybias_dca_f30_week,short,2024-08-01 04:12:00-04:00,2024-08-02 11:26:00-04:00,1.082604,1.08359,2.0,stop,-100.10000000002645,2,2024-W31
st_daybias_dca_f30_week,long,2024-08-05 00:07:00-04:00,2024-08-05 06:07:00-04:00,1.090948,1.0902299999999998,1.0,stop,-36.65000000001092,1,2024-W32
st_daybias_dca_f30_week,long,2024-08-06 07:38:00-04:00,2024-08-08 12:54:00-04:00,1.092775,1.0891799999999998,1.0,stop,-180.50000000001185,1,2024-W32
st_daybias_dca_f30_week,short,2024-08-09 06:30:00-04:00,2024-08-09 20:59:00-04:00,1.092549,1.09172,1.0,period_end,40.69999999999843,1,2024-W32
st_daybias_dca_f30_week,short,2024-09-02 00:20:00-04:00,2024-09-02 00:24:00-04:00,1.104742,1.10501,1.0,stop,-14.15000000000785,1,2024-W36
st_daybias_dca_f30_week,short,2024-09-03 00:00:00-04:00,2024-09-04 14:00:00-04:00,1.1061354999999997,1.10707,2.0,stop,-94.95000000001713,2,2024-W36
st_daybias_dca_f30_week,long,2024-09-06 12:30:00-04:00,2024-09-06 13:38:00-04:00,1.1088630000000002,1.10741,1.0,stop,-73.40000000000742,1,2024-W36
st_daybias_dca_f30_week,short,2024-09-09 00:03:00-04:00,2024-09-09 00:20:00-04:00,1.108649,1.1091300000000002,1.0,stop,-24.800000000008787,1,2024-W37
st_daybias_dca_f30_week,short,2024-10-04 00:00:00-04:00,2024-10-04 20:59:00-04:00,1.103472,1.0974400000000002,1.0,period_end,300.84999999999076,1,2024-W40
st_daybias_dca_f30_week,short,2024-10-07 00:00:00-04:00,2024-10-07 00:04:00-04:00,1.0968289999999998,1.09722,1.0,stop,-20.300000000012613,1,2024-W41
st_daybias_dca_f30_week,short,2024-10-08 00:11:00-04:00,2024-10-08 03:39:00-04:00,1.097652,1.0987300000000002,1.0,stop,-54.65000000000672,1,2024-W41
st_daybias_dca_f30_week,long,2024-10-09 01:10:00-04:00,2024-10-09 07:01:00-04:00,1.0972190000000002,1.0960299999999998,1.0,stop,-60.20000000001643,1,2024-W41
st_daybias_dca_f30_week,short,2024-10-11 03:10:00-04:00,2024-10-11 20:59:00-04:00,1.093786,1.09358,1.0,period_end,9.549999999996423,1,2024-W41
st_daybias_dca_f30_week,long,2024-11-01 08:20:00-04:00,2024-11-01 17:35:00-04:00,1.0857800000000002,1.08436,1.0,stop,-71.75000000000995,1,2024-W44
st_daybias_dca_f30_week,long,2024-11-04 00:00:00-05:00,2024-11-04 00:04:00-05:00,1.0875160000000001,1.08714,1.0,stop,-19.5500000000077,1,2024-W45
st_daybias_dca_f30_week,long,2024-11-05 00:00:00-05:00,2024-11-06 00:30:00-05:00,1.0888045000000002,1.0869399999999998,2.0,stop,-187.95000000002688,2,2024-W45
st_daybias_dca_f30_week,short,2024-11-11 00:19:00-05:00,2024-11-11 00:21:00-05:00,1.071358,1.0717400000000001,1.0,stop,-19.850000000005224,1,2024-W46
st_daybias_dca_f30_week,long,2024-12-01 23:02:00-05:00,2024-12-01 23:28:00-05:00,1.0558610000000002,1.05409,1.0,stop,-89.30000000000945,1,2024-W48
st_daybias_dca_f30_week,short,2024-12-03 08:32:00-05:00,2024-12-04 15:25:00-05:00,1.0519165,1.0535500000000002,2.0,stop,-164.85000000002873,2,2024-W49
st_daybias_dca_f30_week,long,2024-12-08 22:00:00-05:00,2024-12-09 00:00:00-05:00,1.0569050000000002,1.05652,1.0,period_end,-20.00000000001509,1,2024-W49
st_daybias_dca_f30_week,short,2024-12-09 00:00:00-05:00,2024-12-09 08:54:00-05:00,1.0564259999999999,1.0569700000000002,1.0,stop,-27.9500000000161,1,2024-W50
st_daybias_dca_f30_week,short,2025-01-02 00:54:00-05:00,2025-01-02 01:41:00-05:00,1.035375,1.0358200000000002,1.0,stop,-23.000000000012538,1,2025-W01
st_daybias_dca_f30_week,short,2025-01-05 22:00:00-05:00,2025-01-06 00:00:00-05:00,1.0295809999999999,1.0305600000000001,1.0,period_end,-49.700000000014256,1,2025-W01
st_daybias_dca_f30_week,short,2025-01-06 00:00:00-05:00,2025-01-06 01:15:00-05:00,1.030306,1.03085,1.0,stop,-27.950000000004998,1,2025-W02
st_daybias_dca_f30_week,short,2025-01-10 08:40:00-05:00,2025-01-10 21:59:00-05:00,1.030956,1.0240500000000001,1.0,period_end,344.54999999999285,1,2025-W02
st_daybias_dca_f30_week,short,2025-01-13 00:00:00-05:00,2025-01-13 01:15:00-05:00,1.024297,1.0247300000000001,1.0,stop,-22.400000000006386,1,2025-W03
st_daybias_dca_f30_week,short,2025-02-03 00:04:00-05:00,2025-02-03 12:27:00-05:00,1.0258079999999998,1.02703,1.0,stop,-61.85000000001392,1,2025-W06
st_daybias_dca_f30_week,long,2025-02-06 02:36:00-05:00,2025-02-06 08:14:00-05:00,1.0391940000000002,1.03691,1.0,stop,-114.95000000000874,1,2025-W06
st_daybias_dca_f30_week,short,2025-02-10 00:00:00-05:00,2025-02-10 00:02:00-05:00,1.0304049999999998,1.03139,1.0,stop,-50.00000000001178,1,2025-W07
st_daybias_dca_f30_week,short,2025-02-11 10:17:00-05:00,2025-02-11 14:54:00-05:00,1.0324369999999998,1.0336800000000002,1.0,stop,-62.90000000001636,1,2025-W07
st_daybias_dca_f30_week,long,2025-02-17 00:13:00-05:00,2025-02-17 05:51:00-05:00,1.048793,1.04842,1.0,stop,-19.400000000008937,1,2025-W08
st_daybias_dca_f30_week,short,2025-03-02 22:00:00-05:00,2025-03-02 23:22:00-05:00,1.0401269999999998,1.04203,1.0,stop,-95.90000000001051,1,2025-W09
st_daybias_dca_f30_week,long,2025-03-07 00:00:00-05:00,2025-03-07 21:59:00-05:00,1.079237,1.08287,1.0,period_end,180.89999999999986,1,2025-W10
st_daybias_dca_f30_week,long,2025-03-10 02:47:00-04:00,2025-03-10 07:48:00-04:00,1.083892,1.0826399999999998,1.0,stop,-63.35000000001264,1,2025-W11
st_daybias_dca_f30_week,long,2025-03-13 00:00:00-04:00,2025-03-13 06:38:00-04:00,1.089277,1.0875,1.0,stop,-89.60000000000699,1,2025-W11
st_daybias_dca_f30_week,short,2025-03-14 10:24:00-04:00,2025-03-14 10:45:00-04:00,1.0874059999999999,1.08975,1.0,stop,-117.95000000000618,1,2025-W11
st_daybias_dca_f30_week,short,2025-04-02 12:41:00-04:00,2025-04-02 14:39:00-04:00,1.081389,1.08304,1.0,stop,-83.30000000000345,1,2025-W14
st_daybias_dca_f30_week,long,2025-04-04 17:07:00-04:00,2025-04-04 20:59:00-04:00,1.096001,1.09568,1.0,period_end,-16.800000000000786,1,2025-W14
st_daybias_dca_f30_week,short,2025-04-07 00:00:00-04:00,2025-04-07 05:38:00-04:00,1.096368,1.1001100000000001,1.0,stop,-187.8500000000067,1,2025-W15
st_daybias_dca_f30_week,short,2025-04-09 00:00:00-04:00,2025-04-09 00:26:00-04:00,1.0960199999999998,1.09921,1.0,stop,-160.25000000001242,1,2025-W15
st_daybias_dca_f30_week,long,2025-04-10 00:00:00-04:00,2025-04-11 20:59:00-04:00,1.096818,1.1354899999999999,1.0,period_end,1932.8499999999908,1,2025-W15
st_daybias_dca_f30_week,short,2025-05-02 06:09:00-04:00,2025-05-02 09:38:00-04:00,1.131784,1.1341400000000001,1.0,stop,-118.55000000001235,1,2025-W18
st_daybias_dca_f30_week,short,2025-05-05 00:00:00-04:00,2025-05-05 01:05:00-04:00,1.131611,1.13283,1.0,stop,-61.70000000000405,1,2025-W19
st_daybias_dca_f30_week,short,2025-05-06 07:39:00-04:00,2025-05-06 14:16:00-04:00,1.134379,1.1365100000000001,1.0,stop,-107.30000000000526,1,2025-W19
st_daybias_dca_f30_week,long,2025-05-07 19:14:00-04:00,2025-05-08 06:16:00-04:00,1.131431,1.12912,2.0,stop,-232.60000000001742,2,2025-W19
st_daybias_dca_f30_week,short,2025-06-02 00:00:00-04:00,2025-06-02 00:02:00-04:00,1.1354689999999998,1.1360700000000001,1.0,stop,-30.800000000014787,1,2025-W23
st_daybias_dca_f30_week,long,2025-06-03 12:13:00-04:00,2025-06-06 12:12:00-04:00,1.1407705000000001,1.1403999999999999,2.0,stop,-38.55000000002734,2,2025-W23
st_daybias_dca_f30_week,short,2025-06-09 00:00:00-04:00,2025-06-09 01:35:00-04:00,1.140436,1.1411600000000002,1.0,stop,-36.950000000008444,1,2025-W24
st_daybias_dca_f30_week,short,2025-06-10 00:00:00-04:00,2025-06-10 12:02:00-04:00,1.1422789999999998,1.14396,1.0,stop,-84.80000000001328,1,2025-W24
st_daybias_dca_f30_week,long,2025-07-02 06:34:00-04:00,2025-07-02 11:34:00-04:00,1.178221,1.1760599999999999,1.0,stop,-108.80000000000398,1,2025-W27
st_daybias_dca_f30_week,short,2025-07-06 21:00:00-04:00,2025-07-07 00:00:00-04:00,1.177744,1.1781000000000001,1.0,period_end,-18.55000000001225,1,2025-W27
st_daybias_dca_f30_week,short,2025-07-07 00:00:00-04:00,2025-07-07 00:02:00-04:00,1.1779209999999998,1.1783000000000001,1.0,stop,-19.700000000017564,1,2025-W28
st_daybias_dca_f30_week,short,2025-07-08 07:41:00-04:00,2025-07-10 00:02:00-04:00,1.1741339999999998,1.17401,2.0,stop,10.899999999979102,2,2025-W28
st_daybias_dca_f30_week,short,2025-08-01 12:30:00-04:00,2025-08-01 12:31:00-04:00,1.144366,1.1461100000000002,1.0,stop,-87.9500000000095,1,2025-W31
st_daybias_dca_f30_week,long,2025-08-04 00:02:00-04:00,2025-08-04 00:04:00-04:00,1.158392,1.15774,1.0,stop,-33.35000000000485,1,2025-W32
st_daybias_dca_f30_week,long,2025-08-05 01:11:00-04:00,2025-08-05 05:34:00-04:00,1.1561900000000003,1.15492,1.0,stop,-64.25000000001631,1,2025-W32
st_daybias_dca_f30_week,short,2025-08-11 01:01:00-04:00,2025-08-11 01:23:00-04:00,1.1647839999999998,1.16513,1.0,stop,-18.050000000008975,1,2025-W33
st_daybias_dca_f30_week,short,2025-08-12 12:30:00-04:00,2025-08-12 15:26:00-04:00,1.164928,1.1675900000000001,1.0,stop,-133.8500000000082,1,2025-W33
st_daybias_dca_f30_week,long,2025-09-01 01:36:00-04:00,2025-09-02 05:29:00-04:00,1.1695655,1.16874,2.0,stop,-84.05000000002566,2,2025-W36
st_daybias_dca_f30_week,long,2025-09-08 00:00:00-04:00,2025-09-09 18:24:00-04:00,1.1717245000000003,1.17041,2.0,stop,-132.95000000002182,2,2025-W37
st_daybias_dca_f30_week,short,2025-09-11 12:32:00-04:00,2025-09-11 13:03:00-04:00,1.1715639999999998,1.17311,1.0,stop,-78.05000000001347,1,2025-W37
st_daybias_dca_f30_week,long,2025-10-01 10:09:00-04:00,2025-10-02 14:05:00-04:00,1.172728,1.1711399999999998,1.0,stop,-80.15000000000724,1,2025-W40
st_daybias_dca_f30_week,short,2025-10-03 08:02:00-04:00,2025-10-03 14:06:00-04:00,1.1735179999999998,1.17588,1.0,stop,-118.85000000000986,1,2025-W40
st_daybias_dca_f30_week,long,2025-10-06 00:00:00-04:00,2025-10-06 06:12:00-04:00,1.1712950000000002,1.17055,1.0,stop,-38.000000000010886,1,2025-W41
st_daybias_dca_f30_week,short,2025-10-09 00:22:00-04:00,2025-10-10 20:59:00-04:00,1.1625895,1.16154,2.0,period_end,103.44999999999254,2,2025-W41
st_daybias_dca_f30_week,short,2025-11-04 07:21:00-05:00,2025-11-06 00:26:00-05:00,1.1509239999999998,1.1498300000000001,2.0,stop,107.89999999998173,2,2025-W45
st_daybias_dca_f30_week,long,2025-11-09 23:09:00-05:00,2025-11-10 00:00:00-05:00,1.1548380000000003,1.1542899999999998,1.0,period_end,-28.15000000002185,1,2025-W45
st_daybias_dca_f30_week,short,2025-11-11 10:20:00-05:00,2025-11-11 13:21:00-05:00,1.15698,1.1583400000000001,1.0,stop,-68.75000000001249,1,2025-W46
st_daybias_dca_f30_week,short,2025-11-18 08:07:00-05:00,2025-11-21 21:59:00-05:00,1.1604469999999998,1.1516000000000002,1.0,period_end,441.59999999998024,1,2025-W47
st_daybias_dca_f30_week,long,2025-12-01 02:22:00-05:00,2025-12-01 03:05:00-05:00,1.1596680000000001,1.1590699999999998,1.0,stop,-30.650000000016025,1,2025-W49
st_daybias_dca_f30_week,long,2025-12-02 00:00:00-05:00,2025-12-05 16:08:00-05:00,1.1635170000000004,1.16404,3.0,stop,76.19999999996328,3,2025-W49
st_daybias_dca_f30_week,short,2025-12-08 00:01:00-05:00,2025-12-08 00:26:00-05:00,1.1642,1.16466,1.0,stop,-23.75000000000635,1,2025-W50
st_daybias_dca_f30_week,short,2026-01-01 22:10:00-05:00,2026-01-02 00:07:00-05:00,1.1746755,1.1751200000000002,2.0,stop,-45.950000000018086,2,2026-W01
st_daybias_dca_f30_week,short,2026-01-12 00:06:00-05:00,2026-01-12 00:07:00-05:00,1.163076,1.1635300000000002,1.0,stop,-23.450000000008824,1,2026-W03
st_daybias_dca_f30_week,long,2026-01-13 15:32:00-05:00,2026-01-15 12:57:00-05:00,1.1645140000000003,1.16211,1.0,stop,-120.95000000001474,1,2026-W03
st_daybias_dca_f30_week,short,2026-01-18 23:32:00-05:00,2026-01-19 00:00:00-05:00,1.16139,1.1624500000000002,1.0,period_end,-53.75000000001415,1,2026-W03
st_daybias_dca_f30_week,short,2026-02-02 00:00:00-05:00,2026-02-02 00:01:00-05:00,1.185118,1.18574,1.0,stop,-31.850000000006123,1,2026-W06
st_daybias_dca_f30_week,short,2026-02-04 00:00:00-05:00,2026-02-04 01:46:00-05:00,1.181366,1.18293,1.0,stop,-78.95000000000604,1,2026-W06
st_daybias_dca_f30_week,short,2026-02-06 13:51:00-05:00,2026-02-06 14:37:00-05:00,1.180723,1.1822300000000001,1.0,stop,-76.10000000000736,1,2026-W06
st_daybias_dca_f30_week,long,2026-02-11 00:00:00-05:00,2026-02-11 00:01:00-05:00,1.1899670000000002,1.18861,1.0,stop,-68.60000000001374,1,2026-W07
st_daybias_dca_f30_week,short,2026-02-13 13:30:00-05:00,2026-02-13 21:59:00-05:00,1.187809,1.1866,1.0,period_end,59.69999999998968,1,2026-W07
st_daybias_dca_f30_week,short,2026-03-02 01:00:00-05:00,2026-03-02 01:13:00-05:00,1.177786,1.1788100000000001,1.0,stop,-51.950000000006796,1,2026-W10
st_daybias_dca_f30_week,short,2026-03-04 11:24:00-05:00,2026-03-06 21:59:00-05:00,1.165319,1.16175,1.0,period_end,177.69999999999666,1,2026-W10
st_daybias_dca_f30_week,short,2026-03-09 05:21:00-04:00,2026-03-09 05:23:00-04:00,1.1545909999999997,1.15578,1.0,stop,-60.20000000001643,1,2026-W11
st_daybias_dca_f30_week,long,2026-03-11 00:00:00-04:00,2026-03-11 09:01:00-04:00,1.162255,1.1602199999999998,1.0,stop,-102.50000000001155,1,2026-W11
st_daybias_dca_f30_week,short,2026-03-16 00:00:00-04:00,2026-03-16 00:01:00-04:00,1.143155,1.14396,1.0,stop,-41.000000000008335,1,2026-W12
