setup_id,direction,c3_month,oc_high,oc_low,base_r,breakout_day,breakout_date,breakout_candle_low,breakout_candle_high,entry,sl,tp,risk_pts,rr_ratio,outcome,pnl_pts,pnl_r_base,mae_pts,mae_r_risk,mae_r_base,days_to_outcome,outcome_date
3,bullish,2019-11,8167.75,8089.5,78.25,2.0,2019-11-03,8164.0,8183.5,8176.75,8164.0,8411.5,12.75,18.412,sl,-12.75,-0.163,15.5,1.216,0.198,3.0,2019-11-06
4,bullish,2019-12,8434.0,8422.25,11.75,11.0,2019-12-12,8381.0,8508.75,8502.0,8381.0,8537.25,121.0,0.291,tp,35.25,3.0,40.5,0.335,3.447,1.0,2019-12-13
5,bullish,2020-01,8783.75,8769.25,14.5,2.0,2020-01-02,8772.5,8907.0,8898.75,8772.5,8942.25,126.25,0.345,sl,-126.25,-8.707,163.5,1.295,11.276,1.0,2020-01-03
6,bullish,2020-02,9037.75,8975.0,62.75,2.0,2020-02-03,9011.0,9155.75,9089.75,9011.0,9278.0,78.75,2.39,tp,188.25,3.0,2.25,0.029,0.036,1.0,2020-02-04
7,bearish,2020-03,8386.5,8248.5,138.0,7.0,2020-03-08,8101.25,8418.25,8115.0,8418.25,7701.0,303.25,1.365,tp,414.0,3.0,265.0,0.874,1.92,4.0,2020-03-12
9,bullish,2020-06,9606.0,9481.25,124.75,2.0,2020-06-02,9505.0,9677.25,9675.0,9505.0,10049.25,170.0,2.201,tp,374.25,3.0,102.5,0.603,0.822,7.0,2020-06-10
10,bullish,2020-07,10309.0,10075.75,233.25,2.0,2020-07-02,10252.25,10422.5,10350.0,10252.25,11049.75,97.75,7.159,tp,699.75,3.0,41.0,0.419,0.176,9.0,2020-07-13
11,bullish,2020-08,10950.0,10876.25,73.75,2.0,2020-08-03,10894.25,11073.0,11036.5,10894.25,11257.75,142.25,1.555,tp,221.25,3.0,53.75,0.378,0.729,3.0,2020-08-06
12,bullish,2020-09,12362.75,12125.0,237.75,2.0,2020-09-02,12172.25,12466.0,12421.75,12172.25,13135.0,249.5,2.859,sl,-249.5,-1.049,839.5,3.365,3.531,1.0,2020-09-03
13,bullish,2020-12,12512.5,12334.0,178.5,5.0,2020-12-06,12522.5,12569.0,12545.5,12522.5,13081.0,23.0,23.283,sl,-23.0,-0.129,70.5,3.065,0.395,1.0,2020-12-07
14,bullish,2021-01,12905.0,12852.25,52.75,5.0,2021-01-07,12656.5,12958.75,12939.0,12656.5,13097.25,282.5,0.56,tp,158.25,3.0,11.5,0.041,0.218,1.0,2021-01-08
16,bullish,2021-07,14606.5,14470.75,135.75,2.0,2021-07-02,14513.5,14728.75,14700.5,14513.5,15107.75,187.0,2.178,sl,-187.0,-1.378,256.25,1.37,1.888,14.0,2021-07-19
17,bullish,2021-08,15012.0,14970.0,42.0,3.0,2021-08-03,14848.75,15050.0,15031.0,14848.75,15157.0,182.25,0.691,tp,126.0,3.0,34.25,0.188,0.815,2.0,2021-08-05
19,bullish,2021-11,15914.75,15768.75,146.0,2.0,2021-11-02,15849.5,15980.25,15942.75,15849.5,16380.75,93.25,4.697,tp,438.0,3.0,7.75,0.083,0.053,3.0,2021-11-05
20,bullish,2021-12,16427.75,15826.5,601.25,22.0,2021-12-27,16304.5,16580.75,16554.75,16304.5,18358.5,250.25,7.208,open_eom,0.0,0.0,241.5,0.965,0.402,,
21,bearish,2022-02,15138.0,14729.25,408.75,4.0,2022-02-04,14363.25,14825.75,14645.0,14825.75,13418.75,180.75,6.784,sl,-180.75,-0.442,423.0,2.34,1.035,4.0,2022-02-09
22,bearish,2022-05,12926.0,12806.25,119.75,6.0,2022-05-06,12519.25,12929.25,12663.5,12929.25,12304.25,265.75,1.352,tp,359.25,3.0,0.0,0.0,0.0,2.0,2022-05-09
23,bearish,2022-06,12823.25,12454.75,368.5,8.0,2022-06-09,12255.5,12726.0,12288.5,12726.0,11183.0,437.5,2.527,tp,1105.5,3.0,51.0,0.117,0.138,6.0,2022-06-16
24,bearish,2022-10,11051.25,10930.25,121.0,9.0,2022-10-11,10767.25,11039.75,10865.0,11039.75,10502.0,174.75,2.077,sl,-174.75,-1.444,277.25,1.587,2.291,2.0,2022-10-13
26,bullish,2023-04,13275.5,13236.25,39.25,24.0,2023-04-28,13168.75,13336.75,13327.0,13168.75,13444.75,158.25,0.744,open_eom,0.0,0.0,23.0,0.145,0.586,,
27,bullish,2023-06,14528.25,14248.0,280.25,2.0,2023-06-02,14470.0,14627.75,14586.75,14470.0,15427.5,116.75,7.201,sl,-116.75,-0.417,281.25,2.409,1.004,4.0,2023-06-07
28,bullish,2023-07,15362.5,15328.0,34.5,10.0,2023-07-12,15254.5,15507.75,15472.0,15254.5,15575.5,217.5,0.476,tp,103.5,3.0,2.0,0.009,0.058,1.0,2023-07-13
31,bullish,2023-12,16050.0,15864.5,185.5,7.0,2023-12-08,15890.0,16119.0,16092.5,15890.0,16649.0,202.5,2.748,tp,556.5,3.0,10.5,0.052,0.057,4.0,2023-12-13
32,bullish,2024-01,17037.0,17013.75,23.25,16.0,2024-01-18,16839.25,17152.0,17148.75,16839.25,17218.5,309.5,0.225,tp,69.75,3.0,17.25,0.056,0.742,1.0,2024-01-19
33,bullish,2024-02,17645.5,17262.75,382.75,2.0,2024-02-02,17465.75,17775.5,17686.0,17465.75,18834.25,220.25,5.213,sl,-220.25,-0.575,233.5,1.06,0.61,15.0,2024-02-20
34,bullish,2024-03,18372.5,18030.25,342.25,10.0,2024-03-12,18174.0,18491.0,18478.5,18174.0,19505.25,304.5,3.372,sl,-304.5,-0.89,317.25,1.042,0.927,2.0,2024-03-14
37,bullish,2024-07,20074.0,19811.5,262.5,2.0,2024-07-02,19909.75,20259.5,20237.75,19909.75,21025.25,328.0,2.401,sl,-328.0,-1.25,479.0,1.46,1.825,14.0,2024-07-18
38,bullish,2024-10,20331.5,19818.0,513.5,8.0,2024-10-09,20195.5,20482.25,20450.75,20195.5,21991.25,255.25,6.035,sl,-255.25,-0.497,371.75,1.456,0.724,12.0,2024-10-23
39,bullish,2024-12,21003.5,20952.75,50.75,2.0,2024-12-02,20939.75,21259.5,21213.75,20939.75,21366.0,274.0,0.556,tp,152.25,3.0,79.0,0.288,1.557,2.0,2024-12-04
40,bearish,2025-04,19693.25,19261.25,432.0,2.0,2025-04-02,18817.5,20045.25,18880.25,20045.25,17584.25,1165.0,1.112,tp,1296.0,3.0,296.5,0.255,0.686,2.0,2025-04-04
41,bullish,2025-06,21348.5,21276.75,71.75,2.0,2025-06-02,21163.0,21576.75,21494.75,21163.0,21710.0,331.75,0.649,tp,215.25,3.0,96.5,0.291,1.345,1.0,2025-06-03
42,bullish,2025-07,22915.0,22593.75,321.25,3.0,2025-07-03,22827.0,23101.25,23034.75,22827.0,23998.5,207.75,4.639,sl,-207.75,-0.647,254.5,1.225,0.792,3.0,2025-07-07
43,bullish,2025-08,23343.0,22788.25,554.75,5.0,2025-08-06,23049.0,23480.0,23451.5,23049.0,25115.75,402.5,4.135,sl,-402.5,-0.726,416.25,1.034,0.75,12.0,2025-08-20
44,bullish,2025-10,25037.0,24633.75,403.25,2.0,2025-10-02,24993.75,25180.0,25124.25,24993.75,26334.0,130.5,9.27,sl,-130.5,-0.324,201.25,1.542,0.499,1.0,2025-10-03
46,bearish,2026-03,24816.25,24631.0,185.25,7.0,2026-03-08,24167.0,24500.0,24214.5,24500.0,23658.75,285.5,1.947,open_eom,0.0,0.0,0.0,0.0,0.0,,
