fill_id,broker_order_id,intent_id,strategy_id,trade_id,instrument,account_mode,side,quantity,price,ts,reason
fill_97b6f4d12d3b,ord_0c7a55212ada,intent_016f37d4b815,nq_atr_sizing_weekly_2init_2add_5max_intv2,nq_atr_sizing_weekly_2init_2add_5max_intv2_20111028_001,NQ,paper,buy,2,2398.0,2011-10-30,entry
fill_3c0eb61e6df4,ord_ff034c3e2143,intent_52db469cdb4a,nq_atr_sizing_weekly_2init_2add_5max_intv2,nq_atr_sizing_weekly_2init_2add_5max_intv2_20111028_001,NQ,paper,buy,2,2460.25,2012-01-29,entry
fill_365a1d7d0e69,ord_286ad73f6d75,intent_b0ee1f0962b1,nq_atr_sizing_weekly_2init_2add_5max_intv2,nq_atr_sizing_weekly_2init_2add_5max_intv2_20111028_001,NQ,paper,buy,1,2557.0,2012-02-12,entry
fill_aa3abbe60c0f,ord_98e23c601e5d,intent_fe693bf8fe70,nq_atr_sizing_weekly_2init_2add_5max_intv2,nq_atr_sizing_weekly_2init_2add_5max_intv2_20111028_001,NQ,paper,sell,5,2472.25,2012-05-20,close
fill_3be264b90391,ord_0fb266bc808d,intent_fa1a37614737,nq_atr_sizing_weekly_2init_2add_5max_intv2,nq_atr_sizing_weekly_2init_2add_5max_intv2_20120817_002,NQ,paper,buy,2,2775.0,2012-08-19,entry
fill_2e2b63073e5e,ord_28fa6143c2b3,intent_2922c2032ffe,nq_atr_sizing_weekly_2init_2add_5max_intv2,nq_atr_sizing_weekly_2init_2add_5max_intv2_20120817_002,NQ,paper,sell,2,2770.75,2012-08-22,close
fill_84a64468c52d,ord_554e9c6c1702,intent_5e57de08a209,nq_atr_sizing_weekly_2init_2add_5max_intv2,nq_atr_sizing_weekly_2init_2add_5max_intv2_20120822_003,NQ,paper,buy,2,2784.0,2012-08-23,entry
fill_4cfbde73c3fd,ord_23a468aa3d8a,intent_47f4d6e37a3d,nq_atr_sizing_weekly_2init_2add_5max_intv2,nq_atr_sizing_weekly_2init_2add_5max_intv2_20120822_003,NQ,paper,sell,2,2762.0,2012-08-24,close
fill_d787d0aa04bf,ord_512c9e9a667f,intent_c2de541fa796,nq_atr_sizing_weekly_2init_2add_5max_intv2,nq_atr_sizing_weekly_2init_2add_5max_intv2_20120824_004,NQ,paper,buy,2,2784.25,2012-08-26,entry
fill_af19d77f35c7,ord_db4d74588393,intent_362ab071fa24,nq_atr_sizing_weekly_2init_2add_5max_intv2,nq_atr_sizing_weekly_2init_2add_5max_intv2_20120824_004,NQ,paper,sell,2,2753.0,2012-08-31,close
fill_e8ff1b18f195,ord_fb692ea08be6,intent_9e09649f4d64,nq_atr_sizing_weekly_2init_2add_5max_intv2,nq_atr_sizing_weekly_2init_2add_5max_intv2_20120903_005,NQ,paper,buy,2,2777.25,2012-09-04,entry
fill_daade7392795,ord_511ccd4b219c,intent_ab6372fcc2a2,nq_atr_sizing_weekly_2init_2add_5max_intv2,nq_atr_sizing_weekly_2init_2add_5max_intv2_20120903_005,NQ,paper,sell,2,2770.0,2012-09-05,close
fill_9780cd9bdb10,ord_dad53caf2116,intent_445a8211e241,nq_atr_sizing_weekly_2init_2add_5max_intv2,nq_atr_sizing_weekly_2init_2add_5max_intv2_20120906_006,NQ,paper,buy,2,2826.5,2012-09-07,entry
fill_6436a41827c1,ord_7248f9b489b9,intent_6d7b0f823b4f,nq_atr_sizing_weekly_2init_2add_5max_intv2,nq_atr_sizing_weekly_2init_2add_5max_intv2_20120906_006,NQ,paper,buy,2,2852.5,2012-09-16,entry
fill_d11c1310b0ec,ord_1a54ed293707,intent_21c2add76d5c,nq_atr_sizing_weekly_2init_2add_5max_intv2,nq_atr_sizing_weekly_2init_2add_5max_intv2_20120906_006,NQ,paper,buy,1,2789.25,2012-09-30,entry
fill_5e6972813828,ord_4f299eecedd5,intent_ec9e13cc132b,nq_atr_sizing_weekly_2init_2add_5max_intv2,nq_atr_sizing_weekly_2init_2add_5max_intv2_20120906_006,NQ,paper,sell,5,2728.5,2012-10-10,close
fill_b9204d3cd76e,ord_f6102f08d775,intent_13f139a58d71,nq_atr_sizing_weekly_2init_2add_5max_intv2,nq_atr_sizing_weekly_2init_2add_5max_intv2_20130412_007,NQ,paper,buy,2,2846.75,2013-04-14,entry
fill_d7aca5d2b8f4,ord_6cd2989b3cb2,intent_2555d52ad207,nq_atr_sizing_weekly_2init_2add_5max_intv2,nq_atr_sizing_weekly_2init_2add_5max_intv2_20130412_007,NQ,paper,sell,2,2794.25,2013-04-16,close
fill_6b469a13ed8f,ord_08c83713cf22,intent_fe34633cfbaf,nq_atr_sizing_weekly_2init_2add_5max_intv2,nq_atr_sizing_weekly_2init_2add_5max_intv2_20130429_008,NQ,paper,buy,2,2858.25,2013-04-30,entry
fill_e46ed4391c5d,ord_eb7b4104ac64,intent_c1627c9e9a0d,nq_atr_sizing_weekly_2init_2add_5max_intv2,nq_atr_sizing_weekly_2init_2add_5max_intv2_20130429_008,NQ,paper,buy,2,2972.5,2013-05-12,entry
fill_34dc6c17586d,ord_751f7b8a354c,intent_1fab3d8684ec,nq_atr_sizing_weekly_2init_2add_5max_intv2,nq_atr_sizing_weekly_2init_2add_5max_intv2_20130429_008,NQ,paper,buy,1,3000.5,2013-05-27,entry
fill_54a6bc084157,ord_fd706674f123,intent_078d62903766,nq_atr_sizing_weekly_2init_2add_5max_intv2,nq_atr_sizing_weekly_2init_2add_5max_intv2_20130429_008,NQ,paper,sell,5,3811.5,2014-10-19,close
fill_3efa4c0a39b9,ord_19e5b6777590,intent_cd79f34d78f6,nq_atr_sizing_weekly_2init_2add_5max_intv2,nq_atr_sizing_weekly_2init_2add_5max_intv2_20151106_009,NQ,paper,buy,2,4701.5,2015-11-08,entry
fill_430d7fdd1189,ord_fe2202007681,intent_26f21a508107,nq_atr_sizing_weekly_2init_2add_5max_intv2,nq_atr_sizing_weekly_2init_2add_5max_intv2_20151106_009,NQ,paper,sell,2,4647.0,2015-11-10,close
fill_794632636cf1,ord_c57119150dbe,intent_1afff40cd26b,nq_atr_sizing_weekly_2init_2add_5max_intv2,nq_atr_sizing_weekly_2init_2add_5max_intv2_20151201_010,NQ,paper,buy,2,4713.0,2015-12-02,entry
fill_1dce8b980f65,ord_db4133d381b3,intent_12be0821e2fd,nq_atr_sizing_weekly_2init_2add_5max_intv2,nq_atr_sizing_weekly_2init_2add_5max_intv2_20151201_010,NQ,paper,sell,2,4696.0,2015-12-03,close
fill_2b471e922078,ord_e3af8d438d07,intent_dc9702e75420,nq_atr_sizing_weekly_2init_2add_5max_intv2,nq_atr_sizing_weekly_2init_2add_5max_intv2_20151204_011,NQ,paper,buy,2,4721.5,2015-12-06,entry
fill_5d9ba835b794,ord_b6b80be73204,intent_e65045ab445f,nq_atr_sizing_weekly_2init_2add_5max_intv2,nq_atr_sizing_weekly_2init_2add_5max_intv2_20151204_011,NQ,paper,sell,2,4695.75,2015-12-08,close
fill_c54085aa735e,ord_7e7467dac878,intent_10ea95aa373b,nq_atr_sizing_weekly_2init_2add_5max_intv2,nq_atr_sizing_weekly_2init_2add_5max_intv2_20160715_012,NQ,paper,buy,2,4580.25,2016-07-17,entry
fill_06629db76e05,ord_d03d5723dec9,intent_6ab0b8b63376,nq_atr_sizing_weekly_2init_2add_5max_intv2,nq_atr_sizing_weekly_2init_2add_5max_intv2_20160715_012,NQ,paper,buy,2,4737.75,2016-07-31,entry
fill_b0ffa2c2ef88,ord_bfcebda8eb46,intent_e8db422b34a7,nq_atr_sizing_weekly_2init_2add_5max_intv2,nq_atr_sizing_weekly_2init_2add_5max_intv2_20160715_012,NQ,paper,buy,1,4807.0,2016-08-14,entry
fill_9b1ca7e4e9d3,ord_82a77a0b4a0c,intent_9dcb2044300f,nq_atr_sizing_weekly_2init_2add_5max_intv2,nq_atr_sizing_weekly_2init_2add_5max_intv2_20160715_012,NQ,paper,sell,5,6434.25,2018-02-11,close
fill_91aa89310ff0,ord_42c4db9a7dcb,intent_f26e40ec49fc,nq_atr_sizing_weekly_2init_2add_5max_intv2,nq_atr_sizing_weekly_2init_2add_5max_intv2_20180309_013,NQ,paper,buy,2,7133.0,2018-03-11,entry
fill_7a66ce281083,ord_a6f2ee6b1a16,intent_038309110bdc,nq_atr_sizing_weekly_2init_2add_5max_intv2,nq_atr_sizing_weekly_2init_2add_5max_intv2_20180309_013,NQ,paper,sell,2,7064.25,2018-03-14,close
fill_3ea7503de921,ord_e1556f42bb24,intent_3ec3f8d605bb,nq_atr_sizing_weekly_2init_2add_5max_intv2,nq_atr_sizing_weekly_2init_2add_5max_intv2_20180604_014,NQ,paper,buy,2,7148.0,2018-06-05,entry
fill_e12cf1d64cba,ord_5444c9e1148d,intent_eb6d5c10b9e6,nq_atr_sizing_weekly_2init_2add_5max_intv2,nq_atr_sizing_weekly_2init_2add_5max_intv2_20180604_014,NQ,paper,buy,2,7276.25,2018-06-17,entry
fill_4b8e1b5a2830,ord_7ddfeb77c3c2,intent_05c6ed63cf1a,nq_atr_sizing_weekly_2init_2add_5max_intv2,nq_atr_sizing_weekly_2init_2add_5max_intv2_20180604_014,NQ,paper,sell,4,7062.25,2018-06-26,close
fill_ca99661ae2a4,ord_b47088ec9714,intent_b6885a6ba80a,nq_atr_sizing_weekly_2init_2add_5max_intv2,nq_atr_sizing_weekly_2init_2add_5max_intv2_20180706_015,NQ,paper,buy,2,7232.75,2018-07-08,entry
fill_985e95b4b046,ord_53e1a7864258,intent_837ffb944292,nq_atr_sizing_weekly_2init_2add_5max_intv2,nq_atr_sizing_weekly_2init_2add_5max_intv2_20180706_015,NQ,paper,buy,2,7368.25,2018-07-22,entry
fill_765d8cb9daa0,ord_e53e0a2fc75a,intent_3b98382b1cc1,nq_atr_sizing_weekly_2init_2add_5max_intv2,nq_atr_sizing_weekly_2init_2add_5max_intv2_20180706_015,NQ,paper,buy,1,7404.5,2018-08-05,entry
fill_db42bea5d3f5,ord_dd0df71ab8b7,intent_96816ff44e00,nq_atr_sizing_weekly_2init_2add_5max_intv2,nq_atr_sizing_weekly_2init_2add_5max_intv2_20180706_015,NQ,paper,sell,5,7014.75,2018-10-11,close
fill_f00e9d6316ec,ord_497393eb435d,intent_ac6a722cc3ac,nq_atr_sizing_weekly_2init_2add_5max_intv2,nq_atr_sizing_weekly_2init_2add_5max_intv2_20181012_016,NQ,paper,buy,2,7177.0,2018-10-14,entry
fill_fe32908db4af,ord_55cb9cfb3109,intent_d3d05d9fb4c0,nq_atr_sizing_weekly_2init_2add_5max_intv2,nq_atr_sizing_weekly_2init_2add_5max_intv2_20181012_016,NQ,paper,sell,2,7099.75,2018-10-16,close
fill_87cb17c47244,ord_929422883b64,intent_8b6b117abe82,nq_atr_sizing_weekly_2init_2add_5max_intv2,nq_atr_sizing_weekly_2init_2add_5max_intv2_20181016_017,NQ,paper,buy,2,7346.25,2018-10-17,entry
fill_a6841f7b0725,ord_9481fbe8a99a,intent_a2a9a71f9073,nq_atr_sizing_weekly_2init_2add_5max_intv2,nq_atr_sizing_weekly_2init_2add_5max_intv2_20181016_017,NQ,paper,sell,2,7085.5,2018-10-21,close
fill_aee2568f7062,ord_e27ffa5e9bda,intent_b20b50ccf5f1,nq_atr_sizing_weekly_2init_2add_5max_intv2,nq_atr_sizing_weekly_2init_2add_5max_intv2_20181022_018,NQ,paper,buy,2,7140.5,2018-10-23,entry
fill_0979205c66ec,ord_a4988e7752b3,intent_4bb525b788f4,nq_atr_sizing_weekly_2init_2add_5max_intv2,nq_atr_sizing_weekly_2init_2add_5max_intv2_20181022_018,NQ,paper,sell,2,6833.0,2018-10-25,close
fill_3c1bbb17ecc1,ord_7edd12b3a0a1,intent_ff9d8a28375f,nq_atr_sizing_weekly_2init_2add_5max_intv2,nq_atr_sizing_weekly_2init_2add_5max_intv2_20190315_019,NQ,paper,buy,2,7338.25,2019-03-17,entry
fill_e62577d140d8,ord_14865fb1dde5,intent_d4d74844258a,nq_atr_sizing_weekly_2init_2add_5max_intv2,nq_atr_sizing_weekly_2init_2add_5max_intv2_20190315_019,NQ,paper,sell,2,7319.75,2019-03-28,close
fill_2235dafc15fa,ord_e28b3fae4ac2,intent_639520fd6b79,nq_atr_sizing_weekly_2init_2add_5max_intv2,nq_atr_sizing_weekly_2init_2add_5max_intv2_20190328_020,NQ,paper,buy,2,7372.0,2019-03-29,entry
fill_87494eef0e1a,ord_ebd30be31b69,intent_c37d7b420604,nq_atr_sizing_weekly_2init_2add_5max_intv2,nq_atr_sizing_weekly_2init_2add_5max_intv2_20190328_020,NQ,paper,buy,2,7608.0,2019-04-07,entry
fill_0ee9d203cb1d,ord_c07586dde9c2,intent_4397cf292384,nq_atr_sizing_weekly_2init_2add_5max_intv2,nq_atr_sizing_weekly_2init_2add_5max_intv2_20190328_020,NQ,paper,buy,1,7837.5,2019-04-28,entry
fill_7c5c74c3101c,ord_98ef55266c58,intent_9f1e3e9d895a,nq_atr_sizing_weekly_2init_2add_5max_intv2,nq_atr_sizing_weekly_2init_2add_5max_intv2_20190328_020,NQ,paper,sell,5,7306.5,2019-05-14,close
fill_6d5a53864635,ord_5ac2ba2eb756,intent_683f742be18a,nq_atr_sizing_weekly_2init_2add_5max_intv2,nq_atr_sizing_weekly_2init_2add_5max_intv2_20190514_021,NQ,paper,buy,2,7433.0,2019-05-15,entry
fill_45eb20f4c0ae,ord_4f596673c338,intent_47b81fd540fa,nq_atr_sizing_weekly_2init_2add_5max_intv2,nq_atr_sizing_weekly_2init_2add_5max_intv2_20190514_021,NQ,paper,sell,2,7324.75,2019-05-24,close
fill_11a5267744be,ord_26dd9bd376ab,intent_dbd52b5318ec,nq_atr_sizing_weekly_2init_2add_5max_intv2,nq_atr_sizing_weekly_2init_2add_5max_intv2_20190607_022,NQ,paper,buy,2,7469.25,2019-06-09,entry
fill_0b7743a3c7cd,ord_9052d7bebdf5,intent_386aa0621e4d,nq_atr_sizing_weekly_2init_2add_5max_intv2,nq_atr_sizing_weekly_2init_2add_5max_intv2_20190607_022,NQ,paper,buy,2,7744.75,2019-06-23,entry
fill_d0b2afc1708b,ord_cf00fda01465,intent_51ebe0f03d86,nq_atr_sizing_weekly_2init_2add_5max_intv2,nq_atr_sizing_weekly_2init_2add_5max_intv2_20190607_022,NQ,paper,buy,1,7855.25,2019-07-07,entry
fill_952f0e86902b,ord_96d25162e2fc,intent_ebf34d18ea37,nq_atr_sizing_weekly_2init_2add_5max_intv2,nq_atr_sizing_weekly_2init_2add_5max_intv2_20190607_022,NQ,paper,sell,5,7244.0,2019-08-06,close
fill_cf9197c29d66,ord_02e7ac0778e7,intent_6ad9584e1fc7,nq_atr_sizing_weekly_2init_2add_5max_intv2,nq_atr_sizing_weekly_2init_2add_5max_intv2_20190806_023,NQ,paper,buy,2,7502.0,2019-08-07,entry
fill_f7ec97c00a6d,ord_c3201b326fa7,intent_6e1da486f3de,nq_atr_sizing_weekly_2init_2add_5max_intv2,nq_atr_sizing_weekly_2init_2add_5max_intv2_20190806_023,NQ,paper,buy,2,7617.5,2019-08-18,entry
fill_4ecff0810dd2,ord_ed1f5dc6a363,intent_ad32711a484d,nq_atr_sizing_weekly_2init_2add_5max_intv2,nq_atr_sizing_weekly_2init_2add_5max_intv2_20190806_023,NQ,paper,buy,1,7628.5,2019-09-01,entry
fill_b7a02dc8c158,ord_fe38960608b6,intent_44187adf80f8,nq_atr_sizing_weekly_2init_2add_5max_intv2,nq_atr_sizing_weekly_2init_2add_5max_intv2_20190806_023,NQ,paper,sell,5,8349.0,2020-03-01,close
fill_2a2c7e23409c,ord_026498932817,intent_df4ee52ef128,nq_atr_sizing_weekly_2init_2add_5max_intv2,nq_atr_sizing_weekly_2init_2add_5max_intv2_20200417_024,NQ,paper,buy,2,8799.75,2020-04-19,entry
fill_c8b3499486b8,ord_e08c12153bfd,intent_bc6c265e3aca,nq_atr_sizing_weekly_2init_2add_5max_intv2,nq_atr_sizing_weekly_2init_2add_5max_intv2_20200417_024,NQ,paper,sell,2,8730.25,2020-04-21,close
fill_65af987333d2,ord_ce61ac2eeb29,intent_61535f86a36b,nq_atr_sizing_weekly_2init_2add_5max_intv2,nq_atr_sizing_weekly_2init_2add_5max_intv2_20200427_025,NQ,paper,buy,2,8823.25,2020-04-28,entry
fill_2a36914761f4,ord_492b0fc590ae,intent_b2bacc10396a,nq_atr_sizing_weekly_2init_2add_5max_intv2,nq_atr_sizing_weekly_2init_2add_5max_intv2_20200427_025,NQ,paper,sell,2,8768.25,2020-04-29,close
fill_d04eb975711f,ord_5b33ae734f59,intent_2c23b2e8b160,nq_atr_sizing_weekly_2init_2add_5max_intv2,nq_atr_sizing_weekly_2init_2add_5max_intv2_20200429_026,NQ,paper,buy,2,9090.75,2020-04-30,entry
fill_a1d133b23a06,ord_154b82c686fe,intent_086127c775de,nq_atr_sizing_weekly_2init_2add_5max_intv2,nq_atr_sizing_weekly_2init_2add_5max_intv2_20200429_026,NQ,paper,sell,2,8623.75,2020-05-03,close
fill_76e53a404b37,ord_01da3b8383a5,intent_e6cc7e0f8aa1,nq_atr_sizing_weekly_2init_2add_5max_intv2,nq_atr_sizing_weekly_2init_2add_5max_intv2_20200504_027,NQ,paper,buy,2,8824.0,2020-05-05,entry
fill_ac2b0b76e28e,ord_87094ab7d051,intent_4531fb818211,nq_atr_sizing_weekly_2init_2add_5max_intv2,nq_atr_sizing_weekly_2init_2add_5max_intv2_20200504_027,NQ,paper,buy,2,9135.25,2020-05-17,entry
fill_80d48b9bb024,ord_3e96db748655,intent_1aa4641a30c1,nq_atr_sizing_weekly_2init_2add_5max_intv2,nq_atr_sizing_weekly_2init_2add_5max_intv2_20200504_027,NQ,paper,buy,1,9513.25,2020-05-31,entry
fill_670f73569182,ord_e2e415b3113e,intent_143f37c7bad9,nq_atr_sizing_weekly_2init_2add_5max_intv2,nq_atr_sizing_weekly_2init_2add_5max_intv2_20200504_027,NQ,paper,sell,5,14409.75,2022-01-23,close
fill_1a2d4eee2dcb,ord_7a80296584da,intent_0f0095562588,nq_atr_sizing_weekly_2init_2add_5max_intv2,nq_atr_sizing_weekly_2init_2add_5max_intv2_20230331_028,NQ,paper,buy,2,13262.25,2023-04-02,entry
fill_e5d4454f4b87,ord_5c4d204bf039,intent_cb28226225f2,nq_atr_sizing_weekly_2init_2add_5max_intv2,nq_atr_sizing_weekly_2init_2add_5max_intv2_20230331_028,NQ,paper,sell,2,13247.5,2023-04-04,close
fill_d0b961b8921b,ord_3c4d083c7f24,intent_22891fca63c4,nq_atr_sizing_weekly_2init_2add_5max_intv2,nq_atr_sizing_weekly_2init_2add_5max_intv2_20230428_029,NQ,paper,buy,2,13317.25,2023-04-30,entry
fill_28dfa29f23bc,ord_4b23ed947382,intent_a30c6185afcf,nq_atr_sizing_weekly_2init_2add_5max_intv2,nq_atr_sizing_weekly_2init_2add_5max_intv2_20230428_029,NQ,paper,sell,2,13181.75,2023-05-03,close
fill_ca7342a033ab,ord_af2b7d31956e,intent_ce42a63e0a50,nq_atr_sizing_weekly_2init_2add_5max_intv2,nq_atr_sizing_weekly_2init_2add_5max_intv2_20230505_030,NQ,paper,buy,2,13316.25,2023-05-07,entry
fill_a0f9f1ef8194,ord_c6c327ce8d77,intent_be0ea171a048,nq_atr_sizing_weekly_2init_2add_5max_intv2,nq_atr_sizing_weekly_2init_2add_5max_intv2_20230505_030,NQ,paper,buy,2,13805.75,2023-05-21,entry
fill_4f3acde403c1,ord_8b2fbd4a80b0,intent_e633b9b2e873,nq_atr_sizing_weekly_2init_2add_5max_intv2,nq_atr_sizing_weekly_2init_2add_5max_intv2_20230505_030,NQ,paper,buy,1,14577.25,2023-06-04,entry
fill_66ad6a27627a,ord_cf5b68cfc320,intent_2f3ee4eaefe7,nq_atr_sizing_weekly_2init_2add_5max_intv2,nq_atr_sizing_weekly_2init_2add_5max_intv2_20230505_030,NQ,paper,sell,5,18389.75,2024-08-04,close
fill_33e3b70e685c,ord_e6314c97bf12,intent_db697e4de444,nq_atr_sizing_weekly_2init_2add_5max_intv2,nq_atr_sizing_weekly_2init_2add_5max_intv2_20241011_031,NQ,paper,buy,2,20432.75,2024-10-13,entry
fill_0acd9638c7d3,ord_9b1e479f8518,intent_0bbb7bb6a604,nq_atr_sizing_weekly_2init_2add_5max_intv2,nq_atr_sizing_weekly_2init_2add_5max_intv2_20241011_031,NQ,paper,sell,2,20351.75,2024-10-16,close
fill_5a0f0c712aec,ord_c1c40917e25e,intent_a36b5b7c5148,nq_atr_sizing_weekly_2init_2add_5max_intv2,nq_atr_sizing_weekly_2init_2add_5max_intv2_20241018_032,NQ,paper,buy,2,20496.5,2024-10-20,entry
fill_671b4ee4e38f,ord_24307e84efb2,intent_2291292aeed3,nq_atr_sizing_weekly_2init_2add_5max_intv2,nq_atr_sizing_weekly_2init_2add_5max_intv2_20241018_032,NQ,paper,sell,2,20290.0,2024-10-24,close
fill_c8a985fac097,ord_e624f173d007,intent_a1b11b346a08,nq_atr_sizing_weekly_2init_2add_5max_intv2,nq_atr_sizing_weekly_2init_2add_5max_intv2_20241025_033,NQ,paper,buy,2,20525.75,2024-10-27,entry
fill_94c62edc7f79,ord_1b5cf07220e8,intent_1b842fe84dfa,nq_atr_sizing_weekly_2init_2add_5max_intv2,nq_atr_sizing_weekly_2init_2add_5max_intv2_20241025_033,NQ,paper,sell,2,20424.75,2024-10-31,close
fill_4b1f88ebb887,ord_4adfdea52c53,intent_04aa01aeede1,nq_atr_sizing_weekly_2init_2add_5max_intv2,nq_atr_sizing_weekly_2init_2add_5max_intv2_20241106_034,NQ,paper,buy,2,20891.75,2024-11-07,entry
fill_acdd80dcf1d4,ord_c81bac5a8df8,intent_a223876a130b,nq_atr_sizing_weekly_2init_2add_5max_intv2,nq_atr_sizing_weekly_2init_2add_5max_intv2_20241106_034,NQ,paper,buy,2,20504.25,2024-11-17,entry
fill_fa86d7121118,ord_d4be4f48bf93,intent_fa52da0c92c9,nq_atr_sizing_weekly_2init_2add_5max_intv2,nq_atr_sizing_weekly_2init_2add_5max_intv2_20241106_034,NQ,paper,buy,1,20995.5,2024-12-01,entry
fill_44c82fce7f58,ord_beee6fbd429f,intent_062b4076b7be,nq_atr_sizing_weekly_2init_2add_5max_intv2,nq_atr_sizing_weekly_2init_2add_5max_intv2_20241106_034,NQ,paper,sell,5,20187.25,2025-03-07,close
fill_ca13057092c0,ord_09a8e95ab85a,intent_44e565cf2a7a,nq_atr_sizing_weekly_2init_2add_5max_intv2,nq_atr_sizing_weekly_2init_2add_5max_intv2_20250325_035,NQ,paper,buy,2,20524.25,2025-03-26,entry
fill_a0a521b06c8a,ord_78c488294a88,intent_d49aaab289a3,nq_atr_sizing_weekly_2init_2add_5max_intv2,nq_atr_sizing_weekly_2init_2add_5max_intv2_20250325_035,NQ,paper,sell,2,20059.25,2025-03-27,close
fill_a5fb2b98a18f,ord_c0862181861e,intent_84bbeba01e12,nq_atr_sizing_weekly_2init_2add_5max_intv2,nq_atr_sizing_weekly_2init_2add_5max_intv2_20250606_036,NQ,paper,buy,2,21799.5,2025-06-08,entry
fill_b9fb4dac4045,ord_1fac36226e0f,intent_c430b8d6801f,nq_atr_sizing_weekly_2init_2add_5max_intv2,nq_atr_sizing_weekly_2init_2add_5max_intv2_20250606_036,NQ,paper,sell,2,21785.75,2025-06-13,close
fill_5e82cb980c79,ord_86e3ea3a2fe1,intent_4765eaba837b,nq_atr_sizing_weekly_2init_2add_5max_intv2,nq_atr_sizing_weekly_2init_2add_5max_intv2_20250616_037,NQ,paper,buy,2,22017.25,2025-06-17,entry
fill_293402c287f5,ord_f6ad0fe3a663,intent_bf6020fc4897,nq_atr_sizing_weekly_2init_2add_5max_intv2,nq_atr_sizing_weekly_2init_2add_5max_intv2_20250616_037,NQ,paper,sell,2,21760.75,2025-06-23,close
fill_02bff9fe834b,ord_a69552e226e6,intent_ad947704d3e2,nq_atr_sizing_weekly_2init_2add_5max_intv2,nq_atr_sizing_weekly_2init_2add_5max_intv2_20250623_038,NQ,paper,buy,2,22237.5,2025-06-24,entry
fill_2489d9b96746,ord_6ad2650274c8,intent_36518ee7e91c,nq_atr_sizing_weekly_2init_2add_5max_intv2,nq_atr_sizing_weekly_2init_2add_5max_intv2_20250623_038,NQ,paper,buy,2,22970.25,2025-07-06,entry
fill_6050716ade1c,ord_6b33de709dda,intent_cc1e4e7f48ec,nq_atr_sizing_weekly_2init_2add_5max_intv2,nq_atr_sizing_weekly_2init_2add_5max_intv2_20250623_038,NQ,paper,buy,1,23232.75,2025-07-20,entry
