session,direction,hit_ts,swing_confirm_ts,skipped,setup_id,csv_hit
2019-05-07,bullish,,,no_intraday_hit,1,False
2019-05-08,bearish,,,no_intraday_hit,2,False
2019-05-10,bearish,2019-05-10 10:38:00-04:00,2019-05-10 10:45:00-04:00,ok,3,True
2019-05-14,bearish,,,no_intraday_hit,4,False
2019-05-16,bullish,2019-05-16 06:09:00-04:00,2019-05-16 06:45:00-04:00,no_orb_fade_fill,5,True
2019-05-17,bullish,,,no_intraday_hit,6,False
2019-05-21,bearish,,,no_intraday_hit,7,False
2019-05-24,bearish,,,no_intraday_hit,8,False
2019-05-29,bearish,2019-05-29 00:00:00-04:00,2019-05-29 01:00:00-04:00,ok,9,True
2019-05-30,bearish,,,no_intraday_hit,10,True
2019-06-03,bearish,2019-06-03 00:52:00-04:00,2019-06-03 01:00:00-04:00,no_orb_fade_fill,12,True
2019-06-04,bearish,,,no_intraday_hit,13,False
2019-06-05,bullish,2019-06-05 03:50:00-04:00,2019-06-05 04:00:00-04:00,ok,14,True
2019-06-06,bullish,2019-06-06 03:30:00-04:00,2019-06-06 04:00:00-04:00,ok,15,True
2019-06-07,bullish,2019-06-07 04:08:00-04:00,2019-06-07 04:15:00-04:00,no_orb_fade_fill,16,True
2019-06-10,bullish,2019-06-10 09:32:00-04:00,2019-06-10 12:00:00-04:00,no_orb_fade_fill,18,True
2019-06-11,bullish,2019-06-11 08:33:00-04:00,2019-06-11 08:45:00-04:00,ok,19,True
2019-06-13,bearish,2019-06-13 00:00:00-04:00,2019-06-13 00:30:00-04:00,ok,20,True
2019-06-17,bullish,2019-06-17 00:01:00-04:00,2019-06-17 01:15:00-04:00,no_orb_fade_fill,21,True
2019-06-18,bullish,2019-06-18 04:16:00-04:00,2019-06-18 04:45:00-04:00,no_orb_fade_fill,22,True
2019-06-19,bullish,,,no_intraday_hit,23,True
2019-06-20,bullish,2019-06-20 00:00:00-04:00,2019-06-20 01:00:00-04:00,ok,24,True
2019-06-21,bullish,,,no_intraday_hit,25,False
2019-06-26,bearish,,,no_intraday_hit,26,False
2019-07-01,bullish,2019-07-01 02:18:00-04:00,2019-07-01 02:30:00-04:00,ok,28,True
2019-07-04,bullish,2019-07-04 10:54:00-04:00,2019-07-04 11:30:00-04:00,no_orb_fade_fill,29,True
2019-07-05,bullish,,,no_intraday_hit,30,False
2019-07-09,bearish,2019-07-09 00:00:00-04:00,2019-07-09 01:30:00-04:00,ok,32,True
2019-07-10,bullish,2019-07-10 08:30:00-04:00,2019-07-10 09:00:00-04:00,ok,33,True
2019-07-11,bullish,2019-07-11 00:00:00-04:00,2019-07-11 00:45:00-04:00,ok,34,True
2019-07-16,bullish,2019-07-16 00:03:00-04:00,2019-07-16 02:00:00-04:00,ok,35,True
2019-07-18,bearish,2019-07-18 00:00:00-04:00,2019-07-18 01:45:00-04:00,ok,36,True
2019-07-23,bullish,2019-07-23 02:56:00-04:00,2019-07-23 03:15:00-04:00,ok,38,True
2019-07-24,bullish,2019-07-24 10:32:00-04:00,2019-07-24 10:45:00-04:00,no_orb_fade_fill,39,True
2019-07-25,bullish,,,no_intraday_hit,40,False
2019-07-30,bearish,2019-07-30 07:30:00-04:00,2019-07-30 07:45:00-04:00,ok,41,True
2019-08-01,bearish,2019-08-01 14:43:00-04:00,2019-08-01 14:45:00-04:00,no_orb_fade_fill,42,True
2019-08-06,bearish,,,no_intraday_hit,44,False
2019-08-09,bullish,,,no_intraday_hit,45,False
2019-08-13,bearish,2019-08-13 02:42:00-04:00,2019-08-13 02:45:00-04:00,ok,46,True
2019-08-14,bullish,,,no_intraday_hit,47,False
2019-08-15,bearish,2019-08-15 05:44:00-04:00,2019-08-15 06:45:00-04:00,no_orb_fade_fill,48,True
2019-08-19,bullish,2019-08-19 00:01:00-04:00,2019-08-19 02:00:00-04:00,ok,50,True
2019-08-20,bullish,2019-08-20 02:09:00-04:00,2019-08-20 02:15:00-04:00,ok,51,True
2019-08-22,bullish,,,no_intraday_hit,52,False
2019-08-26,bearish,,,no_intraday_hit,54,False
2019-08-27,bullish,2019-08-27 08:26:00-04:00,2019-08-27 08:30:00-04:00,ok,55,True
2019-08-30,bullish,2019-08-30 03:26:00-04:00,2019-08-30 03:30:00-04:00,ok,56,True
2019-09-02,bearish,2019-09-02 11:50:00-04:00,2019-09-02 12:00:00-04:00,no_orb_fade_fill,57,True
2019-09-05,bullish,2019-09-05 00:00:00-04:00,2019-09-05 00:45:00-04:00,no_orb_fade_fill,58,True
2019-09-06,bullish,2019-09-06 05:23:00-04:00,2019-09-06 05:30:00-04:00,ok,59,True
2019-09-10,bearish,2019-09-10 03:40:00-04:00,2019-09-10 04:30:00-04:00,ok,60,True
2019-09-12,bullish,2019-09-12 10:10:00-04:00,2019-09-12 10:15:00-04:00,ok,61,True
2019-09-16,bearish,,,no_intraday_hit,62,True
2019-09-18,bullish,,,no_intraday_hit,63,True
2019-09-25,bearish,2019-09-25 04:47:00-04:00,2019-09-25 05:30:00-04:00,ok,65,True
2019-10-01,bullish,2019-10-01 00:00:00-04:00,2019-10-01 00:45:00-04:00,ok,67,True
2019-10-03,bearish,2019-10-03 10:00:00-04:00,2019-10-03 10:15:00-04:00,ok,68,True
2019-10-09,bearish,,,no_intraday_hit,70,True
2019-10-11,bullish,2019-10-11 04:10:00-04:00,2019-10-11 05:15:00-04:00,ok,71,True
2019-10-16,bullish,,,no_intraday_hit,73,False
2019-10-22,bullish,2019-10-22 00:00:00-04:00,2019-10-22 00:30:00-04:00,ok,75,True
2019-10-23,bearish,2019-10-23 00:00:00-04:00,2019-10-23 07:30:00-04:00,ok,76,True
2019-10-28,bullish,2019-10-28 04:14:00-04:00,2019-10-28 04:15:00-04:00,no_orb_fade_fill,78,True
2019-10-29,bullish,,,no_intraday_hit,79,False
2019-10-31,bullish,,,no_intraday_hit,80,False
2019-11-04,bullish,2019-11-04 00:00:00-05:00,2019-11-04 00:30:00-05:00,ok,82,True
2019-11-05,bullish,2019-11-05 05:14:00-05:00,2019-11-05 05:15:00-05:00,ok,83,True
2019-11-08,bullish,,,no_intraday_hit,84,False
2019-11-12,bearish,,,no_intraday_hit,85,False
2019-11-13,bullish,,,no_intraday_hit,86,False
2019-11-19,bullish,2019-11-19 04:51:00-05:00,2019-11-19 05:00:00-05:00,ok,88,True
2019-11-21,bearish,,,no_intraday_hit,89,False
2019-11-26,bullish,2019-11-26 00:00:00-05:00,2019-11-26 01:15:00-05:00,ok,90,True
2019-11-27,bullish,2019-11-27 04:12:00-05:00,2019-11-27 04:30:00-05:00,no_orb_fade_fill,91,True
2019-11-28,bullish,,,no_intraday_hit,92,False
2019-12-03,bearish,2019-12-03 05:21:00-05:00,2019-12-03 05:45:00-05:00,ok,93,True
2019-12-04,bearish,,,no_intraday_hit,94,False
2019-12-10,bearish,2019-12-10 03:48:00-05:00,2019-12-10 04:00:00-05:00,ok,96,True
2019-12-12,bullish,2019-12-12 01:49:00-05:00,2019-12-12 02:30:00-05:00,no_orb_fade_fill,97,True
2019-12-13,bullish,2019-12-13 00:00:00-05:00,2019-12-13 00:45:00-05:00,no_orb_fade_fill,98,True
2019-12-17,bullish,2019-12-17 00:34:00-05:00,2019-12-17 01:00:00-05:00,ok,100,True
2019-12-20,bullish,2019-12-20 06:13:00-05:00,2019-12-20 06:15:00-05:00,ok,101,True
2019-12-24,bullish,,,no_intraday_hit,103,False
2019-12-27,bullish,2019-12-27 00:00:00-05:00,2019-12-27 01:00:00-05:00,ok,104,True
2019-12-31,bearish,,,no_intraday_hit,105,False
2020-01-02,bullish,2020-01-02 00:00:00-05:00,2020-01-02 01:15:00-05:00,ok,106,True
2020-01-03,bullish,,,no_intraday_hit,107,True
2020-01-07,bullish,2020-01-07 00:00:00-05:00,2020-01-07 01:15:00-05:00,ok,108,True
2020-01-09,bullish,2020-01-09 02:13:00-05:00,2020-01-09 03:00:00-05:00,ok,109,True
2020-01-10,bullish,2020-01-10 00:00:00-05:00,2020-01-10 00:30:00-05:00,ok,110,True
2020-01-14,bullish,,,no_intraday_hit,111,True
2020-01-17,bullish,2020-01-17 03:40:00-05:00,2020-01-17 03:45:00-05:00,ok,112,True
2020-01-24,bullish,2020-01-24 03:07:00-05:00,2020-01-24 04:00:00-05:00,ok,114,True
2020-01-27,bearish,2020-01-27 04:48:00-05:00,2020-01-27 05:30:00-05:00,ok,116,True
2020-01-28,bearish,,,no_intraday_hit,117,False
2020-01-29,bullish,2020-01-29 00:00:00-05:00,2020-01-29 00:45:00-05:00,ok,118,True
2020-01-31,bullish,2020-01-31 00:00:00-05:00,,no_swing_after_hit,119,True
2020-02-04,bullish,2020-02-04 00:00:00-05:00,2020-02-04 01:00:00-05:00,no_orb_fade_fill,120,True
2020-02-05,bullish,2020-02-05 03:34:00-05:00,2020-02-05 05:00:00-05:00,ok,121,True
2020-02-06,bullish,,,no_intraday_hit,122,True
2020-02-07,bullish,,,no_intraday_hit,123,False
2020-02-10,bearish,,,no_intraday_hit,124,False
2020-02-11,bullish,2020-02-11 00:00:00-05:00,2020-02-11 01:00:00-05:00,ok,125,True
2020-02-12,bullish,2020-02-12 11:39:00-05:00,2020-02-12 11:45:00-05:00,no_orb_fade_fill,126,True
2020-02-17,bullish,2020-02-17 00:00:00-05:00,2020-02-17 00:45:00-05:00,ok,127,True
2020-02-18,bearish,2020-02-18 00:00:00-05:00,2020-02-18 00:30:00-05:00,ok,128,True
2020-02-20,bullish,,,no_intraday_hit,129,True
2020-02-21,bearish,2020-02-21 09:47:00-05:00,2020-02-21 10:00:00-05:00,no_orb_fade_fill,130,True
2020-02-24,bearish,2020-02-24 00:02:00-05:00,2020-02-24 01:15:00-05:00,ok,132,True
2020-02-25,bearish,2020-02-25 10:28:00-05:00,2020-02-25 11:30:00-05:00,no_orb_fade_fill,133,True
2020-02-26,bearish,2020-02-26 03:49:00-05:00,2020-02-26 04:15:00-05:00,ok,134,True
2020-02-28,bearish,2020-02-28 00:00:00-05:00,2020-02-28 01:30:00-05:00,no_orb_fade_fill,135,True
2020-03-03,bullish,2020-03-03 03:36:00-05:00,2020-03-03 03:45:00-05:00,ok,137,True
2020-03-09,bearish,2020-03-09 00:00:00-04:00,2020-03-09 09:45:00-04:00,ok,139,True
2020-03-13,bearish,2020-03-13 00:00:00-04:00,,no_swing_after_hit,140,True
2020-03-17,bearish,,,no_intraday_hit,141,False
2020-03-23,bearish,,,no_intraday_hit,142,False
2020-03-24,bullish,2020-03-24 04:06:00-04:00,2020-03-24 04:30:00-04:00,ok,143,True
2020-03-25,bullish,2020-03-25 03:54:00-04:00,2020-03-25 05:30:00-04:00,ok,144,True
2020-03-27,bullish,,,no_intraday_hit,145,False
2020-03-30,bearish,,,no_intraday_hit,146,False
2020-03-31,bullish,2020-03-31 02:30:00-04:00,2020-03-31 03:30:00-04:00,ok,147,True
2020-04-02,bearish,2020-04-02 09:13:00-04:00,2020-04-02 09:15:00-04:00,ok,148,True
2020-04-07,bullish,2020-04-07 02:13:00-04:00,2020-04-07 02:15:00-04:00,ok,149,True
2020-04-14,bullish,2020-04-14 00:00:00-04:00,2020-04-14 00:45:00-04:00,no_orb_fade_fill,150,True
2020-04-15,bullish,,,no_intraday_hit,151,False
2020-04-17,bullish,,,no_intraday_hit,152,False
2020-04-21,bearish,2020-04-21 00:00:00-04:00,2020-04-21 01:15:00-04:00,no_orb_fade_fill,153,True
2020-04-22,bearish,,,no_intraday_hit,154,False
2020-04-28,bullish,2020-04-28 05:20:00-04:00,2020-04-28 05:30:00-04:00,ok,155,True
2020-04-30,bullish,2020-04-30 00:28:00-04:00,2020-04-30 00:45:00-04:00,ok,156,True
2020-05-04,bearish,,,no_intraday_hit,158,True
2020-05-05,bullish,2020-05-05 00:00:00-04:00,2020-05-05 00:30:00-04:00,ok,159,True
2020-05-06,bullish,2020-05-06 09:35:00-04:00,2020-05-06 09:45:00-04:00,ok,160,True
2020-05-08,bullish,2020-05-08 00:00:00-04:00,2020-05-08 00:30:00-04:00,no_orb_fade_fill,161,True
2020-05-11,bullish,2020-05-11 00:00:00-04:00,2020-05-11 03:00:00-04:00,no_orb_fade_fill,163,True
2020-05-12,bullish,2020-05-12 09:31:00-04:00,2020-05-12 09:45:00-04:00,ok,164,True
2020-05-13,bearish,2020-05-13 11:47:00-04:00,2020-05-13 12:30:00-04:00,no_orb_fade_fill,165,True
2020-05-18,bullish,2020-05-18 00:00:00-04:00,2020-05-18 01:00:00-04:00,ok,167,True
2020-05-19,bullish,2020-05-19 02:26:00-04:00,2020-05-19 03:00:00-04:00,ok,168,True
2020-05-21,bullish,2020-05-21 09:42:00-04:00,2020-05-21 09:45:00-04:00,ok,169,True
2020-05-25,bullish,2020-05-25 02:02:00-04:00,2020-05-25 02:30:00-04:00,no_orb_fade_fill,170,True
2020-05-26,bullish,2020-05-26 00:00:00-04:00,2020-05-26 00:45:00-04:00,ok,171,True
2020-05-27,bearish,2020-05-27 09:28:00-04:00,2020-05-27 10:15:00-04:00,ok,172,True
2020-06-02,bullish,2020-06-02 02:29:00-04:00,2020-06-02 02:30:00-04:00,ok,174,True
2020-06-03,bullish,2020-06-03 01:02:00-04:00,2020-06-03 01:15:00-04:00,ok,175,True
2020-06-04,bullish,2020-06-04 09:50:00-04:00,2020-06-04 10:00:00-04:00,ok,176,True
2020-06-05,bearish,,,no_intraday_hit,177,False
2020-06-08,bullish,2020-06-08 15:39:00-04:00,,no_swing_after_hit,179,True
2020-06-09,bullish,2020-06-09 01:50:00-04:00,2020-06-09 02:00:00-04:00,no_orb_fade_fill,180,True
2020-06-10,bullish,2020-06-10 00:00:00-04:00,2020-06-10 01:00:00-04:00,ok,181,True
2020-06-11,bullish,,,no_intraday_hit,182,False
2020-06-12,bearish,2020-06-12 11:19:00-04:00,2020-06-12 11:30:00-04:00,no_orb_fade_fill,183,True
2020-06-16,bullish,2020-06-16 00:00:00-04:00,2020-06-16 00:30:00-04:00,ok,184,True
2020-06-17,bullish,2020-06-17 03:27:00-04:00,2020-06-17 03:45:00-04:00,ok,185,True
2020-06-22,bearish,,,no_intraday_hit,186,False
2020-06-23,bullish,2020-06-23 03:15:00-04:00,2020-06-23 04:15:00-04:00,no_orb_fade_fill,187,True
2020-06-24,bullish,,,no_intraday_hit,188,False
2020-06-30,bullish,2020-06-30 00:00:00-04:00,2020-06-30 01:30:00-04:00,no_orb_fade_fill,190,True
2020-07-01,bullish,2020-07-01 00:00:00-04:00,2020-07-01 03:00:00-04:00,ok,191,True
2020-07-02,bullish,2020-07-02 02:07:00-04:00,2020-07-02 02:15:00-04:00,ok,192,True
2020-07-03,bullish,,,no_intraday_hit,193,False
2020-07-06,bullish,2020-07-06 00:00:00-04:00,2020-07-06 00:45:00-04:00,no_orb_fade_fill,194,True
2020-07-07,bullish,2020-07-07 10:13:00-04:00,2020-07-07 10:45:00-04:00,ok,195,True
2020-07-10,bullish,2020-07-10 13:50:00-04:00,2020-07-10 14:00:00-04:00,no_orb_fade_fill,196,True
2020-07-13,bullish,2020-07-13 02:02:00-04:00,2020-07-13 02:15:00-04:00,ok,198,True
2020-07-14,bearish,2020-07-14 08:51:00-04:00,2020-07-14 09:30:00-04:00,ok,199,True
2020-07-21,bullish,2020-07-21 00:00:00-04:00,2020-07-21 01:00:00-04:00,ok,200,True
2020-07-24,bearish,2020-07-24 00:00:00-04:00,2020-07-24 01:15:00-04:00,ok,201,True
2020-07-28,bullish,2020-07-28 00:33:00-04:00,2020-07-28 01:00:00-04:00,ok,203,True
2020-07-31,bullish,2020-07-31 08:21:00-04:00,2020-07-31 08:30:00-04:00,ok,204,True
2020-08-04,bullish,2020-08-04 02:39:00-04:00,2020-08-04 02:45:00-04:00,ok,205,True
2020-08-05,bullish,2020-08-05 00:00:00-04:00,2020-08-05 01:00:00-04:00,no_orb_fade_fill,206,True
2020-08-07,bullish,,,no_intraday_hit,207,True
2020-08-12,bearish,,,no_intraday_hit,208,False
2020-08-14,bullish,,,no_intraday_hit,209,False
2020-08-18,bullish,2020-08-18 05:13:00-04:00,2020-08-18 05:45:00-04:00,ok,210,True
2020-08-19,bullish,,,no_intraday_hit,211,False
2020-08-21,bullish,2020-08-21 00:00:00-04:00,2020-08-21 01:15:00-04:00,no_orb_fade_fill,212,True
2020-08-24,bullish,2020-08-24 00:00:00-04:00,2020-08-24 00:45:00-04:00,ok,214,True
2020-08-25,bullish,,,no_intraday_hit,215,True
2020-08-26,bullish,2020-08-26 04:20:00-04:00,2020-08-26 04:45:00-04:00,no_orb_fade_fill,216,True
2020-08-27,bullish,2020-08-27 09:16:00-04:00,2020-08-27 09:30:00-04:00,ok,217,True
2020-08-31,bullish,2020-08-31 00:00:00-04:00,2020-08-31 00:30:00-04:00,no_orb_fade_fill,218,True
2020-09-01,bullish,2020-09-01 00:41:00-04:00,2020-09-01 00:45:00-04:00,no_orb_fade_fill,219,True
2020-09-02,bullish,2020-09-02 00:00:00-04:00,2020-09-02 00:30:00-04:00,ok,220,True
2020-09-03,bullish,,,no_intraday_hit,221,False
2020-09-04,bearish,2020-09-04 09:47:00-04:00,2020-09-04 10:45:00-04:00,no_orb_fade_fill,222,True
2020-09-08,bullish,,,no_intraday_hit,224,False
2020-09-09,bearish,,,no_intraday_hit,225,False
2020-09-15,bullish,2020-09-15 05:09:00-04:00,2020-09-15 06:00:00-04:00,ok,227,True
2020-09-16,bullish,2020-09-16 00:00:00-04:00,2020-09-16 02:45:00-04:00,ok,228,True
2020-09-18,bearish,2020-09-18 11:35:00-04:00,2020-09-18 11:45:00-04:00,no_orb_fade_fill,229,True
2020-09-22,bullish,2020-09-22 04:16:00-04:00,2020-09-22 04:30:00-04:00,ok,230,True
2020-09-23,bullish,2020-09-23 04:57:00-04:00,2020-09-23 05:30:00-04:00,ok,231,True
2020-09-24,bearish,2020-09-24 01:01:00-04:00,2020-09-24 01:15:00-04:00,ok,232,True
2020-09-29,bullish,2020-09-29 00:12:00-04:00,2020-09-29 00:30:00-04:00,ok,234,True
2020-10-02,bullish,,,no_intraday_hit,235,False
2020-10-06,bullish,2020-10-06 10:18:00-04:00,2020-10-06 10:30:00-04:00,ok,237,True
2020-10-07,bearish,,,no_intraday_hit,238,False
2020-10-09,bullish,2020-10-09 00:00:00-04:00,2020-10-09 00:45:00-04:00,no_orb_fade_fill,239,True
2020-10-12,bullish,2020-10-12 00:00:00-04:00,2020-10-12 00:45:00-04:00,ok,241,True
2020-10-13,bullish,2020-10-13 05:32:00-04:00,2020-10-13 06:45:00-04:00,ok,242,True
2020-10-15,bearish,2020-10-15 00:00:00-04:00,2020-10-15 02:15:00-04:00,ok,243,True
2020-10-20,bearish,,,no_intraday_hit,244,False
2020-10-27,bearish,,,no_intraday_hit,245,False
2020-10-29,bearish,,,no_intraday_hit,246,False
2020-11-03,bullish,2020-11-03 10:01:00-05:00,2020-11-03 10:30:00-05:00,no_orb_fade_fill,248,True
2020-11-04,bullish,2020-11-04 00:00:00-05:00,2020-11-04 01:45:00-05:00,no_orb_fade_fill,249,True
2020-11-05,bullish,2020-11-05 00:00:00-05:00,2020-11-05 00:30:00-05:00,no_orb_fade_fill,250,True
2020-11-06,bullish,,,no_intraday_hit,251,False
2020-11-09,bullish,2020-11-09 00:00:00-05:00,2020-11-09 00:45:00-05:00,ok,252,True
2020-11-10,bearish,2020-11-10 00:00:00-05:00,2020-11-10 01:00:00-05:00,no_orb_fade_fill,253,True
2020-11-11,bearish,,,no_intraday_hit,254,False
2020-11-12,bullish,2020-11-12 04:46:00-05:00,2020-11-12 05:30:00-05:00,ok,255,True
2020-11-16,bullish,,,no_intraday_hit,256,True
2020-11-19,bearish,2020-11-19 00:00:00-05:00,2020-11-19 00:30:00-05:00,ok,257,True
2020-11-24,bullish,2020-11-24 11:04:00-05:00,2020-11-24 11:30:00-05:00,no_orb_fade_fill,258,True
2020-11-25,bullish,2020-11-25 00:00:00-05:00,2020-11-25 00:45:00-05:00,ok,259,True
2020-11-26,bullish,2020-11-26 00:00:00-05:00,2020-11-26 00:30:00-05:00,ok,260,True
2020-11-30,bullish,,,no_intraday_hit,262,True
2020-12-01,bullish,2020-12-01 00:00:00-05:00,2020-12-01 00:45:00-05:00,no_orb_fade_fill,263,True
2020-12-02,bullish,,,no_intraday_hit,264,False
2020-12-07,bullish,2020-12-07 09:40:00-05:00,2020-12-07 10:30:00-05:00,no_orb_fade_fill,265,True
2020-12-08,bullish,2020-12-08 13:08:00-05:00,2020-12-08 13:45:00-05:00,no_orb_fade_fill,266,True
2020-12-09,bullish,,,no_intraday_hit,267,False
2020-12-10,bearish,2020-12-10 01:44:00-05:00,2020-12-10 01:45:00-05:00,ok,268,True
2020-12-14,bullish,2020-12-14 06:40:00-05:00,2020-12-14 07:00:00-05:00,no_orb_fade_fill,269,True
2020-12-15,bullish,2020-12-15 08:26:00-05:00,2020-12-15 09:45:00-05:00,ok,270,True
2020-12-16,bullish,2020-12-16 00:26:00-05:00,2020-12-16 01:15:00-05:00,no_orb_fade_fill,271,True
2020-12-17,bullish,2020-12-17 00:00:00-05:00,2020-12-17 00:45:00-05:00,ok,272,True
2020-12-18,bullish,2020-12-18 04:09:00-05:00,2020-12-18 04:15:00-05:00,ok,273,True
2020-12-22,bearish,,,no_intraday_hit,274,False
2020-12-28,bullish,2020-12-28 00:00:00-05:00,2020-12-28 00:30:00-05:00,ok,275,True
2020-12-29,bullish,2020-12-29 00:00:00-05:00,2020-12-29 01:00:00-05:00,ok,276,True
2021-01-05,bearish,,,no_intraday_hit,277,False
2021-01-08,bullish,2021-01-08 00:00:00-05:00,2021-01-08 00:45:00-05:00,ok,278,True
2021-01-12,bearish,2021-01-12 08:57:00-05:00,2021-01-12 09:00:00-05:00,no_orb_fade_fill,280,True
2021-01-14,bullish,2021-01-14 09:33:00-05:00,2021-01-14 09:45:00-05:00,ok,281,True
2021-01-19,bullish,2021-01-19 00:00:00-05:00,2021-01-19 00:30:00-05:00,ok,283,True
2021-01-20,bullish,2021-01-20 00:54:00-05:00,2021-01-20 01:00:00-05:00,no_orb_fade_fill,284,True
2021-01-21,bullish,2021-01-21 00:00:00-05:00,2021-01-21 00:30:00-05:00,no_orb_fade_fill,285,True
2021-01-22,bullish,,,no_intraday_hit,286,False
2021-01-25,bullish,2021-01-25 00:00:00-05:00,2021-01-25 00:45:00-05:00,ok,287,True
2021-01-26,bullish,,,no_intraday_hit,288,True
2021-01-27,bullish,,,no_intraday_hit,289,False
2021-01-28,bearish,,,no_intraday_hit,290,False
2021-02-01,bearish,,,no_intraday_hit,292,False
2021-02-02,bullish,2021-02-02 00:00:00-05:00,2021-02-02 01:15:00-05:00,no_orb_fade_fill,293,True
2021-02-03,bullish,2021-02-03 00:00:00-05:00,2021-02-03 00:30:00-05:00,ok,294,True
2021-02-08,bullish,2021-02-08 00:00:00-05:00,2021-02-08 00:30:00-05:00,ok,296,True
2021-02-09,bullish,2021-02-09 09:57:00-05:00,2021-02-09 10:45:00-05:00,no_orb_fade_fill,297,True
2021-02-15,bullish,2021-02-15 00:00:00-05:00,2021-02-15 01:15:00-05:00,no_orb_fade_fill,299,True
2021-02-16,bullish,2021-02-16 00:00:00-05:00,2021-02-16 01:30:00-05:00,ok,300,True
2021-02-17,bearish,2021-02-17 08:26:00-05:00,2021-02-17 09:15:00-05:00,ok,301,True
2021-02-18,bearish,2021-02-18 09:04:00-05:00,2021-02-18 09:15:00-05:00,ok,302,True
2021-02-23,bearish,2021-02-23 03:54:00-05:00,2021-02-23 05:45:00-05:00,ok,303,True
2021-02-24,bearish,,,no_intraday_hit,304,False
2021-02-26,bearish,2021-02-26 00:00:00-05:00,2021-02-26 00:45:00-05:00,ok,305,True
2021-03-02,bullish,,,no_intraday_hit,306,False
2021-03-04,bearish,2021-03-04 00:00:00-05:00,2021-03-04 00:45:00-05:00,ok,307,True
2021-03-05,bearish,2021-03-05 11:07:00-05:00,2021-03-05 11:30:00-05:00,ok,308,True
2021-03-09,bearish,,,no_intraday_hit,309,False
2021-03-10,bullish,2021-03-10 08:34:00-05:00,2021-03-10 08:45:00-05:00,ok,310,True
2021-03-12,bullish,,,no_intraday_hit,311,False
2021-03-16,bullish,2021-03-16 00:00:00-04:00,2021-03-16 01:15:00-04:00,ok,312,True
2021-03-17,bullish,,,no_intraday_hit,313,False
2021-03-19,bearish,2021-03-19 02:01:00-04:00,2021-03-19 02:15:00-04:00,ok,314,True
2021-03-23,bullish,2021-03-23 11:08:00-04:00,2021-03-23 11:30:00-04:00,ok,315,True
2021-03-25,bearish,2021-03-25 07:35:00-04:00,2021-03-25 08:45:00-04:00,ok,316,True
2021-04-01,bullish,2021-04-01 02:32:00-04:00,2021-04-01 02:45:00-04:00,no_orb_fade_fill,318,True
2021-04-02,bullish,2021-04-02 00:00:00-04:00,2021-04-02 00:30:00-04:00,no_orb_fade_fill,319,True
2021-04-06,bullish,2021-04-06 11:10:00-04:00,2021-04-06 11:30:00-04:00,no_orb_fade_fill,320,True
2021-04-09,bullish,2021-04-09 15:30:00-04:00,,no_swing_after_hit,321,True
2021-04-14,bullish,2021-04-14 04:21:00-04:00,2021-04-14 05:15:00-04:00,ok,323,True
2021-04-20,bearish,2021-04-20 06:44:00-04:00,2021-04-20 06:45:00-04:00,ok,324,True
2021-04-21,bearish,2021-04-21 09:39:00-04:00,2021-04-21 09:45:00-04:00,ok,325,True
2021-04-27,bullish,2021-04-27 01:32:00-04:00,2021-04-27 02:00:00-04:00,ok,326,True
2021-05-04,bearish,2021-05-04 00:00:00-04:00,2021-05-04 02:45:00-04:00,no_orb_fade_fill,327,True
2021-05-05,bearish,,,no_intraday_hit,328,False
2021-05-11,bearish,2021-05-11 00:00:00-04:00,2021-05-11 00:30:00-04:00,ok,330,True
2021-05-13,bearish,2021-05-13 03:51:00-04:00,2021-05-13 04:15:00-04:00,ok,331,True
2021-05-18,bearish,,,no_intraday_hit,333,True
2021-05-19,bearish,2021-05-19 00:00:00-04:00,2021-05-19 01:00:00-04:00,ok,334,True
2021-05-21,bullish,2021-05-21 01:08:00-04:00,2021-05-21 01:15:00-04:00,ok,335,True
2021-05-24,bearish,,,no_intraday_hit,336,False
2021-05-25,bullish,2021-05-25 01:34:00-04:00,2021-05-25 01:45:00-04:00,ok,337,True
2021-05-26,bullish,,,no_intraday_hit,338,False
2021-06-01,bearish,2021-06-01 10:15:00-04:00,2021-06-01 10:30:00-04:00,no_orb_fade_fill,339,True
2021-06-02,bearish,,,no_intraday_hit,340,False
2021-06-04,bearish,,,no_intraday_hit,341,False
2021-06-08,bullish,2021-06-08 00:00:00-04:00,2021-06-08 01:15:00-04:00,ok,343,True
2021-06-11,bullish,2021-06-11 06:32:00-04:00,2021-06-11 07:15:00-04:00,ok,344,True
2021-06-14,bullish,2021-06-14 03:03:00-04:00,2021-06-14 03:30:00-04:00,no_orb_fade_fill,346,True
2021-06-15,bullish,2021-06-15 00:00:00-04:00,2021-06-15 01:00:00-04:00,ok,347,True
2021-06-17,bearish,,,no_intraday_hit,348,False
2021-06-18,bullish,2021-06-18 01:53:00-04:00,2021-06-18 02:00:00-04:00,ok,349,True
2021-06-22,bullish,2021-06-22 00:44:00-04:00,2021-06-22 01:00:00-04:00,no_orb_fade_fill,350,True
2021-06-23,bullish,2021-06-23 00:00:00-04:00,2021-06-23 00:45:00-04:00,ok,351,True
2021-06-24,bullish,2021-06-24 04:01:00-04:00,2021-06-24 04:45:00-04:00,ok,352,True
2021-06-25,bullish,,,no_intraday_hit,353,False
2021-06-29,bullish,2021-06-29 09:38:00-04:00,2021-06-29 10:00:00-04:00,no_orb_fade_fill,354,True
2021-06-30,bullish,,,no_intraday_hit,355,True
2021-07-07,bullish,2021-07-07 00:00:00-04:00,2021-07-07 03:15:00-04:00,ok,357,True
2021-07-08,bullish,,,no_intraday_hit,358,False
2021-07-09,bearish,,,no_intraday_hit,359,False
2021-07-13,bullish,2021-07-13 04:52:00-04:00,2021-07-13 05:00:00-04:00,ok,360,True
2021-07-16,bearish,2021-07-16 11:46:00-04:00,2021-07-16 12:00:00-04:00,no_orb_fade_fill,361,True
2021-07-19,bearish,2021-07-19 04:51:00-04:00,2021-07-19 05:00:00-04:00,ok,363,True
2021-07-20,bearish,,,no_intraday_hit,364,False
2021-07-21,bullish,2021-07-21 11:09:00-04:00,2021-07-21 11:15:00-04:00,no_orb_fade_fill,365,True
2021-07-22,bullish,2021-07-22 01:34:00-04:00,2021-07-22 02:00:00-04:00,no_orb_fade_fill,366,True
2021-07-23,bullish,2021-07-23 02:19:00-04:00,2021-07-23 02:30:00-04:00,no_orb_fade_fill,367,True
2021-07-26,bullish,2021-07-26 11:59:00-04:00,2021-07-26 12:15:00-04:00,no_orb_fade_fill,369,True
2021-07-28,bearish,,,no_intraday_hit,370,False
2021-07-30,bearish,2021-07-30 00:00:00-04:00,2021-07-30 00:45:00-04:00,ok,371,True
2021-08-02,bullish,2021-08-02 00:00:00-04:00,2021-08-02 00:45:00-04:00,ok,372,True
2021-08-03,bearish,2021-08-03 09:55:00-04:00,2021-08-03 10:15:00-04:00,ok,373,True
2021-08-05,bullish,2021-08-05 05:52:00-04:00,2021-08-05 06:00:00-04:00,no_orb_fade_fill,374,True
2021-08-06,bullish,,,no_intraday_hit,375,False
2021-08-09,bearish,,,no_intraday_hit,376,False
2021-08-10,bullish,2021-08-10 04:04:00-04:00,2021-08-10 04:15:00-04:00,ok,377,True
2021-08-17,bullish,,,no_intraday_hit,379,False
2021-08-19,bearish,2021-08-19 02:04:00-04:00,2021-08-19 02:30:00-04:00,ok,380,True
2021-08-23,bullish,2021-08-23 00:00:00-04:00,2021-08-23 00:30:00-04:00,no_orb_fade_fill,382,True
2021-08-24,bullish,2021-08-24 01:46:00-04:00,2021-08-24 02:00:00-04:00,no_orb_fade_fill,383,True
2021-08-25,bullish,2021-08-25 04:16:00-04:00,2021-08-25 04:30:00-04:00,ok,384,True
2021-08-27,bearish,,,no_intraday_hit,385,False
2021-08-30,bullish,2021-08-30 09:30:00-04:00,2021-08-30 10:45:00-04:00,no_orb_fade_fill,387,True
2021-08-31,bullish,2021-08-31 00:51:00-04:00,2021-08-31 01:15:00-04:00,ok,388,True
2021-09-07,bullish,,,no_intraday_hit,389,False
2021-09-09,bearish,,,no_intraday_hit,390,False
2021-09-21,bearish,,,no_intraday_hit,393,False
2021-09-23,bullish,2021-09-23 03:32:00-04:00,2021-09-23 05:15:00-04:00,no_orb_fade_fill,394,True
2021-09-24,bullish,,,no_intraday_hit,395,False
2021-09-28,bearish,2021-09-28 02:36:00-04:00,2021-09-28 04:15:00-04:00,no_orb_fade_fill,396,True
2021-09-29,bearish,2021-09-29 12:23:00-04:00,2021-09-29 12:30:00-04:00,no_orb_fade_fill,397,True
2021-10-05,bearish,,,no_intraday_hit,398,False
2021-10-07,bullish,2021-10-07 00:00:00-04:00,2021-10-07 01:45:00-04:00,no_orb_fade_fill,399,True
2021-10-08,bullish,,,no_intraday_hit,400,False
2021-10-11,bearish,2021-10-11 06:45:00-04:00,2021-10-11 07:00:00-04:00,ok,401,True
2021-10-12,bearish,2021-10-12 00:00:00-04:00,2021-10-12 01:45:00-04:00,no_orb_fade_fill,402,True
2021-10-13,bearish,,,no_intraday_hit,403,False
2021-10-14,bullish,2021-10-14 00:00:00-04:00,2021-10-14 01:00:00-04:00,no_orb_fade_fill,404,True
2021-10-15,bullish,2021-10-15 00:00:00-04:00,2021-10-15 01:00:00-04:00,ok,405,True
2021-10-19,bullish,2021-10-19 01:46:00-04:00,2021-10-19 02:15:00-04:00,no_orb_fade_fill,407,True
2021-10-20,bullish,2021-10-20 09:30:00-04:00,2021-10-20 10:00:00-04:00,ok,408,True
2021-10-26,bullish,2021-10-26 00:00:00-04:00,2021-10-26 00:45:00-04:00,ok,409,True
2021-10-27,bullish,2021-10-27 13:24:00-04:00,2021-10-27 13:45:00-04:00,no_orb_fade_fill,410,True
2021-11-01,bullish,2021-11-01 04:20:00-04:00,2021-11-01 05:15:00-04:00,ok,412,True
2021-11-03,bullish,2021-11-03 05:15:00-04:00,2021-11-03 05:30:00-04:00,ok,413,True
2021-11-04,bullish,2021-11-04 04:08:00-04:00,2021-11-04 04:30:00-04:00,no_orb_fade_fill,414,True
2021-11-05,bullish,2021-11-05 05:38:00-04:00,2021-11-05 06:30:00-04:00,ok,415,True
2021-11-10,bearish,2021-11-10 00:00:00-05:00,2021-11-10 06:00:00-05:00,ok,416,True
2021-11-11,bearish,,,no_intraday_hit,417,False
2021-11-15,bullish,2021-11-15 08:11:00-05:00,2021-11-15 08:30:00-05:00,ok,419,True
2021-11-16,bearish,,,no_intraday_hit,420,False
2021-11-17,bullish,2021-11-17 03:27:00-05:00,2021-11-17 04:00:00-05:00,ok,421,True
2021-11-18,bullish,2021-11-18 04:02:00-05:00,2021-11-18 04:15:00-05:00,ok,422,True
2021-11-19,bullish,2021-11-19 00:00:00-05:00,2021-11-19 01:00:00-05:00,no_orb_fade_fill,423,True
2021-11-23,bearish,2021-11-23 00:00:00-05:00,2021-11-23 01:00:00-05:00,ok,425,True
2021-11-24,bearish,2021-11-24 09:43:00-05:00,2021-11-24 10:00:00-05:00,ok,426,True
2021-11-26,bullish,,,no_intraday_hit,427,False
2021-11-30,bullish,2021-11-30 10:06:00-05:00,2021-11-30 10:15:00-05:00,ok,429,True
2021-12-02,bearish,2021-12-02 07:27:00-05:00,2021-12-02 07:45:00-05:00,ok,430,True
2021-12-07,bullish,2021-12-07 00:11:00-05:00,2021-12-07 01:00:00-05:00,no_orb_fade_fill,432,True
2021-12-08,bullish,2021-12-08 00:00:00-05:00,2021-12-08 01:15:00-05:00,no_orb_fade_fill,433,True
2021-12-09,bullish,,,no_intraday_hit,434,False
2021-12-10,bearish,,,no_intraday_hit,435,False
2021-12-13,bullish,2021-12-13 00:00:00-05:00,2021-12-13 01:00:00-05:00,ok,436,True
2021-12-14,bearish,2021-12-14 04:37:00-05:00,2021-12-14 05:15:00-05:00,ok,437,True
2021-12-15,bearish,,,no_intraday_hit,438,False
2021-12-16,bullish,2021-12-16 00:30:00-05:00,2021-12-16 01:30:00-05:00,ok,439,True
2021-12-22,bullish,2021-12-22 09:43:00-05:00,2021-12-22 10:00:00-05:00,no_orb_fade_fill,440,True
2021-12-23,bullish,2021-12-23 05:40:00-05:00,2021-12-23 06:00:00-05:00,no_orb_fade_fill,441,True
2021-12-28,bullish,2021-12-28 03:28:00-05:00,2021-12-28 03:30:00-05:00,ok,443,True
2022-01-04,bullish,2022-01-04 00:00:00-05:00,2022-01-04 00:30:00-05:00,ok,445,True
2022-01-05,bearish,2022-01-05 09:32:00-05:00,2022-01-05 09:45:00-05:00,ok,446,True
2022-01-06,bearish,2022-01-06 00:00:00-05:00,2022-01-06 01:30:00-05:00,ok,447,True
2022-01-11,bullish,2022-01-11 04:22:00-05:00,2022-01-11 05:15:00-05:00,no_orb_fade_fill,449,True
2022-01-12,bullish,2022-01-12 00:12:00-05:00,2022-01-12 01:15:00-05:00,ok,450,True
2022-01-13,bullish,,,no_intraday_hit,451,False
2022-01-14,bearish,2022-01-14 06:41:00-05:00,2022-01-14 06:45:00-05:00,ok,452,True
2022-01-19,bearish,2022-01-19 00:00:00-05:00,2022-01-19 00:30:00-05:00,ok,453,True
2022-01-20,bearish,2022-01-20 15:23:00-05:00,,no_swing_after_hit,454,True
2022-01-21,bearish,2022-01-21 00:00:00-05:00,2022-01-21 10:30:00-05:00,ok,455,True
2022-02-01,bullish,2022-02-01 02:11:00-05:00,2022-02-01 02:15:00-05:00,ok,458,True
2022-02-02,bullish,2022-02-02 00:00:00-05:00,2022-02-02 00:45:00-05:00,ok,459,True
2022-02-08,bearish,2022-02-08 06:51:00-05:00,2022-02-08 07:30:00-05:00,ok,460,True
2022-02-10,bullish,,,no_intraday_hit,461,False
2022-02-11,bearish,2022-02-11 00:00:00-05:00,2022-02-11 01:00:00-05:00,ok,462,True
2022-02-15,bullish,2022-02-15 03:23:00-05:00,2022-02-15 03:45:00-05:00,ok,464,True
2022-02-16,bullish,2022-02-16 03:15:00-05:00,2022-02-16 03:30:00-05:00,ok,465,True
2022-02-18,bearish,2022-02-18 08:33:00-05:00,2022-02-18 08:45:00-05:00,ok,466,True
2022-02-21,bearish,2022-02-21 07:44:00-05:00,2022-02-21 07:45:00-05:00,no_orb_fade_fill,468,True
2022-02-22,bearish,,,no_intraday_hit,469,False
2022-02-24,bearish,2022-02-24 00:00:00-05:00,2022-02-24 00:45:00-05:00,ok,470,True
2022-03-01,bullish,2022-03-01 02:06:00-05:00,2022-03-01 02:15:00-05:00,ok,472,True
2022-03-07,bearish,2022-03-07 02:50:00-05:00,2022-03-07 03:00:00-05:00,no_orb_fade_fill,474,True
2022-03-08,bearish,2022-03-08 00:29:00-05:00,2022-03-08 01:30:00-05:00,ok,475,True
2022-03-09,bearish,,,no_intraday_hit,476,False
2022-03-10,bullish,,,no_intraday_hit,477,False
2022-03-15,bearish,2022-03-15 03:11:00-04:00,2022-03-15 03:15:00-04:00,ok,479,True
2022-03-16,bullish,2022-03-16 01:24:00-04:00,2022-03-16 02:00:00-04:00,ok,480,True
2022-03-17,bullish,2022-03-17 13:27:00-04:00,2022-03-17 14:00:00-04:00,no_orb_fade_fill,481,True
2022-03-22,bearish,,,no_intraday_hit,483,False
2022-03-23,bullish,,,no_intraday_hit,484,False
2022-03-25,bullish,2022-03-25 00:52:00-04:00,2022-03-25 01:00:00-04:00,ok,485,True
2022-03-29,bullish,2022-03-29 01:34:00-04:00,2022-03-29 02:15:00-04:00,ok,486,True
2022-03-30,bullish,,,no_intraday_hit,487,False
2022-04-01,bearish,2022-04-01 09:50:00-04:00,2022-04-01 10:15:00-04:00,no_orb_fade_fill,488,True
2022-04-05,bullish,2022-04-05 03:02:00-04:00,2022-04-05 03:15:00-04:00,ok,490,True
2022-04-07,bearish,2022-04-07 11:31:00-04:00,2022-04-07 12:00:00-04:00,ok,491,True
2022-04-12,bearish,2022-04-12 00:00:00-04:00,2022-04-12 00:30:00-04:00,ok,492,True
2022-04-18,bearish,,,no_intraday_hit,494,False
2022-04-19,bullish,2022-04-19 10:00:00-04:00,2022-04-19 11:00:00-04:00,no_orb_fade_fill,495,True
2022-04-20,bullish,2022-04-20 07:50:00-04:00,2022-04-20 08:00:00-04:00,ok,496,True
2022-04-22,bearish,2022-04-22 03:29:00-04:00,2022-04-22 03:45:00-04:00,no_orb_fade_fill,497,True
2022-04-26,bullish,2022-04-26 00:00:00-04:00,2022-04-26 01:15:00-04:00,ok,499,True
2022-04-27,bearish,,,no_intraday_hit,500,False
2022-05-03,bullish,2022-05-03 00:00:00-04:00,2022-05-03 00:45:00-04:00,ok,502,True
2022-05-04,bullish,2022-05-04 14:00:00-04:00,2022-05-04 14:15:00-04:00,ok,503,True
2022-05-05,bullish,,,no_intraday_hit,504,False
2022-05-10,bearish,,,no_intraday_hit,506,True
2022-05-12,bearish,2022-05-12 01:18:00-04:00,2022-05-12 01:30:00-04:00,ok,507,True
2022-05-16,bullish,,,no_intraday_hit,509,False
2022-05-17,bearish,,,no_intraday_hit,510,False
2022-05-18,bullish,,,no_intraday_hit,511,False
2022-05-19,bearish,2022-05-19 03:28:00-04:00,2022-05-19 03:45:00-04:00,ok,512,True
2022-05-27,bullish,2022-05-27 04:32:00-04:00,2022-05-27 04:45:00-04:00,no_orb_fade_fill,513,True
2022-05-30,bullish,2022-05-30 00:00:00-04:00,2022-05-30 00:45:00-04:00,ok,515,True
2022-05-31,bullish,,,no_intraday_hit,516,False
2022-06-01,bearish,2022-06-01 12:03:00-04:00,2022-06-01 12:15:00-04:00,no_orb_fade_fill,517,True
2022-06-03,bullish,,,no_intraday_hit,518,False
2022-06-07,bullish,,,no_intraday_hit,519,False
2022-06-10,bearish,2022-06-10 08:30:00-04:00,2022-06-10 09:00:00-04:00,no_orb_fade_fill,520,True
2022-06-13,bearish,2022-06-13 00:00:00-04:00,2022-06-13 01:15:00-04:00,no_orb_fade_fill,522,True
2022-06-14,bearish,2022-06-14 10:30:00-04:00,2022-06-14 10:45:00-04:00,ok,523,True
2022-06-16,bullish,,,no_intraday_hit,524,False
2022-06-17,bearish,,,no_intraday_hit,525,False
2022-06-20,bullish,,,no_intraday_hit,526,True
2022-06-22,bullish,2022-06-22 10:23:00-04:00,2022-06-22 10:45:00-04:00,no_orb_fade_fill,527,True
2022-06-28,bearish,2022-06-28 10:30:00-04:00,2022-06-28 11:00:00-04:00,no_orb_fade_fill,529,True
2022-06-29,bearish,2022-06-29 02:47:00-04:00,2022-06-29 03:15:00-04:00,ok,530,True
2022-07-01,bearish,,,no_intraday_hit,531,False
2022-07-05,bullish,2022-07-05 14:35:00-04:00,2022-07-05 14:45:00-04:00,no_orb_fade_fill,532,True
2022-07-06,bullish,2022-07-06 09:32:00-04:00,2022-07-06 09:45:00-04:00,ok,533,True
2022-07-07,bullish,2022-07-07 09:34:00-04:00,2022-07-07 10:00:00-04:00,no_orb_fade_fill,534,True
2022-07-08,bullish,2022-07-08 11:09:00-04:00,2022-07-08 11:30:00-04:00,no_orb_fade_fill,535,True
2022-07-12,bearish,2022-07-12 00:00:00-04:00,2022-07-12 00:30:00-04:00,no_orb_fade_fill,536,True
2022-07-13,bearish,2022-07-13 08:30:00-04:00,2022-07-13 09:00:00-04:00,ok,537,True
2022-07-14,bearish,,,no_intraday_hit,538,False
2022-07-18,bullish,2022-07-18 00:00:00-04:00,2022-07-18 01:00:00-04:00,ok,540,True
2022-07-19,bearish,,,no_intraday_hit,541,False
2022-07-20,bullish,2022-07-20 10:31:00-04:00,2022-07-20 11:00:00-04:00,no_orb_fade_fill,542,True
2022-07-21,bullish,2022-07-21 08:20:00-04:00,2022-07-21 08:45:00-04:00,ok,543,True
2022-07-22,bullish,2022-07-22 09:49:00-04:00,2022-07-22 10:00:00-04:00,ok,544,True
2022-07-26,bearish,2022-07-26 08:50:00-04:00,2022-07-26 09:15:00-04:00,no_orb_fade_fill,545,True
2022-07-28,bullish,2022-07-28 11:53:00-04:00,2022-07-28 12:00:00-04:00,no_orb_fade_fill,546,True
2022-07-29,bullish,2022-07-29 14:20:00-04:00,2022-07-29 14:45:00-04:00,no_orb_fade_fill,547,True
2022-08-04,bullish,2022-08-04 06:04:00-04:00,2022-08-04 06:45:00-04:00,ok,549,True
2022-08-05,bullish,2022-08-05 00:00:00-04:00,2022-08-05 01:00:00-04:00,ok,550,True
2022-08-10,bearish,,,no_intraday_hit,551,False
2022-08-11,bullish,2022-08-11 00:00:00-04:00,2022-08-11 00:45:00-04:00,ok,552,True
2022-08-16,bullish,2022-08-16 14:02:00-04:00,2022-08-16 14:15:00-04:00,ok,554,True
2022-08-18,bearish,,,no_intraday_hit,555,False
2022-08-22,bearish,2022-08-22 02:02:00-04:00,2022-08-22 02:15:00-04:00,no_orb_fade_fill,557,True
2022-08-23,bearish,2022-08-23 02:11:00-04:00,2022-08-23 02:45:00-04:00,ok,558,True
2022-08-26,bullish,2022-08-26 09:04:00-04:00,2022-08-26 09:15:00-04:00,ok,559,True
2022-08-29,bearish,,,no_intraday_hit,561,True
2022-08-30,bullish,2022-08-30 03:50:00-04:00,2022-08-30 04:30:00-04:00,ok,562,True
2022-08-31,bearish,,,no_intraday_hit,563,True
2022-09-01,bearish,2022-09-01 00:00:00-04:00,2022-09-01 02:30:00-04:00,ok,564,True
2022-09-06,bullish,2022-09-06 02:24:00-04:00,2022-09-06 02:45:00-04:00,ok,565,True
2022-09-07,bearish,,,no_intraday_hit,566,True
2022-09-08,bullish,2022-09-08 02:11:00-04:00,2022-09-08 02:30:00-04:00,no_orb_fade_fill,567,True
2022-09-09,bullish,2022-09-09 00:00:00-04:00,2022-09-09 01:00:00-04:00,no_orb_fade_fill,568,True
2022-09-12,bullish,2022-09-12 01:58:00-04:00,2022-09-12 02:15:00-04:00,no_orb_fade_fill,570,True
2022-09-13,bullish,2022-09-13 02:05:00-04:00,2022-09-13 02:30:00-04:00,ok,571,True
2022-09-14,bearish,2022-09-14 07:59:00-04:00,2022-09-14 08:00:00-04:00,ok,572,True
2022-09-16,bearish,2022-09-16 02:00:00-04:00,2022-09-16 02:15:00-04:00,ok,573,True
2022-09-20,bullish,2022-09-20 03:11:00-04:00,2022-09-20 03:30:00-04:00,ok,574,True
2022-09-22,bearish,2022-09-22 02:43:00-04:00,2022-09-22 03:00:00-04:00,ok,575,True
2022-09-23,bearish,2022-09-23 00:06:00-04:00,2022-09-23 01:00:00-04:00,no_orb_fade_fill,576,True
2022-10-03,bearish,,,no_intraday_hit,579,True
2022-10-04,bullish,2022-10-04 00:00:00-04:00,2022-10-04 00:45:00-04:00,no_orb_fade_fill,580,True
2022-10-05,bullish,2022-10-05 15:13:00-04:00,2022-10-05 15:30:00-04:00,no_orb_fade_fill,581,True
2022-10-06,bullish,2022-10-06 01:32:00-04:00,2022-10-06 01:45:00-04:00,ok,582,True
2022-10-10,bearish,2022-10-10 10:09:00-04:00,2022-10-10 10:15:00-04:00,no_orb_fade_fill,584,True
2022-10-12,bearish,,,no_intraday_hit,585,False
2022-10-14,bullish,2022-10-14 00:00:00-04:00,2022-10-14 01:45:00-04:00,ok,586,True
2022-10-18,bullish,2022-10-18 00:00:00-04:00,2022-10-18 00:30:00-04:00,ok,587,True
2022-10-19,bullish,,,no_intraday_hit,588,False
2022-10-21,bearish,2022-10-21 04:20:00-04:00,2022-10-21 04:45:00-04:00,ok,589,True
2022-10-24,bullish,,,no_intraday_hit,591,False
2022-10-28,bearish,,,no_intraday_hit,592,False
2022-11-01,bearish,2022-11-01 10:41:00-04:00,2022-11-01 11:00:00-04:00,no_orb_fade_fill,594,True
2022-11-02,bearish,2022-11-02 09:32:00-04:00,2022-11-02 09:45:00-04:00,ok,595,True
2022-11-03,bearish,2022-11-03 04:53:00-04:00,2022-11-03 05:00:00-04:00,ok,596,True
2022-11-04,bearish,2022-11-04 08:30:00-04:00,2022-11-04 08:45:00-04:00,ok,597,True
2022-11-08,bullish,2022-11-08 04:28:00-05:00,2022-11-08 05:30:00-05:00,ok,598,True
2022-11-09,bullish,,,no_intraday_hit,599,False
2022-11-10,bearish,2022-11-10 08:30:00-05:00,2022-11-10 08:45:00-05:00,ok,600,True
2022-11-11,bullish,2022-11-11 00:31:00-05:00,2022-11-11 01:15:00-05:00,no_orb_fade_fill,601,True
2022-11-16,bullish,,,no_intraday_hit,603,False
2022-11-22,bearish,2022-11-22 03:09:00-05:00,2022-11-22 03:45:00-05:00,ok,604,True
2022-11-23,bullish,2022-11-23 02:49:00-05:00,2022-11-23 03:00:00-05:00,ok,605,True
2022-11-24,bullish,2022-11-24 02:20:00-05:00,2022-11-24 02:45:00-05:00,ok,606,True
2022-11-25,bullish,,,no_intraday_hit,607,False
2022-11-28,bearish,2022-11-28 00:00:00-05:00,2022-11-28 00:45:00-05:00,ok,609,True
2022-11-29,bearish,2022-11-29 09:45:00-05:00,2022-11-29 10:15:00-05:00,ok,610,True
2022-11-30,bearish,,,no_intraday_hit,611,False
2022-12-01,bullish,2022-12-01 08:30:00-05:00,2022-12-01 08:45:00-05:00,ok,612,True
2022-12-06,bearish,2022-12-06 09:42:00-05:00,2022-12-06 10:15:00-05:00,no_orb_fade_fill,613,True
2022-12-07,bearish,2022-12-07 06:44:00-05:00,2022-12-07 07:00:00-05:00,no_orb_fade_fill,614,True
2022-12-09,bullish,2022-12-09 00:35:00-05:00,2022-12-09 01:00:00-05:00,no_orb_fade_fill,615,True
2022-12-13,bullish,2022-12-13 00:52:00-05:00,2022-12-13 01:00:00-05:00,ok,616,True
2022-12-14,bullish,,,no_intraday_hit,617,False
2022-12-16,bearish,2022-12-16 03:09:00-05:00,2022-12-16 04:30:00-05:00,ok,618,True
2022-12-20,bearish,2022-12-20 00:00:00-05:00,2022-12-20 00:45:00-05:00,ok,620,True
2022-12-22,bullish,,,no_intraday_hit,621,False
2022-12-23,bearish,,,no_intraday_hit,622,False
2022-12-27,bullish,2022-12-27 00:00:00-05:00,2022-12-27 00:30:00-05:00,ok,623,True
2022-12-28,bearish,2022-12-28 04:13:00-05:00,2022-12-28 04:30:00-05:00,no_orb_fade_fill,624,True
2022-12-29,bearish,,,no_intraday_hit,625,False
2022-12-30,bullish,,,no_intraday_hit,626,False
2023-01-03,bullish,2023-01-03 04:04:00-05:00,2023-01-03 05:15:00-05:00,ok,627,True
2023-01-04,bearish,,,no_intraday_hit,628,False
2023-01-06,bearish,2023-01-06 04:11:00-05:00,2023-01-06 04:45:00-05:00,ok,629,True
2023-01-10,bullish,,,no_intraday_hit,631,False
2023-01-12,bullish,2023-01-12 00:00:00-05:00,2023-01-12 00:45:00-05:00,ok,632,True
2023-01-13,bullish,2023-01-13 15:11:00-05:00,2023-01-13 15:45:00-05:00,no_orb_fade_fill,633,True
2023-01-19,bearish,2023-01-19 00:38:00-05:00,2023-01-19 01:15:00-05:00,ok,635,True
2023-01-20,bearish,,,no_intraday_hit,636,False
2023-01-24,bullish,,,no_intraday_hit,638,True
2023-01-27,bullish,2023-01-27 09:46:00-05:00,2023-01-27 10:15:00-05:00,no_orb_fade_fill,639,True
2023-01-31,bearish,2023-01-31 00:00:00-05:00,2023-01-31 01:15:00-05:00,ok,641,True
2023-02-02,bullish,2023-02-02 03:27:00-05:00,2023-02-02 04:15:00-05:00,ok,642,True
2023-02-03,bullish,,,no_intraday_hit,643,False
2023-02-07,bearish,,,no_intraday_hit,644,False
2023-02-08,bullish,,,no_intraday_hit,645,False
2023-02-10,bearish,2023-02-10 04:48:00-05:00,2023-02-10 05:30:00-05:00,ok,646,True
2023-02-14,bullish,2023-02-14 04:04:00-05:00,2023-02-14 04:15:00-05:00,no_orb_fade_fill,648,True
2023-02-15,bullish,2023-02-15 14:00:00-05:00,2023-02-15 14:30:00-05:00,no_orb_fade_fill,649,True
2023-02-16,bullish,2023-02-16 00:00:00-05:00,2023-02-16 01:15:00-05:00,ok,650,True
2023-02-17,bearish,2023-02-17 00:00:00-05:00,2023-02-17 00:30:00-05:00,no_orb_fade_fill,651,True
2023-02-22,bearish,2023-02-22 03:31:00-05:00,2023-02-22 04:00:00-05:00,ok,653,True
2023-02-28,bullish,,,no_intraday_hit,655,False
2023-03-02,bearish,2023-03-02 00:00:00-05:00,2023-03-02 01:00:00-05:00,ok,656,True
2023-03-07,bullish,,,no_intraday_hit,658,False
2023-03-08,bearish,2023-03-08 10:00:00-05:00,2023-03-08 10:15:00-05:00,ok,659,True
2023-03-10,bearish,2023-03-10 00:00:00-05:00,2023-03-10 00:45:00-05:00,ok,660,True
2023-03-13,bullish,2023-03-13 00:00:00-04:00,2023-03-13 01:30:00-04:00,no_orb_fade_fill,662,True
2023-03-15,bullish,2023-03-15 02:08:00-04:00,2023-03-15 02:15:00-04:00,ok,663,True
2023-03-16,bullish,2023-03-16 00:00:00-04:00,2023-03-16 01:00:00-04:00,no_orb_fade_fill,664,True
2023-03-17,bullish,2023-03-17 00:23:00-04:00,2023-03-17 00:30:00-04:00,ok,665,True
2023-03-22,bullish,2023-03-22 10:21:00-04:00,2023-03-22 10:30:00-04:00,ok,666,True
2023-03-27,bullish,2023-03-27 01:46:00-04:00,2023-03-27 02:00:00-04:00,ok,667,True
2023-03-28,bearish,2023-03-28 03:56:00-04:00,2023-03-28 04:30:00-04:00,no_orb_fade_fill,668,True
2023-03-29,bearish,,,no_intraday_hit,669,False
2023-03-30,bullish,2023-03-30 02:56:00-04:00,2023-03-30 04:00:00-04:00,ok,670,True
2023-03-31,bullish,2023-03-31 00:00:00-04:00,2023-03-31 00:45:00-04:00,no_orb_fade_fill,671,True
2023-04-06,bearish,2023-04-06 05:57:00-04:00,2023-04-06 06:15:00-04:00,ok,673,True
2023-04-13,bearish,,,no_intraday_hit,674,False
2023-04-20,bearish,2023-04-20 03:43:00-04:00,2023-04-20 03:45:00-04:00,ok,675,True
2023-04-25,bearish,2023-04-25 09:46:00-04:00,2023-04-25 10:45:00-04:00,no_orb_fade_fill,676,True
2023-04-26,bearish,,,no_intraday_hit,677,False
2023-04-28,bullish,,,no_intraday_hit,678,True
2023-05-02,bearish,2023-05-02 10:10:00-04:00,2023-05-02 11:15:00-04:00,no_orb_fade_fill,679,True
2023-05-03,bearish,2023-05-03 15:32:00-04:00,,no_swing_after_hit,680,True
2023-05-04,bearish,2023-05-04 09:44:00-04:00,2023-05-04 10:00:00-04:00,ok,681,True
2023-05-09,bullish,,,no_intraday_hit,683,False
2023-05-11,bullish,2023-05-11 03:46:00-04:00,2023-05-11 04:00:00-04:00,ok,684,True
2023-05-12,bullish,2023-05-12 00:00:00-04:00,2023-05-12 00:30:00-04:00,ok,685,True
2023-05-16,bullish,2023-05-16 03:38:00-04:00,2023-05-16 04:00:00-04:00,no_orb_fade_fill,686,True
2023-05-17,bullish,2023-05-17 11:18:00-04:00,2023-05-17 11:30:00-04:00,no_orb_fade_fill,687,True
2023-05-18,bullish,2023-05-18 04:05:00-04:00,2023-05-18 04:15:00-04:00,no_orb_fade_fill,688,True
2023-05-19,bullish,,,no_intraday_hit,689,False
2023-05-23,bullish,,,no_intraday_hit,690,True
2023-05-24,bearish,2023-05-24 03:03:00-04:00,2023-05-24 03:15:00-04:00,ok,691,True
2023-05-26,bullish,2023-05-26 07:06:00-04:00,2023-05-26 08:00:00-04:00,no_orb_fade_fill,692,True
2023-05-29,bullish,,,no_intraday_hit,694,True
2023-05-30,bearish,2023-05-30 13:53:00-04:00,2023-05-30 14:15:00-04:00,no_orb_fade_fill,695,True
2023-06-01,bearish,2023-06-01 09:37:00-04:00,2023-06-01 09:45:00-04:00,ok,696,True
2023-06-02,bullish,2023-06-02 04:56:00-04:00,2023-06-02 05:30:00-04:00,ok,697,True
2023-06-08,bearish,2023-06-08 00:02:00-04:00,2023-06-08 01:00:00-04:00,ok,699,True
2023-06-13,bullish,2023-06-13 00:00:00-04:00,2023-06-13 00:45:00-04:00,ok,701,True
2023-06-14,bullish,2023-06-14 10:15:00-04:00,2023-06-14 10:45:00-04:00,ok,702,True
2023-06-15,bullish,2023-06-15 10:08:00-04:00,2023-06-15 10:30:00-04:00,no_orb_fade_fill,703,True
2023-06-16,bullish,2023-06-16 08:33:00-04:00,2023-06-16 08:45:00-04:00,ok,704,True
2023-06-20,bearish,2023-06-20 00:59:00-04:00,2023-06-20 01:30:00-04:00,ok,705,True
2023-06-22,bearish,2023-06-22 01:06:00-04:00,2023-06-22 01:15:00-04:00,ok,706,True
2023-06-27,bearish,,,no_intraday_hit,707,False
2023-06-29,bullish,,,no_intraday_hit,708,False
2023-07-07,bearish,,,no_intraday_hit,710,False
2023-07-12,bullish,2023-07-12 00:19:00-04:00,2023-07-12 00:45:00-04:00,ok,711,True
2023-07-13,bullish,2023-07-13 00:13:00-04:00,2023-07-13 02:15:00-04:00,no_orb_fade_fill,712,True
2023-07-14,bullish,2023-07-14 09:30:00-04:00,2023-07-14 10:30:00-04:00,ok,713,True
2023-07-18,bullish,2023-07-18 11:53:00-04:00,2023-07-18 12:45:00-04:00,no_orb_fade_fill,714,True
2023-07-19,bullish,2023-07-19 09:31:00-04:00,2023-07-19 09:45:00-04:00,ok,715,True
2023-07-21,bearish,2023-07-21 15:09:00-04:00,2023-07-21 15:15:00-04:00,no_orb_fade_fill,716,True
2023-07-26,bullish,,,no_intraday_hit,717,False
2023-08-02,bearish,2023-08-02 02:51:00-04:00,2023-08-02 03:15:00-04:00,no_orb_fade_fill,718,True
2023-08-03,bearish,2023-08-03 02:59:00-04:00,2023-08-03 03:45:00-04:00,ok,719,True
2023-08-08,bullish,,,no_intraday_hit,720,False
2023-08-15,bullish,2023-08-15 00:00:00-04:00,2023-08-15 01:00:00-04:00,ok,722,True
2023-08-17,bearish,2023-08-17 01:29:00-04:00,2023-08-17 02:00:00-04:00,no_orb_fade_fill,723,True
2023-08-18,bearish,2023-08-18 03:42:00-04:00,2023-08-18 03:45:00-04:00,ok,724,True
2023-08-22,bullish,2023-08-22 03:09:00-04:00,2023-08-22 05:00:00-04:00,ok,725,True
2023-08-24,bullish,2023-08-24 00:00:00-04:00,2023-08-24 01:45:00-04:00,ok,726,True
2023-08-25,bearish,2023-08-25 02:27:00-04:00,2023-08-25 02:45:00-04:00,ok,727,True
2023-08-29,bullish,2023-08-29 01:13:00-04:00,2023-08-29 01:30:00-04:00,no_orb_fade_fill,728,True
2023-08-30,bullish,2023-08-30 00:00:00-04:00,2023-08-30 00:30:00-04:00,ok,729,True
2023-08-31,bullish,2023-08-31 07:44:00-04:00,2023-08-31 08:00:00-04:00,no_orb_fade_fill,730,True
2023-09-01,bullish,2023-09-01 08:30:00-04:00,2023-09-01 09:00:00-04:00,ok,731,True
2023-09-07,bearish,2023-09-07 03:28:00-04:00,2023-09-07 03:30:00-04:00,ok,732,True
2023-09-08,bearish,,,no_intraday_hit,733,False
2023-09-12,bullish,,,no_intraday_hit,734,False
2023-09-15,bullish,2023-09-15 00:23:00-04:00,2023-09-15 00:45:00-04:00,ok,735,True
2023-09-19,bullish,,,no_intraday_hit,737,False
2023-09-21,bearish,2023-09-21 00:00:00-04:00,2023-09-21 00:30:00-04:00,no_orb_fade_fill,738,True
2023-09-22,bearish,,,no_intraday_hit,739,True
2023-09-26,bullish,,,no_intraday_hit,740,False
2023-09-27,bearish,2023-09-27 12:02:00-04:00,2023-09-27 12:30:00-04:00,ok,741,True
2023-09-29,bullish,2023-09-29 03:31:00-04:00,2023-09-29 03:45:00-04:00,ok,742,True
2023-10-04,bearish,2023-10-04 00:05:00-04:00,2023-10-04 02:30:00-04:00,ok,743,True
2023-10-10,bullish,2023-10-10 00:00:00-04:00,2023-10-10 00:45:00-04:00,no_orb_fade_fill,745,True
2023-10-11,bullish,2023-10-11 09:37:00-04:00,2023-10-11 09:45:00-04:00,ok,746,True
2023-10-12,bullish,2023-10-12 00:00:00-04:00,2023-10-12 00:30:00-04:00,ok,747,True
2023-10-17,bullish,,,no_intraday_hit,749,False
2023-10-19,bearish,2023-10-19 03:46:00-04:00,2023-10-19 04:00:00-04:00,ok,750,True
2023-10-20,bearish,2023-10-20 02:02:00-04:00,2023-10-20 02:30:00-04:00,ok,751,True
2023-10-24,bullish,2023-10-24 10:37:00-04:00,2023-10-24 11:00:00-04:00,ok,753,True
2023-10-26,bearish,2023-10-26 00:00:00-04:00,2023-10-26 00:30:00-04:00,no_orb_fade_fill,754,True
2023-10-27,bearish,,,no_intraday_hit,755,False
2023-10-31,bullish,2023-10-31 13:53:00-04:00,2023-10-31 14:15:00-04:00,no_orb_fade_fill,756,True
2023-11-02,bullish,2023-11-02 00:00:00-04:00,2023-11-02 00:45:00-04:00,ok,757,True
2023-11-03,bullish,2023-11-03 08:30:00-04:00,2023-11-03 09:00:00-04:00,no_orb_fade_fill,758,True
2023-11-07,bullish,2023-11-07 09:15:00-05:00,2023-11-07 11:00:00-05:00,no_orb_fade_fill,760,True
2023-11-08,bullish,2023-11-08 09:35:00-05:00,2023-11-08 10:00:00-05:00,ok,761,True
2023-11-10,bearish,2023-11-10 04:20:00-05:00,2023-11-10 04:45:00-05:00,ok,762,True
2023-11-15,bullish,2023-11-15 00:00:00-05:00,2023-11-15 00:45:00-05:00,ok,764,True
2023-11-21,bullish,,,no_intraday_hit,765,True
2023-12-01,bearish,,,no_intraday_hit,767,False
2023-12-05,bearish,,,no_intraday_hit,768,False
2023-12-12,bullish,2023-12-12 00:00:00-05:00,2023-12-12 00:45:00-05:00,no_orb_fade_fill,770,True
2023-12-13,bullish,2023-12-13 02:46:00-05:00,2023-12-13 03:15:00-05:00,ok,771,True
2023-12-14,bullish,2023-12-14 00:00:00-05:00,2023-12-14 01:45:00-05:00,ok,772,True
2023-12-19,bullish,2023-12-19 07:16:00-05:00,2023-12-19 07:30:00-05:00,no_orb_fade_fill,773,True
2023-12-20,bullish,2023-12-20 00:00:00-05:00,2023-12-20 00:30:00-05:00,ok,774,True
2023-12-21,bearish,,,no_intraday_hit,775,False
2023-12-27,bullish,2023-12-27 09:30:00-05:00,2023-12-27 09:45:00-05:00,ok,776,True
2023-12-28,bullish,2023-12-28 00:00:00-05:00,2023-12-28 01:30:00-05:00,ok,777,True
2024-01-03,bearish,2024-01-03 07:23:00-05:00,2024-01-03 07:45:00-05:00,ok,779,True
2024-01-04,bearish,2024-01-04 07:02:00-05:00,2024-01-04 07:15:00-05:00,ok,780,True
2024-01-05,bearish,2024-01-05 00:20:00-05:00,2024-01-05 00:30:00-05:00,ok,781,True
2024-01-09,bullish,2024-01-09 11:53:00-05:00,2024-01-09 12:15:00-05:00,no_orb_fade_fill,782,True
2024-01-10,bullish,2024-01-10 04:06:00-05:00,2024-01-10 04:45:00-05:00,ok,783,True
2024-01-11,bullish,2024-01-11 00:00:00-05:00,2024-01-11 00:30:00-05:00,ok,784,True
2024-01-16,bearish,2024-01-16 00:00:00-05:00,2024-01-16 01:15:00-05:00,ok,785,True
2024-01-19,bullish,2024-01-19 00:00:00-05:00,2024-01-19 01:45:00-05:00,no_orb_fade_fill,786,True
2024-01-22,bullish,2024-01-22 00:00:00-05:00,2024-01-22 01:30:00-05:00,ok,788,True
2024-01-25,bullish,,,no_intraday_hit,789,False
2024-01-26,bearish,2024-01-26 00:00:00-05:00,2024-01-26 01:30:00-05:00,ok,790,True
2024-01-30,bullish,,,no_intraday_hit,792,True
2024-01-31,bearish,2024-01-31 04:15:00-05:00,2024-01-31 04:45:00-05:00,ok,793,True
2024-02-01,bearish,,,no_intraday_hit,794,False
2024-02-02,bullish,2024-02-02 10:42:00-05:00,2024-02-02 11:00:00-05:00,no_orb_fade_fill,795,True
2024-02-08,bullish,2024-02-08 10:49:00-05:00,2024-02-08 11:00:00-05:00,no_orb_fade_fill,797,True
2024-02-13,bearish,2024-02-13 03:44:00-05:00,2024-02-13 05:30:00-05:00,ok,799,True
2024-02-14,bearish,,,no_intraday_hit,800,False
2024-02-16,bullish,2024-02-16 02:52:00-05:00,2024-02-16 03:45:00-05:00,ok,801,True
2024-02-21,bearish,2024-02-21 09:47:00-05:00,2024-02-21 10:00:00-05:00,ok,803,True
2024-02-23,bullish,2024-02-23 09:06:00-05:00,2024-02-23 09:45:00-05:00,ok,804,True
2024-02-29,bearish,2024-02-29 03:10:00-05:00,2024-02-29 03:15:00-05:00,ok,805,True
2024-03-01,bullish,2024-03-01 00:00:00-05:00,2024-03-01 00:30:00-05:00,no_orb_fade_fill,806,True
2024-03-05,bearish,2024-03-05 00:00:00-05:00,2024-03-05 01:00:00-05:00,no_orb_fade_fill,808,True
2024-03-06,bearish,,,no_intraday_hit,809,False
2024-03-08,bullish,2024-03-08 08:31:00-05:00,2024-03-08 09:15:00-05:00,ok,810,True
2024-03-12,bullish,2024-03-12 00:40:00-04:00,2024-03-12 01:30:00-04:00,ok,811,True
2024-03-13,bullish,2024-03-13 03:03:00-04:00,2024-03-13 03:45:00-04:00,ok,812,True
2024-03-15,bearish,2024-03-15 09:28:00-04:00,2024-03-15 10:15:00-04:00,no_orb_fade_fill,813,True
2024-03-19,bullish,,,no_intraday_hit,815,False
2024-03-21,bullish,2024-03-21 00:00:00-04:00,2024-03-21 00:45:00-04:00,ok,816,True
2024-03-26,bearish,,,no_intraday_hit,817,False
2024-04-01,bullish,,,no_intraday_hit,818,False
2024-04-02,bearish,2024-04-02 07:23:00-04:00,2024-04-02 07:30:00-04:00,ok,819,True
2024-04-03,bearish,,,no_intraday_hit,820,False
2024-04-05,bearish,2024-04-05 08:30:00-04:00,2024-04-05 08:45:00-04:00,ok,821,True
2024-04-09,bearish,2024-04-09 10:30:00-04:00,2024-04-09 11:00:00-04:00,no_orb_fade_fill,822,True
2024-04-11,bearish,,,no_intraday_hit,823,False
2024-04-12,bullish,,,no_intraday_hit,824,False
2024-04-16,bearish,2024-04-16 00:01:00-04:00,2024-04-16 00:45:00-04:00,ok,825,True
2024-04-18,bearish,2024-04-18 09:35:00-04:00,2024-04-18 09:45:00-04:00,ok,826,True
2024-04-19,bearish,2024-04-19 00:00:00-04:00,2024-04-19 01:00:00-04:00,ok,827,True
2024-04-23,bullish,2024-04-23 09:31:00-04:00,2024-04-23 10:45:00-04:00,no_orb_fade_fill,829,True
2024-04-24,bullish,2024-04-24 00:00:00-04:00,2024-04-24 02:00:00-04:00,ok,830,True
2024-04-30,bullish,,,no_intraday_hit,832,False
2024-05-01,bearish,2024-05-01 05:08:00-04:00,2024-05-01 05:15:00-04:00,ok,833,True
2024-05-07,bullish,2024-05-07 09:05:00-04:00,2024-05-07 09:45:00-04:00,ok,835,True
2024-05-08,bullish,,,no_intraday_hit,836,False
2024-05-14,bullish,2024-05-14 10:24:00-04:00,2024-05-14 10:30:00-04:00,no_orb_fade_fill,837,True
2024-05-15,bullish,2024-05-15 08:30:00-04:00,2024-05-15 08:45:00-04:00,ok,838,True
2024-05-16,bullish,2024-05-16 00:00:00-04:00,2024-05-16 01:45:00-04:00,ok,839,True
2024-05-21,bullish,2024-05-21 15:35:00-04:00,,no_swing_after_hit,840,True
2024-05-22,bullish,2024-05-22 01:47:00-04:00,2024-05-22 02:00:00-04:00,ok,841,True
2024-05-23,bullish,2024-05-23 00:00:00-04:00,2024-05-23 00:30:00-04:00,ok,842,True
2024-05-28,bullish,2024-05-28 04:14:00-04:00,2024-05-28 05:15:00-04:00,ok,843,True
2024-05-30,bearish,2024-05-30 00:00:00-04:00,2024-05-30 02:00:00-04:00,no_orb_fade_fill,844,True
2024-05-31,bearish,2024-05-31 00:37:00-04:00,2024-05-31 00:45:00-04:00,no_orb_fade_fill,845,True
2024-06-04,bullish,,,no_intraday_hit,846,False
2024-06-06,bullish,2024-06-06 04:28:00-04:00,2024-06-06 04:30:00-04:00,ok,847,True
2024-06-11,bullish,2024-06-11 10:53:00-04:00,2024-06-11 11:15:00-04:00,no_orb_fade_fill,848,True
2024-06-12,bullish,2024-06-12 02:10:00-04:00,2024-06-12 02:30:00-04:00,no_orb_fade_fill,849,True
2024-06-13,bullish,2024-06-13 00:00:00-04:00,2024-06-13 01:00:00-04:00,ok,850,True
2024-06-14,bullish,2024-06-14 15:59:00-04:00,,no_swing_after_hit,851,True
2024-06-17,bullish,2024-06-17 00:00:00-04:00,2024-06-17 01:45:00-04:00,ok,853,True
2024-06-18,bullish,,,no_intraday_hit,854,False
2024-06-21,bearish,2024-06-21 04:40:00-04:00,2024-06-21 04:45:00-04:00,ok,855,True
2024-06-25,bearish,2024-06-25 04:02:00-04:00,2024-06-25 04:15:00-04:00,ok,856,True
2024-06-28,bullish,2024-06-28 00:00:00-04:00,2024-06-28 02:45:00-04:00,ok,857,True
2024-07-02,bullish,2024-07-02 09:42:00-04:00,2024-07-02 10:00:00-04:00,no_orb_fade_fill,858,True
2024-07-03,bullish,2024-07-03 02:13:00-04:00,2024-07-03 02:15:00-04:00,no_orb_fade_fill,859,True
2024-07-04,bullish,,,no_intraday_hit,860,False
2024-07-09,bullish,2024-07-09 00:58:00-04:00,2024-07-09 01:15:00-04:00,ok,862,True
2024-07-11,bullish,2024-07-11 08:30:00-04:00,2024-07-11 08:45:00-04:00,ok,863,True
2024-07-12,bearish,2024-07-12 01:15:00-04:00,2024-07-12 01:30:00-04:00,ok,864,True
2024-07-16,bullish,,,no_intraday_hit,865,False
2024-07-18,bearish,2024-07-18 10:34:00-04:00,2024-07-18 10:45:00-04:00,no_orb_fade_fill,866,True
2024-07-19,bearish,2024-07-19 03:44:00-04:00,2024-07-19 03:45:00-04:00,no_orb_fade_fill,867,True
2024-07-23,bullish,2024-07-23 10:21:00-04:00,2024-07-23 10:30:00-04:00,ok,869,True
2024-07-25,bearish,2024-07-25 02:08:00-04:00,2024-07-25 02:15:00-04:00,ok,870,True
2024-07-26,bearish,,,no_intraday_hit,871,False
2024-07-30,bearish,2024-07-30 10:37:00-04:00,2024-07-30 11:15:00-04:00,no_orb_fade_fill,872,True
2024-07-31,bearish,,,no_intraday_hit,873,False
2024-08-01,bullish,2024-08-01 00:00:00-04:00,2024-08-01 00:30:00-04:00,ok,874,True
2024-08-02,bearish,2024-08-02 00:00:00-04:00,2024-08-02 01:00:00-04:00,no_orb_fade_fill,875,True
2024-08-05,bearish,2024-08-05 00:00:00-04:00,2024-08-05 01:15:00-04:00,ok,877,True
2024-08-08,bearish,,,no_intraday_hit,878,False
2024-08-09,bullish,2024-08-09 04:32:00-04:00,2024-08-09 04:45:00-04:00,ok,879,True
2024-08-14,bullish,2024-08-14 02:25:00-04:00,2024-08-14 02:45:00-04:00,ok,880,True
2024-08-16,bullish,2024-08-16 01:17:00-04:00,2024-08-16 03:00:00-04:00,no_orb_fade_fill,881,True
2024-08-20,bullish,2024-08-20 00:03:00-04:00,2024-08-20 00:30:00-04:00,ok,882,True
2024-08-22,bullish,2024-08-22 07:21:00-04:00,2024-08-22 07:30:00-04:00,ok,883,True
2024-08-23,bearish,,,no_intraday_hit,884,False
2024-08-27,bearish,2024-08-27 08:50:00-04:00,2024-08-27 09:15:00-04:00,ok,885,True
2024-08-29,bearish,,,no_intraday_hit,886,False
2024-09-04,bearish,2024-09-04 00:00:00-04:00,2024-09-04 00:30:00-04:00,ok,887,True
2024-09-10,bullish,2024-09-10 08:17:00-04:00,2024-09-10 08:45:00-04:00,ok,889,True
2024-09-11,bullish,2024-09-11 09:00:00-04:00,2024-09-11 09:30:00-04:00,ok,890,True
2024-09-12,bullish,2024-09-12 00:00:00-04:00,2024-09-12 00:45:00-04:00,ok,891,True
2024-09-13,bullish,2024-09-13 01:42:00-04:00,2024-09-13 01:45:00-04:00,no_orb_fade_fill,892,True
2024-09-17,bullish,2024-09-17 05:50:00-04:00,2024-09-17 06:00:00-04:00,ok,894,True
2024-09-20,bullish,,,no_intraday_hit,895,False
2024-09-24,bullish,2024-09-24 04:16:00-04:00,2024-09-24 04:30:00-04:00,ok,896,True
2024-09-25,bullish,2024-09-25 09:56:00-04:00,2024-09-25 10:30:00-04:00,ok,897,True
2024-09-26,bullish,2024-09-26 00:00:00-04:00,2024-09-26 01:00:00-04:00,ok,898,True
2024-09-27,bullish,,,no_intraday_hit,899,False
2024-10-02,bearish,,,no_intraday_hit,900,False
2024-10-08,bearish,,,no_intraday_hit,902,False
2024-10-09,bullish,2024-10-09 10:20:00-04:00,2024-10-09 12:00:00-04:00,no_orb_fade_fill,903,True
2024-10-10,bullish,2024-10-10 12:00:00-04:00,2024-10-10 12:30:00-04:00,no_orb_fade_fill,904,True
2024-10-15,bullish,,,no_intraday_hit,905,False
2024-10-16,bearish,2024-10-16 09:44:00-04:00,2024-10-16 10:15:00-04:00,ok,906,True
2024-10-18,bullish,,,no_intraday_hit,907,False
2024-10-24,bearish,,,no_intraday_hit,908,False
2024-10-29,bearish,2024-10-29 00:00:00-04:00,2024-10-29 01:00:00-04:00,ok,910,True
2024-10-30,bullish,2024-10-30 04:05:00-04:00,2024-10-30 04:15:00-04:00,ok,911,True
2024-10-31,bearish,2024-10-31 00:00:00-04:00,2024-10-31 00:30:00-04:00,no_orb_fade_fill,912,True
2024-11-01,bearish,,,no_intraday_hit,913,False
2024-11-06,bullish,2024-11-06 00:00:00-05:00,2024-11-06 01:00:00-05:00,ok,914,True
2024-11-07,bullish,2024-11-07 00:10:00-05:00,2024-11-07 01:30:00-05:00,no_orb_fade_fill,915,True
2024-11-08,bullish,2024-11-08 00:40:00-05:00,2024-11-08 01:00:00-05:00,ok,916,True
2024-11-11,bullish,2024-11-11 03:18:00-05:00,2024-11-11 03:45:00-05:00,ok,917,True
2024-11-12,bearish,2024-11-12 12:56:00-05:00,2024-11-12 13:15:00-05:00,no_orb_fade_fill,918,True
2024-11-15,bearish,2024-11-15 00:00:00-05:00,2024-11-15 01:30:00-05:00,no_orb_fade_fill,919,True
2024-11-19,bullish,2024-11-19 13:20:00-05:00,2024-11-19 14:00:00-05:00,no_orb_fade_fill,921,True
2024-11-20,bullish,2024-11-20 00:00:00-05:00,2024-11-20 02:15:00-05:00,ok,922,True
2024-11-25,bullish,2024-11-25 00:00:00-05:00,2024-11-25 01:00:00-05:00,ok,923,True
2024-11-26,bearish,,,no_intraday_hit,924,True
2024-12-03,bullish,2024-12-03 11:30:00-05:00,2024-12-03 11:45:00-05:00,no_orb_fade_fill,926,True
2024-12-04,bullish,2024-12-04 00:00:00-05:00,2024-12-04 00:45:00-05:00,no_orb_fade_fill,927,True
2024-12-05,bullish,2024-12-05 09:31:00-05:00,2024-12-05 09:45:00-05:00,ok,928,True
2024-12-10,bearish,2024-12-10 14:11:00-05:00,2024-12-10 14:15:00-05:00,no_orb_fade_fill,930,True
2024-12-11,bearish,,,no_intraday_hit,931,False
2024-12-12,bullish,,,no_intraday_hit,932,False
2024-12-17,bullish,2024-12-17 00:00:00-05:00,2024-12-17 01:15:00-05:00,ok,933,True
2024-12-18,bullish,,,no_intraday_hit,934,False
2024-12-19,bearish,,,no_intraday_hit,935,False
2024-12-24,bullish,2024-12-24 02:03:00-05:00,2024-12-24 03:00:00-05:00,no_orb_fade_fill,936,True
2024-12-26,bullish,2024-12-26 00:00:00-05:00,2024-12-26 00:45:00-05:00,ok,938,True
2024-12-27,bearish,2024-12-27 09:18:00-05:00,2024-12-27 10:45:00-05:00,no_orb_fade_fill,939,True
2024-12-31,bearish,2024-12-31 12:32:00-05:00,2024-12-31 12:45:00-05:00,no_orb_fade_fill,941,True
2025-01-03,bearish,,,no_intraday_hit,943,False
2025-01-07,bullish,,,no_intraday_hit,944,False
2025-01-08,bearish,2025-01-08 07:19:00-05:00,2025-01-08 07:45:00-05:00,ok,945,True
2025-01-14,bullish,2025-01-14 03:19:00-05:00,2025-01-14 04:00:00-05:00,ok,947,True
2025-01-16,bullish,2025-01-16 01:40:00-05:00,2025-01-16 03:15:00-05:00,ok,948,True
2025-01-21,bullish,,,no_intraday_hit,950,True
2025-01-22,bullish,2025-01-22 00:00:00-05:00,2025-01-22 01:15:00-05:00,no_orb_fade_fill,951,True
2025-01-23,bullish,,,no_intraday_hit,952,False
2025-01-27,bearish,2025-01-27 00:00:00-05:00,2025-01-27 00:45:00-05:00,ok,953,True
2025-01-28,bearish,,,no_intraday_hit,954,False
2025-01-31,bullish,2025-01-31 01:20:00-05:00,2025-01-31 02:30:00-05:00,ok,955,True
2025-02-03,bearish,,,no_intraday_hit,956,False
2025-02-04,bullish,2025-02-04 10:00:00-05:00,2025-02-04 10:45:00-05:00,no_orb_fade_fill,957,True
2025-02-06,bullish,2025-02-06 00:00:00-05:00,2025-02-06 00:45:00-05:00,ok,958,True
2025-02-07,bullish,2025-02-07 08:30:00-05:00,2025-02-07 08:45:00-05:00,ok,959,True
2025-02-11,bullish,,,no_intraday_hit,961,False
2025-02-13,bullish,2025-02-13 00:00:00-05:00,2025-02-13 01:15:00-05:00,no_orb_fade_fill,962,True
2025-02-14,bullish,2025-02-14 00:00:00-05:00,2025-02-14 01:30:00-05:00,no_orb_fade_fill,963,True
2025-02-25,bearish,2025-02-25 02:29:00-05:00,2025-02-25 03:15:00-05:00,no_orb_fade_fill,966,True
2025-02-26,bearish,,,no_intraday_hit,967,False
2025-02-28,bearish,2025-02-28 02:00:00-05:00,2025-02-28 02:45:00-05:00,ok,968,True
2025-03-03,bullish,2025-03-03 06:58:00-05:00,2025-03-03 07:30:00-05:00,ok,969,True
2025-03-04,bearish,2025-03-04 07:28:00-05:00,2025-03-04 07:30:00-05:00,ok,970,True
2025-03-07,bearish,2025-03-07 10:31:00-05:00,2025-03-07 10:45:00-05:00,ok,971,True
2025-03-11,bearish,2025-03-11 13:23:00-04:00,2025-03-11 13:45:00-04:00,ok,972,True
2025-03-14,bearish,,,no_intraday_hit,973,False
2025-03-18,bullish,2025-03-18 02:21:00-04:00,2025-03-18 03:00:00-04:00,ok,974,True
2025-03-24,bullish,2025-03-24 00:37:00-04:00,2025-03-24 00:45:00-04:00,no_orb_fade_fill,975,True
2025-03-25,bullish,2025-03-25 07:55:00-04:00,2025-03-25 08:45:00-04:00,ok,976,True
2025-03-26,bullish,,,no_intraday_hit,977,True
2025-03-27,bearish,2025-03-27 09:32:00-04:00,2025-03-27 09:45:00-04:00,ok,978,True
2025-03-28,bearish,2025-03-28 02:54:00-04:00,2025-03-28 03:15:00-04:00,no_orb_fade_fill,979,True
2025-03-31,bearish,2025-03-31 00:00:00-04:00,2025-03-31 00:30:00-04:00,ok,981,True
2025-04-02,bullish,2025-04-02 11:25:00-04:00,2025-04-02 11:30:00-04:00,no_orb_fade_fill,982,True
2025-04-03,bearish,2025-04-03 10:46:00-04:00,2025-04-03 11:15:00-04:00,no_orb_fade_fill,983,True
2025-04-04,bearish,2025-04-04 00:00:00-04:00,2025-04-04 01:15:00-04:00,no_orb_fade_fill,984,True
2025-04-07,bearish,,,no_intraday_hit,986,False
2025-04-08,bullish,,,no_intraday_hit,987,False
2025-04-10,bullish,,,no_intraday_hit,988,False
2025-04-14,bullish,2025-04-14 09:27:00-04:00,2025-04-14 09:30:00-04:00,ok,989,True
2025-04-15,bearish,,,no_intraday_hit,990,True
2025-04-16,bearish,2025-04-16 00:00:00-04:00,2025-04-16 00:30:00-04:00,ok,991,True
2025-04-17,bearish,,,no_intraday_hit,992,False
2025-04-22,bearish,,,no_intraday_hit,993,False
2025-04-23,bullish,2025-04-23 04:12:00-04:00,2025-04-23 04:45:00-04:00,ok,994,True
2025-04-24,bullish,2025-04-24 10:36:00-04:00,2025-04-24 10:45:00-04:00,no_orb_fade_fill,995,True
2025-04-25,bullish,2025-04-25 00:00:00-04:00,2025-04-25 00:30:00-04:00,ok,996,True
2025-04-29,bullish,2025-04-29 13:47:00-04:00,2025-04-29 14:45:00-04:00,no_orb_fade_fill,998,True
2025-05-01,bullish,2025-05-01 00:00:00-04:00,2025-05-01 01:15:00-04:00,ok,999,True
2025-05-06,bearish,2025-05-06 00:28:00-04:00,2025-05-06 00:45:00-04:00,ok,1001,True
2025-05-09,bullish,,,no_intraday_hit,1002,False
2025-05-12,bullish,2025-05-12 00:00:00-04:00,2025-05-12 02:00:00-04:00,ok,1003,True
2025-05-13,bullish,2025-05-13 08:30:00-04:00,2025-05-13 08:45:00-04:00,no_orb_fade_fill,1004,True
2025-05-14,bullish,2025-05-14 02:57:00-04:00,2025-05-14 03:00:00-04:00,ok,1005,True
2025-05-15,bullish,2025-05-15 11:22:00-04:00,2025-05-15 11:45:00-04:00,no_orb_fade_fill,1006,True
2025-05-20,bullish,,,no_intraday_hit,1007,True
2025-05-22,bearish,2025-05-22 08:01:00-04:00,2025-05-22 08:30:00-04:00,ok,1008,True
2025-05-27,bullish,2025-05-27 03:31:00-04:00,2025-05-27 04:00:00-04:00,no_orb_fade_fill,1010,True
2025-05-28,bullish,2025-05-28 06:36:00-04:00,2025-05-28 07:15:00-04:00,ok,1011,True
2025-05-29,bullish,2025-05-29 00:00:00-04:00,2025-05-29 01:00:00-04:00,ok,1012,True
2025-05-30,bearish,2025-05-30 08:09:00-04:00,2025-05-30 08:15:00-04:00,ok,1013,True
2025-06-03,bullish,2025-06-03 09:30:00-04:00,2025-06-03 10:15:00-04:00,no_orb_fade_fill,1014,True
2025-06-04,bullish,2025-06-04 06:08:00-04:00,2025-06-04 06:15:00-04:00,ok,1015,True
2025-06-06,bearish,,,no_intraday_hit,1016,False
2025-06-10,bullish,2025-06-10 00:00:00-04:00,2025-06-10 01:15:00-04:00,ok,1017,True
2025-06-11,bullish,2025-06-11 08:30:00-04:00,2025-06-11 08:45:00-04:00,ok,1018,True
2025-06-13,bearish,2025-06-13 00:00:00-04:00,2025-06-13 00:30:00-04:00,ok,1019,True
2025-06-17,bullish,,,no_intraday_hit,1021,False
2025-06-24,bullish,2025-06-24 01:13:00-04:00,2025-06-24 01:45:00-04:00,no_orb_fade_fill,1022,True
2025-06-25,bullish,2025-06-25 05:23:00-04:00,2025-06-25 05:30:00-04:00,ok,1023,True
2025-06-26,bullish,2025-06-26 03:17:00-04:00,2025-06-26 03:30:00-04:00,ok,1024,True
2025-06-27,bullish,2025-06-27 01:41:00-04:00,2025-06-27 03:00:00-04:00,ok,1025,True
2025-07-01,bullish,,,no_intraday_hit,1027,False
2025-07-02,bearish,2025-07-02 08:42:00-04:00,2025-07-02 08:45:00-04:00,ok,1028,True
2025-07-04,bullish,,,no_intraday_hit,1029,False
2025-07-08,bearish,,,no_intraday_hit,1030,False
2025-07-10,bullish,,,no_intraday_hit,1031,False
2025-07-15,bullish,2025-07-15 00:00:00-04:00,2025-07-15 00:45:00-04:00,ok,1032,True
2025-07-18,bullish,2025-07-18 01:13:00-04:00,2025-07-18 01:45:00-04:00,ok,1033,True
2025-07-22,bullish,,,no_intraday_hit,1034,False
2025-07-24,bullish,2025-07-24 13:15:00-04:00,2025-07-24 13:30:00-04:00,no_orb_fade_fill,1035,True
2025-07-28,bullish,2025-07-28 00:52:00-04:00,2025-07-28 01:00:00-04:00,ok,1037,True
2025-07-31,bullish,2025-07-31 00:00:00-04:00,2025-07-31 00:45:00-04:00,ok,1038,True
2025-08-01,bearish,2025-08-01 03:05:00-04:00,2025-08-01 04:00:00-04:00,no_orb_fade_fill,1039,True
2025-08-05,bullish,2025-08-05 01:01:00-04:00,2025-08-05 01:45:00-04:00,ok,1041,True
2025-08-07,bullish,2025-08-07 00:00:00-04:00,2025-08-07 02:15:00-04:00,ok,1042,True
2025-08-08,bullish,2025-08-08 10:10:00-04:00,2025-08-08 10:45:00-04:00,no_orb_fade_fill,1043,True
2025-08-12,bearish,,,no_intraday_hit,1045,False
2025-08-13,bullish,2025-08-13 02:41:00-04:00,2025-08-13 02:45:00-04:00,ok,1046,True
2025-08-20,bearish,2025-08-20 00:00:00-04:00,2025-08-20 00:45:00-04:00,no_orb_fade_fill,1047,True
2025-08-21,bearish,,,no_intraday_hit,1048,False
2025-08-26,bearish,2025-08-26 00:32:00-04:00,2025-08-26 00:45:00-04:00,ok,1050,True
2025-08-29,bullish,,,no_intraday_hit,1051,False
2025-09-02,bearish,2025-09-02 03:40:00-04:00,2025-09-02 04:15:00-04:00,ok,1053,True
2025-09-03,bearish,,,no_intraday_hit,1054,False
2025-09-05,bullish,2025-09-05 00:00:00-04:00,2025-09-05 00:45:00-04:00,ok,1055,True
2025-09-09,bullish,,,no_intraday_hit,1056,True
2025-09-16,bullish,2025-09-16 00:00:00-04:00,2025-09-16 01:15:00-04:00,ok,1058,True
2025-09-17,bullish,,,no_intraday_hit,1059,False
2025-09-19,bullish,2025-09-19 09:53:00-04:00,2025-09-19 10:00:00-04:00,ok,1060,True
2025-09-23,bullish,,,no_intraday_hit,1062,False
2025-09-25,bearish,2025-09-25 07:21:00-04:00,2025-09-25 08:00:00-04:00,ok,1063,True
2025-09-26,bearish,,,no_intraday_hit,1064,False
2025-09-29,bullish,2025-09-29 00:00:00-04:00,2025-09-29 00:45:00-04:00,ok,1065,True
2025-09-30,bullish,,,no_intraday_hit,1066,False
2025-10-02,bullish,2025-10-02 00:00:00-04:00,2025-10-02 01:15:00-04:00,ok,1067,True
2025-10-03,bullish,2025-10-03 01:06:00-04:00,2025-10-03 01:45:00-04:00,ok,1068,True
2025-10-07,bullish,2025-10-07 08:58:00-04:00,2025-10-07 09:15:00-04:00,ok,1070,True
2025-10-08,bearish,,,no_intraday_hit,1071,False
2025-10-09,bullish,,,no_intraday_hit,1072,False
2025-10-14,bullish,,,no_intraday_hit,1074,True
2025-10-21,bullish,,,no_intraday_hit,1075,True
2025-10-23,bearish,,,no_intraday_hit,1076,False
2025-10-27,bullish,2025-10-27 02:01:00-04:00,2025-10-27 02:45:00-04:00,no_orb_fade_fill,1078,True
2025-10-28,bullish,2025-10-28 08:19:00-04:00,2025-10-28 08:30:00-04:00,ok,1079,True
2025-10-29,bullish,2025-10-29 00:00:00-04:00,2025-10-29 02:45:00-04:00,ok,1080,True
2025-10-30,bullish,2025-10-30 00:00:00-04:00,,no_swing_after_hit,1081,True
2025-11-05,bearish,2025-11-05 00:00:00-05:00,2025-11-05 01:15:00-05:00,ok,1082,True
2025-11-11,bullish,,,no_intraday_hit,1083,True
2025-11-14,bearish,2025-11-14 00:14:00-05:00,2025-11-14 00:30:00-05:00,ok,1084,True
2025-11-18,bearish,2025-11-18 00:00:00-05:00,2025-11-18 01:15:00-05:00,no_orb_fade_fill,1085,True
2025-11-19,bearish,,,no_intraday_hit,1086,False
2025-11-20,bullish,2025-11-20 00:00:00-05:00,2025-11-20 01:15:00-05:00,ok,1087,True
2025-11-21,bearish,2025-11-21 05:00:00-05:00,2025-11-21 05:30:00-05:00,ok,1088,True
2025-11-25,bullish,2025-11-25 12:23:00-05:00,2025-11-25 12:45:00-05:00,no_orb_fade_fill,1089,True
2025-11-26,bullish,2025-11-26 00:00:00-05:00,2025-11-26 00:45:00-05:00,ok,1090,True
2025-11-27,bullish,,,no_intraday_hit,1091,False
2025-12-02,bearish,,,no_intraday_hit,1093,False
2025-12-03,bullish,2025-12-03 00:06:00-05:00,2025-12-03 00:30:00-05:00,ok,1094,True
2025-12-16,bearish,,,no_intraday_hit,1097,False
2025-12-18,bearish,,,no_intraday_hit,1098,False
2025-12-22,bullish,2025-12-22 00:00:00-05:00,2025-12-22 01:15:00-05:00,ok,1100,True
2025-12-23,bullish,2025-12-23 14:54:00-05:00,2025-12-23 15:15:00-05:00,no_orb_fade_fill,1101,True
2025-12-24,bullish,2025-12-24 08:30:00-05:00,2025-12-24 09:00:00-05:00,no_orb_fade_fill,1102,True
2025-12-30,bearish,,,no_intraday_hit,1105,True
2026-01-06,bullish,2026-01-06 09:47:00-05:00,2026-01-06 10:30:00-05:00,no_orb_fade_fill,1108,True
2026-01-07,bullish,2026-01-07 09:41:00-05:00,2026-01-07 10:00:00-05:00,no_orb_fade_fill,1109,True
2026-01-09,bearish,,,no_intraday_hit,1110,False
2026-01-15,bearish,,,no_intraday_hit,1112,False
2026-01-19,bearish,2026-01-19 00:00:00-05:00,2026-01-19 00:30:00-05:00,ok,1113,True
2026-01-20,bearish,2026-01-20 03:06:00-05:00,2026-01-20 03:45:00-05:00,ok,1114,True
2026-01-21,bearish,2026-01-21 06:49:00-05:00,2026-01-21 07:15:00-05:00,ok,1115,True
2026-01-22,bullish,2026-01-22 03:27:00-05:00,2026-01-22 04:00:00-05:00,ok,1116,True
2026-01-27,bullish,2026-01-27 00:00:00-05:00,2026-01-27 01:15:00-05:00,no_orb_fade_fill,1117,True
2026-01-28,bullish,2026-01-28 00:00:00-05:00,2026-01-28 01:45:00-05:00,ok,1118,True
2026-01-29,bullish,,,no_intraday_hit,1119,False
2026-01-30,bearish,,,no_intraday_hit,1120,False
2026-02-02,bearish,2026-02-02 00:00:00-05:00,2026-02-02 01:45:00-05:00,ok,1121,True
2026-02-03,bullish,2026-02-03 00:00:00-05:00,2026-02-03 01:00:00-05:00,ok,1122,True
2026-02-05,bearish,2026-02-05 07:43:00-05:00,2026-02-05 08:00:00-05:00,ok,1123,True
2026-02-06,bearish,,,no_intraday_hit,1124,True
2026-02-09,bullish,2026-02-09 10:50:00-05:00,2026-02-09 12:15:00-05:00,no_orb_fade_fill,1125,True
2026-02-10,bullish,2026-02-10 10:06:00-05:00,2026-02-10 10:15:00-05:00,ok,1126,True
2026-02-13,bearish,2026-02-13 00:24:00-05:00,2026-02-13 00:45:00-05:00,ok,1127,True
2026-02-19,bullish,,,no_intraday_hit,1128,False
2026-02-24,bearish,,,no_intraday_hit,1130,False
2026-02-25,bullish,2026-02-25 03:24:00-05:00,2026-02-25 03:30:00-05:00,no_orb_fade_fill,1131,True
2026-02-26,bullish,,,no_intraday_hit,1132,False
2026-03-02,bearish,2026-03-02 01:39:00-05:00,2026-03-02 02:15:00-05:00,ok,1133,True
2026-03-03,bullish,,,no_intraday_hit,1134,False
2026-03-05,bullish,,,no_intraday_hit,1135,True
