verification_id,intent_id,strategy_id,account_mode,status,challenge,created_at,approved_at
verify_ca2d5fcf9591,intent_b37b89e12006,ym_yorb_sizing_L_1_2_4,paper,approved,SPOOF-e12006,2026-05-21T21:37:04Z,2026-05-21T21:37:04Z
verify_8a8637528c5c,intent_44a07e95cde4,ym_yorb_sizing_L_1_2_4,paper,approved,SPOOF-95cde4,2026-05-21T21:37:04Z,2026-05-21T21:37:04Z
verify_62a0e7f4c126,intent_cb1ccedc76d7,ym_yorb_sizing_L_1_2_4,paper,approved,SPOOF-dc76d7,2026-05-21T21:37:04Z,2026-05-21T21:37:04Z
verify_f09bc89d4eb2,intent_01ac3acac857,ym_yorb_sizing_L_1_2_4,paper,approved,SPOOF-cac857,2026-05-21T21:37:04Z,2026-05-21T21:37:04Z
verify_232e307a7795,intent_8dd2eb3de63a,ym_yorb_sizing_L_1_2_4,paper,approved,SPOOF-3de63a,2026-05-21T21:37:04Z,2026-05-21T21:37:04Z
verify_96392e209f1c,intent_d5dc0c863f27,ym_yorb_sizing_L_1_2_4,paper,approved,SPOOF-863f27,2026-05-21T21:37:04Z,2026-05-21T21:37:04Z
verify_98858b2457c5,intent_701b24e8b425,ym_yorb_sizing_L_1_2_4,paper,approved,SPOOF-e8b425,2026-05-21T21:37:04Z,2026-05-21T21:37:04Z
verify_0eb9566e87c9,intent_4b0d31d84d1c,ym_yorb_sizing_L_1_2_4,paper,approved,SPOOF-d84d1c,2026-05-21T21:37:04Z,2026-05-21T21:37:04Z
verify_8a4d877e06f4,intent_197b287cd90a,ym_yorb_sizing_L_1_2_4,paper,approved,SPOOF-7cd90a,2026-05-21T21:37:04Z,2026-05-21T21:37:04Z
verify_f542c353eb60,intent_08028cefe609,ym_yorb_sizing_L_1_2_4,paper,approved,SPOOF-efe609,2026-05-21T21:37:04Z,2026-05-21T21:37:04Z
verify_a8274d5c14ea,intent_cb3ac7783925,ym_yorb_sizing_L_1_2_4,paper,approved,SPOOF-783925,2026-05-21T21:37:04Z,2026-05-21T21:37:04Z
verify_511aca4c8568,intent_f967ade5633d,ym_yorb_sizing_L_1_2_4,paper,approved,SPOOF-e5633d,2026-05-21T21:37:04Z,2026-05-21T21:37:04Z
verify_9e735d732760,intent_29b039d2025b,ym_yorb_sizing_L_1_2_4,paper,approved,SPOOF-d2025b,2026-05-21T21:37:04Z,2026-05-21T21:37:04Z
verify_2b6211d9129c,intent_f58e872ad671,ym_yorb_sizing_L_1_2_4,paper,approved,SPOOF-2ad671,2026-05-21T21:37:04Z,2026-05-21T21:37:04Z
verify_9d5e33a896c5,intent_00d003f3010e,ym_yorb_sizing_L_1_2_4,paper,approved,SPOOF-f3010e,2026-05-21T21:37:04Z,2026-05-21T21:37:04Z
verify_ee3a140f06fb,intent_cb2e1821e094,ym_yorb_sizing_L_1_2_4,paper,approved,SPOOF-21e094,2026-05-21T21:37:04Z,2026-05-21T21:37:04Z
verify_04ddfc3b1e5d,intent_ecb7d4103e28,ym_yorb_sizing_L_1_2_4,paper,approved,SPOOF-103e28,2026-05-21T21:37:04Z,2026-05-21T21:37:04Z
verify_e9c1b4d68847,intent_749cf9d21257,ym_yorb_sizing_L_1_2_4,paper,approved,SPOOF-d21257,2026-05-21T21:37:04Z,2026-05-21T21:37:04Z
verify_92ee3d0d8111,intent_2257639d4874,ym_yorb_sizing_L_1_2_4,paper,approved,SPOOF-9d4874,2026-05-21T21:37:05Z,2026-05-21T21:37:05Z
verify_6bad48ce2d88,intent_f0e3473dc810,ym_yorb_sizing_L_1_2_4,paper,approved,SPOOF-3dc810,2026-05-21T21:37:05Z,2026-05-21T21:37:05Z
verify_81bc0939c561,intent_52fce9eca083,ym_yorb_sizing_L_1_2_4,paper,approved,SPOOF-eca083,2026-05-21T21:37:05Z,2026-05-21T21:37:05Z
verify_56ac1bc9c7da,intent_d20cb1953420,ym_yorb_sizing_L_1_2_4,paper,approved,SPOOF-953420,2026-05-21T21:37:05Z,2026-05-21T21:37:05Z
verify_99282ce383ef,intent_b0ae340c640e,ym_yorb_sizing_L_1_2_4,paper,approved,SPOOF-0c640e,2026-05-21T21:37:05Z,2026-05-21T21:37:05Z
verify_942849e9d9f1,intent_8deb88205e31,ym_yorb_sizing_L_1_2_4,paper,approved,SPOOF-205e31,2026-05-21T21:37:05Z,2026-05-21T21:37:05Z
verify_1e3de0619e5c,intent_037ea1490980,ym_yorb_sizing_L_1_2_4,paper,approved,SPOOF-490980,2026-05-21T21:37:05Z,2026-05-21T21:37:05Z
verify_22d0c3978991,intent_ee99b6bf45c0,ym_yorb_sizing_L_1_2_4,paper,approved,SPOOF-bf45c0,2026-05-21T21:37:05Z,2026-05-21T21:37:05Z
verify_02bbbabe4ba6,intent_d51c78917fb4,ym_yorb_sizing_L_1_2_4,paper,approved,SPOOF-917fb4,2026-05-21T21:37:05Z,2026-05-21T21:37:05Z
verify_7fb9693eec60,intent_2a83d49effb8,ym_yorb_sizing_L_1_2_4,paper,approved,SPOOF-9effb8,2026-05-21T21:37:05Z,2026-05-21T21:37:05Z
verify_33462e4c6839,intent_220b5be29be7,ym_yorb_sizing_L_1_2_4,paper,approved,SPOOF-e29be7,2026-05-21T21:37:05Z,2026-05-21T21:37:05Z
verify_87fd29bcc48c,intent_246f33157827,ym_yorb_sizing_L_1_2_4,paper,approved,SPOOF-157827,2026-05-21T21:37:05Z,2026-05-21T21:37:05Z
verify_4cb7acd2f2ad,intent_474f5f4ca75f,ym_yorb_sizing_L_1_2_4,paper,approved,SPOOF-4ca75f,2026-05-21T21:37:06Z,2026-05-21T21:37:06Z
verify_178024049fb8,intent_cb02cb3f2f0b,ym_yorb_sizing_L_1_2_4,paper,approved,SPOOF-3f2f0b,2026-05-21T21:37:06Z,2026-05-21T21:37:06Z
verify_abf8496946f6,intent_8574d86fe486,ym_yorb_sizing_L_1_2_4,paper,approved,SPOOF-6fe486,2026-05-21T21:37:06Z,2026-05-21T21:37:06Z
verify_2aadb042e994,intent_4c80b8c6aee7,ym_yorb_sizing_L_1_2_4,paper,approved,SPOOF-c6aee7,2026-05-21T21:37:06Z,2026-05-21T21:37:06Z
verify_77e4c717a245,intent_6683bc54b0b1,ym_yorb_sizing_L_1_2_4,paper,approved,SPOOF-54b0b1,2026-05-21T21:37:06Z,2026-05-21T21:37:06Z
verify_d3abbe688503,intent_d003162219fb,ym_yorb_sizing_L_1_2_4,paper,approved,SPOOF-2219fb,2026-05-21T21:37:06Z,2026-05-21T21:37:06Z
verify_8080e5024a9b,intent_b8a54c7f38dc,ym_yorb_sizing_L_1_2_4,paper,approved,SPOOF-7f38dc,2026-05-21T21:37:06Z,2026-05-21T21:37:06Z
verify_501005a0f87d,intent_6cb32b53800d,ym_yorb_sizing_L_1_2_4,paper,approved,SPOOF-53800d,2026-05-21T21:37:06Z,2026-05-21T21:37:06Z
verify_4c9c9f07783a,intent_b87aa3e18527,ym_yorb_sizing_L_1_2_4,paper,approved,SPOOF-e18527,2026-05-21T21:37:06Z,2026-05-21T21:37:06Z
verify_add880641b0a,intent_13c5a1972adc,ym_yorb_sizing_L_1_2_4,paper,approved,SPOOF-972adc,2026-05-21T21:37:06Z,2026-05-21T21:37:06Z
verify_74023b641dc6,intent_a2913c93e918,ym_yorb_sizing_L_1_2_4,paper,approved,SPOOF-93e918,2026-05-21T21:37:06Z,2026-05-21T21:37:06Z
verify_5739e63e24e8,intent_40e3b890be89,ym_yorb_sizing_L_1_2_4,paper,approved,SPOOF-90be89,2026-05-21T21:37:06Z,2026-05-21T21:37:06Z
verify_369cc1d76dd1,intent_f7a2a04ad5a2,ym_yorb_sizing_L_1_2_4,paper,approved,SPOOF-4ad5a2,2026-05-21T21:37:06Z,2026-05-21T21:37:06Z
verify_a360cf99db37,intent_dbf81f3ff5fb,ym_yorb_sizing_L_1_2_4,paper,approved,SPOOF-3ff5fb,2026-05-21T21:37:06Z,2026-05-21T21:37:06Z
verify_7c1d576ab191,intent_39320837e4a0,ym_yorb_sizing_L_1_2_4,paper,approved,SPOOF-37e4a0,2026-05-21T21:37:06Z,2026-05-21T21:37:06Z
verify_65c652739abb,intent_6d6e017f8938,ym_yorb_sizing_L_1_2_4,paper,approved,SPOOF-7f8938,2026-05-21T21:37:06Z,2026-05-21T21:37:06Z
verify_495cb163b0c2,intent_54c86220dbb4,ym_yorb_sizing_L_1_2_4,paper,approved,SPOOF-20dbb4,2026-05-21T21:37:06Z,2026-05-21T21:37:06Z
verify_11d0beb28ca3,intent_2a85af0deea6,ym_yorb_sizing_L_1_2_4,paper,approved,SPOOF-0deea6,2026-05-21T21:37:06Z,2026-05-21T21:37:06Z
verify_ab2f65e67c60,intent_5f9fa5270b66,ym_yorb_sizing_L_1_2_4,paper,approved,SPOOF-270b66,2026-05-21T21:37:06Z,2026-05-21T21:37:06Z
verify_0032ab0cd4bd,intent_6ba0546226e3,ym_yorb_sizing_L_1_2_4,paper,approved,SPOOF-6226e3,2026-05-21T21:37:06Z,2026-05-21T21:37:06Z
verify_23f64943b9f0,intent_dd7b835aa132,ym_yorb_sizing_L_1_2_4,paper,approved,SPOOF-5aa132,2026-05-21T21:37:06Z,2026-05-21T21:37:06Z
verify_7e85a0708a20,intent_eee0a3be2fcd,ym_yorb_sizing_L_1_2_4,paper,approved,SPOOF-be2fcd,2026-05-21T21:37:07Z,2026-05-21T21:37:07Z
verify_728f94c66988,intent_c709e001934b,ym_yorb_sizing_L_1_2_4,paper,approved,SPOOF-01934b,2026-05-21T21:37:07Z,2026-05-21T21:37:07Z
verify_422b3982d3e1,intent_a196acf2c77b,ym_yorb_sizing_L_1_2_4,paper,approved,SPOOF-f2c77b,2026-05-21T21:37:07Z,2026-05-21T21:37:07Z
verify_9dcb40a77ec5,intent_513214131728,ym_yorb_sizing_L_1_2_4,paper,approved,SPOOF-131728,2026-05-21T21:37:07Z,2026-05-21T21:37:07Z
verify_8429cccb12b7,intent_38e920674813,ym_yorb_sizing_L_1_2_4,paper,approved,SPOOF-674813,2026-05-21T21:37:07Z,2026-05-21T21:37:07Z
verify_0b6bb21642de,intent_128f3c5b4dd3,ym_yorb_sizing_L_1_2_4,paper,approved,SPOOF-5b4dd3,2026-05-21T21:37:07Z,2026-05-21T21:37:07Z
verify_57fab388b4b2,intent_44b93768b7ee,ym_yorb_sizing_L_1_2_4,paper,approved,SPOOF-68b7ee,2026-05-21T21:37:08Z,2026-05-21T21:37:08Z
verify_50f70aa268c9,intent_3a49f4bb462f,ym_yorb_sizing_L_1_2_4,paper,approved,SPOOF-bb462f,2026-05-21T21:37:08Z,2026-05-21T21:37:08Z
verify_4e0343e13d21,intent_f2b49e8e1a91,ym_yorb_sizing_L_1_2_4,paper,approved,SPOOF-8e1a91,2026-05-21T21:37:08Z,2026-05-21T21:37:08Z
verify_5af13e8ed442,intent_0c55eca29a30,ym_yorb_sizing_L_1_2_4,paper,approved,SPOOF-a29a30,2026-05-21T21:37:08Z,2026-05-21T21:37:08Z
verify_da49077c6627,intent_460079934282,ym_yorb_sizing_L_1_2_4,paper,approved,SPOOF-934282,2026-05-21T21:37:08Z,2026-05-21T21:37:08Z
verify_ea1781d0bc42,intent_d5376dd64066,ym_yorb_sizing_L_1_2_4,paper,approved,SPOOF-d64066,2026-05-21T21:37:08Z,2026-05-21T21:37:08Z
verify_0c34938f9721,intent_6b466cb331f6,ym_yorb_sizing_L_1_2_4,paper,approved,SPOOF-b331f6,2026-05-21T21:37:08Z,2026-05-21T21:37:08Z
verify_da0c7a034651,intent_7c980fba569b,ym_yorb_sizing_L_1_2_4,paper,approved,SPOOF-ba569b,2026-05-21T21:37:08Z,2026-05-21T21:37:08Z
verify_0277641aa0ac,intent_283fef9d5b24,ym_yorb_sizing_L_1_2_4,paper,approved,SPOOF-9d5b24,2026-05-21T21:37:08Z,2026-05-21T21:37:08Z
verify_a5cea47411bf,intent_0676279a5d46,ym_yorb_sizing_L_1_2_4,paper,approved,SPOOF-9a5d46,2026-05-21T21:37:09Z,2026-05-21T21:37:09Z
verify_91c31bca559a,intent_c83c14ab22cb,ym_yorb_sizing_L_1_2_4,paper,approved,SPOOF-ab22cb,2026-05-21T21:37:09Z,2026-05-21T21:37:09Z
verify_519ed074984b,intent_909580fc7b1f,ym_yorb_sizing_L_1_2_4,paper,approved,SPOOF-fc7b1f,2026-05-21T21:37:09Z,2026-05-21T21:37:09Z
verify_b333c85fa148,intent_7b66582b4ac7,ym_yorb_sizing_L_1_2_4,paper,approved,SPOOF-2b4ac7,2026-05-21T21:37:09Z,2026-05-21T21:37:09Z
verify_762c6d055227,intent_d70be3e58dd5,ym_yorb_sizing_L_1_2_4,paper,approved,SPOOF-e58dd5,2026-05-21T21:37:09Z,2026-05-21T21:37:09Z
verify_57590cf9c4cf,intent_83b7584f051f,ym_yorb_sizing_L_1_2_4,paper,approved,SPOOF-4f051f,2026-05-21T21:37:09Z,2026-05-21T21:37:09Z
verify_e154dd8ef11a,intent_4a51c9cec0e4,ym_yorb_sizing_L_1_2_4,paper,approved,SPOOF-cec0e4,2026-05-21T21:37:10Z,2026-05-21T21:37:10Z
verify_d10cee79dacd,intent_765c19966e51,ym_yorb_sizing_L_1_2_4,paper,approved,SPOOF-966e51,2026-05-21T21:37:10Z,2026-05-21T21:37:10Z
verify_bf5068f2ab0a,intent_103295b28481,ym_yorb_sizing_L_1_2_4,paper,approved,SPOOF-b28481,2026-05-21T21:37:10Z,2026-05-21T21:37:10Z
verify_4992e515e32f,intent_47bbf59e857c,ym_yorb_sizing_L_1_2_4,paper,approved,SPOOF-9e857c,2026-05-21T21:37:10Z,2026-05-21T21:37:10Z
verify_034115a9a099,intent_90ddc7243c7b,ym_yorb_sizing_L_1_2_4,paper,approved,SPOOF-243c7b,2026-05-21T21:37:10Z,2026-05-21T21:37:10Z
verify_940b8c9e324b,intent_4c8e48355269,ym_yorb_sizing_L_1_2_4,paper,approved,SPOOF-355269,2026-05-21T21:37:10Z,2026-05-21T21:37:10Z
verify_d44af3515737,intent_331cd33c08d7,ym_yorb_sizing_L_1_2_4,paper,approved,SPOOF-3c08d7,2026-05-21T21:37:10Z,2026-05-21T21:37:10Z
verify_920ef185c85e,intent_4b247ced77c5,ym_yorb_sizing_L_1_2_4,paper,approved,SPOOF-ed77c5,2026-05-21T21:37:10Z,2026-05-21T21:37:10Z
verify_0a64c022a234,intent_394e22971033,ym_yorb_sizing_L_1_2_4,paper,approved,SPOOF-971033,2026-05-21T21:37:10Z,2026-05-21T21:37:10Z
verify_77d11430181d,intent_f7688c6255e4,ym_yorb_sizing_L_1_2_4,paper,approved,SPOOF-6255e4,2026-05-21T21:37:10Z,2026-05-21T21:37:10Z
verify_f128c87944cc,intent_7878d7b187c7,ym_yorb_sizing_L_1_2_4,paper,approved,SPOOF-b187c7,2026-05-21T21:37:10Z,2026-05-21T21:37:10Z
verify_ed7698a06234,intent_8bd395481539,ym_yorb_sizing_L_1_2_4,paper,approved,SPOOF-481539,2026-05-21T21:37:10Z,2026-05-21T21:37:10Z
verify_b5af7ea0b7eb,intent_766e72b725ef,ym_yorb_sizing_L_1_2_4,paper,approved,SPOOF-b725ef,2026-05-21T21:37:11Z,2026-05-21T21:37:11Z
verify_f5e5eb8ccd78,intent_214e494a38e4,ym_yorb_sizing_L_1_2_4,paper,approved,SPOOF-4a38e4,2026-05-21T21:37:11Z,2026-05-21T21:37:11Z
verify_6648674a0e2b,intent_c0bf90d8756e,ym_yorb_sizing_L_1_2_4,paper,approved,SPOOF-d8756e,2026-05-21T21:37:11Z,2026-05-21T21:37:11Z
verify_f3bc9f8edb3a,intent_c0e5b129c265,ym_yorb_sizing_L_1_2_4,paper,approved,SPOOF-29c265,2026-05-21T21:37:12Z,2026-05-21T21:37:12Z
verify_b1a4d2f514cc,intent_616ef0ca5c57,ym_yorb_sizing_L_1_2_4,paper,approved,SPOOF-ca5c57,2026-05-21T21:37:12Z,2026-05-21T21:37:12Z
verify_34449f1b648b,intent_b440afa8a813,ym_yorb_sizing_L_1_2_4,paper,approved,SPOOF-a8a813,2026-05-21T21:37:12Z,2026-05-21T21:37:12Z
verify_f34ba4babf4a,intent_ca17fac2a9b2,ym_yorb_sizing_L_1_2_4,paper,approved,SPOOF-c2a9b2,2026-05-21T21:37:12Z,2026-05-21T21:37:12Z
verify_1a90f75069dc,intent_ba30781f3ac6,ym_yorb_sizing_L_1_2_4,paper,approved,SPOOF-1f3ac6,2026-05-21T21:37:12Z,2026-05-21T21:37:12Z
verify_6e8c1e8cf633,intent_5f373d3d0d75,ym_yorb_sizing_L_1_2_4,paper,approved,SPOOF-3d0d75,2026-05-21T21:37:12Z,2026-05-21T21:37:12Z
verify_90fe7c1de939,intent_0ce304372c4b,ym_yorb_sizing_L_1_2_4,paper,approved,SPOOF-372c4b,2026-05-21T21:37:13Z,2026-05-21T21:37:13Z
verify_66071656f6d8,intent_51d568a67222,ym_yorb_sizing_L_1_2_4,paper,approved,SPOOF-a67222,2026-05-21T21:37:13Z,2026-05-21T21:37:13Z
verify_19bf8061cb96,intent_7879504066b7,ym_yorb_sizing_L_1_2_4,paper,approved,SPOOF-4066b7,2026-05-21T21:37:13Z,2026-05-21T21:37:13Z
verify_236f84030970,intent_c98783bb0332,ym_yorb_sizing_L_1_2_4,paper,approved,SPOOF-bb0332,2026-05-21T21:37:13Z,2026-05-21T21:37:13Z
verify_54f2c9a0b318,intent_e33d95b5b57d,ym_yorb_sizing_L_1_2_4,paper,approved,SPOOF-b5b57d,2026-05-21T21:37:13Z,2026-05-21T21:37:13Z
verify_760b147387df,intent_38e50346ccd2,ym_yorb_sizing_L_1_2_4,paper,approved,SPOOF-46ccd2,2026-05-21T21:37:13Z,2026-05-21T21:37:13Z
verify_05dbd1620b8c,intent_d0e4359573e5,ym_yorb_sizing_L_1_2_4,paper,approved,SPOOF-9573e5,2026-05-21T21:37:15Z,2026-05-21T21:37:15Z
verify_8952239e4b1e,intent_91b085ce3106,ym_yorb_sizing_L_1_2_4,paper,approved,SPOOF-ce3106,2026-05-21T21:37:15Z,2026-05-21T21:37:15Z
verify_1ae8178f69b0,intent_3d66c88f25a3,ym_yorb_sizing_L_1_2_4,paper,approved,SPOOF-8f25a3,2026-05-21T21:37:15Z,2026-05-21T21:37:15Z
verify_5bfd532bfc84,intent_64f356bafe06,ym_yorb_sizing_L_1_2_4,paper,approved,SPOOF-bafe06,2026-05-21T21:37:15Z,2026-05-21T21:37:15Z
verify_2dcbd193a79a,intent_3f2cf85ddd53,ym_yorb_sizing_L_1_2_4,paper,approved,SPOOF-5ddd53,2026-05-21T21:37:15Z,2026-05-21T21:37:15Z
verify_1afc838f7215,intent_f3e1165da544,ym_yorb_sizing_L_1_2_4,paper,approved,SPOOF-5da544,2026-05-21T21:37:15Z,2026-05-21T21:37:15Z
verify_d0a49760e7c9,intent_40112b8e3a77,ym_yorb_sizing_L_1_2_4,paper,approved,SPOOF-8e3a77,2026-05-21T21:37:15Z,2026-05-21T21:37:15Z
verify_109dd245892b,intent_3d2ec15b24ee,ym_yorb_sizing_L_1_2_4,paper,approved,SPOOF-5b24ee,2026-05-21T21:37:15Z,2026-05-21T21:37:15Z
verify_6533d01bf1c0,intent_ab308f35380c,ym_yorb_sizing_L_1_2_4,paper,approved,SPOOF-35380c,2026-05-21T21:37:15Z,2026-05-21T21:37:15Z
verify_b951190c354c,intent_6e697bc5329f,ym_yorb_sizing_L_1_2_4,paper,approved,SPOOF-c5329f,2026-05-21T21:37:16Z,2026-05-21T21:37:16Z
verify_8808c4cd4613,intent_78aaae602c17,ym_yorb_sizing_L_1_2_4,paper,approved,SPOOF-602c17,2026-05-21T21:37:16Z,2026-05-21T21:37:16Z
verify_c0800acdc10a,intent_e67611c29f1b,ym_yorb_sizing_L_1_2_4,paper,approved,SPOOF-c29f1b,2026-05-21T21:37:16Z,2026-05-21T21:37:16Z
verify_c8ffb9e9d2d2,intent_697e625b2276,ym_yorb_sizing_L_1_2_4,paper,approved,SPOOF-5b2276,2026-05-21T21:37:16Z,2026-05-21T21:37:16Z
verify_53e545fcf589,intent_3c19f537c117,ym_yorb_sizing_L_1_2_4,paper,approved,SPOOF-37c117,2026-05-21T21:37:16Z,2026-05-21T21:37:16Z
verify_7987bc1170d8,intent_c99d59722eb2,ym_yorb_sizing_L_1_2_4,paper,approved,SPOOF-722eb2,2026-05-21T21:37:16Z,2026-05-21T21:37:16Z
verify_b49a93d3737a,intent_bdc05fa3301c,ym_yorb_sizing_L_1_2_4,paper,approved,SPOOF-a3301c,2026-05-21T21:37:16Z,2026-05-21T21:37:16Z
verify_472e57d364fc,intent_351579da6571,ym_yorb_sizing_L_1_2_4,paper,approved,SPOOF-da6571,2026-05-21T21:37:16Z,2026-05-21T21:37:16Z
verify_9972238fd3a2,intent_c5c8b06fe8d7,ym_yorb_sizing_L_1_2_4,paper,approved,SPOOF-6fe8d7,2026-05-21T21:37:16Z,2026-05-21T21:37:16Z
verify_1500ce2edf28,intent_047776fc75cc,ym_yorb_sizing_L_1_2_4,paper,approved,SPOOF-fc75cc,2026-05-21T21:37:17Z,2026-05-21T21:37:17Z
verify_34ba204215eb,intent_0e1175e6c778,ym_yorb_sizing_L_1_2_4,paper,approved,SPOOF-e6c778,2026-05-21T21:37:17Z,2026-05-21T21:37:17Z
verify_b8ea2c81fbca,intent_f4db6138dae5,ym_yorb_sizing_L_1_2_4,paper,approved,SPOOF-38dae5,2026-05-21T21:37:17Z,2026-05-21T21:37:17Z
verify_bce248aefcda,intent_a0d58c6f4054,ym_yorb_sizing_L_1_2_4,paper,approved,SPOOF-6f4054,2026-05-21T21:37:17Z,2026-05-21T21:37:17Z
verify_e1fbfcf2e465,intent_956f2ecee1cb,ym_yorb_sizing_L_1_2_4,paper,approved,SPOOF-cee1cb,2026-05-21T21:37:17Z,2026-05-21T21:37:17Z
verify_d3d6e152d4ff,intent_8484e7cc7dd9,ym_yorb_sizing_L_1_2_4,paper,approved,SPOOF-cc7dd9,2026-05-21T21:37:17Z,2026-05-21T21:37:17Z
verify_6cc102a76ade,intent_e1621d4cf3e0,ym_yorb_sizing_L_1_2_4,paper,approved,SPOOF-4cf3e0,2026-05-21T21:37:20Z,2026-05-21T21:37:20Z
verify_3ce2f8ee2e14,intent_7da8f1f57a30,ym_yorb_sizing_L_1_2_4,paper,approved,SPOOF-f57a30,2026-05-21T21:37:20Z,2026-05-21T21:37:20Z
verify_573b26a889d9,intent_16c4ad2f9441,ym_yorb_sizing_L_1_2_4,paper,approved,SPOOF-2f9441,2026-05-21T21:37:20Z,2026-05-21T21:37:20Z
verify_c26052d4edc6,intent_66329268cfbe,ym_yorb_sizing_L_1_2_4,paper,approved,SPOOF-68cfbe,2026-05-21T21:37:20Z,2026-05-21T21:37:20Z
verify_ac53cfc477f2,intent_8ecb3ed0ccb3,ym_yorb_sizing_L_1_2_4,paper,approved,SPOOF-d0ccb3,2026-05-21T21:37:20Z,2026-05-21T21:37:20Z
verify_2708ffc57455,intent_7e30f736260d,ym_yorb_sizing_L_1_2_4,paper,approved,SPOOF-36260d,2026-05-21T21:37:20Z,2026-05-21T21:37:20Z
verify_68e366c5c0b7,intent_b1a0acaa41a4,ym_yorb_sizing_L_1_2_4,paper,approved,SPOOF-aa41a4,2026-05-21T21:37:20Z,2026-05-21T21:37:20Z
verify_c40c12c2fc75,intent_4813a9a2d352,ym_yorb_sizing_L_1_2_4,paper,approved,SPOOF-a2d352,2026-05-21T21:37:20Z,2026-05-21T21:37:20Z
verify_c44c59841db3,intent_5b6d18ce3c03,ym_yorb_sizing_L_1_2_4,paper,approved,SPOOF-ce3c03,2026-05-21T21:37:20Z,2026-05-21T21:37:20Z
verify_168addadbd9b,intent_682b6de12267,ym_yorb_sizing_L_1_2_4,paper,approved,SPOOF-e12267,2026-05-21T21:37:23Z,2026-05-21T21:37:23Z
verify_0bf9bb93678f,intent_de5476baf0a4,ym_yorb_sizing_L_1_2_4,paper,approved,SPOOF-baf0a4,2026-05-21T21:37:23Z,2026-05-21T21:37:23Z
verify_099993d4063f,intent_ead188c5cc22,ym_yorb_sizing_L_1_2_4,paper,approved,SPOOF-c5cc22,2026-05-21T21:37:23Z,2026-05-21T21:37:23Z
verify_371a8f7e4950,intent_0dd2a1ab6bcf,ym_yorb_sizing_L_1_2_4,paper,approved,SPOOF-ab6bcf,2026-05-21T21:37:23Z,2026-05-21T21:37:23Z
verify_2f84de4d815d,intent_23e46220a81a,ym_yorb_sizing_L_1_2_4,paper,approved,SPOOF-20a81a,2026-05-21T21:37:23Z,2026-05-21T21:37:23Z
verify_88dabb69cb3e,intent_f86d0e039d3b,ym_yorb_sizing_L_1_2_4,paper,approved,SPOOF-039d3b,2026-05-21T21:37:23Z,2026-05-21T21:37:23Z
verify_45ca5c93a9ee,intent_c20eae50475e,ym_yorb_sizing_L_1_2_4,paper,approved,SPOOF-50475e,2026-05-21T21:37:24Z,2026-05-21T21:37:24Z
verify_a1704fd1d172,intent_5e74af028a5d,ym_yorb_sizing_L_1_2_4,paper,approved,SPOOF-028a5d,2026-05-21T21:37:24Z,2026-05-21T21:37:24Z
verify_03ad8dd56a0c,intent_0aab3ca1cd94,ym_yorb_sizing_L_1_2_4,paper,approved,SPOOF-a1cd94,2026-05-21T21:37:24Z,2026-05-21T21:37:24Z
verify_c26bfed56883,intent_215587d7fa49,ym_yorb_sizing_L_1_2_4,paper,approved,SPOOF-d7fa49,2026-05-21T21:37:26Z,2026-05-21T21:37:26Z
verify_237c926912bd,intent_d32b08f1fc94,ym_yorb_sizing_L_1_2_4,paper,approved,SPOOF-f1fc94,2026-05-21T21:37:26Z,2026-05-21T21:37:26Z
verify_3a92242e7b12,intent_e92230b504ff,ym_yorb_sizing_L_1_2_4,paper,approved,SPOOF-b504ff,2026-05-21T21:37:27Z,2026-05-21T21:37:27Z
verify_81d96958bded,intent_c04571f1217c,ym_yorb_sizing_L_1_2_4,paper,approved,SPOOF-f1217c,2026-05-21T21:37:27Z,2026-05-21T21:37:27Z
verify_9b71a66ede84,intent_3e5318f4450a,ym_yorb_sizing_L_1_2_4,paper,approved,SPOOF-f4450a,2026-05-21T21:37:27Z,2026-05-21T21:37:27Z
verify_b992cff62386,intent_31ea7e09989b,ym_yorb_sizing_L_1_2_4,paper,approved,SPOOF-09989b,2026-05-21T21:37:27Z,2026-05-21T21:37:27Z
verify_cc32382aac36,intent_8b4341e79934,ym_yorb_sizing_L_1_2_4,paper,approved,SPOOF-e79934,2026-05-21T21:37:27Z,2026-05-21T21:37:27Z
verify_87136cfc2f7d,intent_07ff58c875fe,ym_yorb_sizing_L_1_2_4,paper,approved,SPOOF-c875fe,2026-05-21T21:37:27Z,2026-05-21T21:37:27Z
verify_4b9d109a269a,intent_e702dc7e9d5b,ym_yorb_sizing_L_1_2_4,paper,approved,SPOOF-7e9d5b,2026-05-21T21:37:27Z,2026-05-21T21:37:27Z
verify_3fba5d983e0b,intent_d8375b29d15e,ym_yorb_sizing_L_1_2_4,paper,approved,SPOOF-29d15e,2026-05-21T21:37:28Z,2026-05-21T21:37:28Z
verify_09f216226716,intent_25a6d67ffcd2,ym_yorb_sizing_L_1_2_4,paper,approved,SPOOF-7ffcd2,2026-05-21T21:37:28Z,2026-05-21T21:37:28Z
verify_e77abf52b10e,intent_91de9a0b0597,ym_yorb_sizing_L_1_2_4,paper,approved,SPOOF-0b0597,2026-05-21T21:37:28Z,2026-05-21T21:37:28Z
verify_76bf98938dbf,intent_228aa1dc1d3d,ym_yorb_sizing_L_1_2_4,paper,approved,SPOOF-dc1d3d,2026-05-21T21:37:28Z,2026-05-21T21:37:28Z
verify_4c562e0c9cc1,intent_6f84d3e66acc,ym_yorb_sizing_L_1_2_4,paper,approved,SPOOF-e66acc,2026-05-21T21:37:28Z,2026-05-21T21:37:28Z
verify_bbedc45b2563,intent_4b6ab829a684,ym_yorb_sizing_L_1_2_4,paper,approved,SPOOF-29a684,2026-05-21T21:37:28Z,2026-05-21T21:37:28Z
verify_c2a1873b3ad8,intent_9118b4bb89c1,ym_yorb_sizing_L_1_2_4,paper,approved,SPOOF-bb89c1,2026-05-21T21:37:28Z,2026-05-21T21:37:28Z
verify_143c0bf8933a,intent_e034c16911eb,ym_yorb_sizing_L_1_2_4,paper,approved,SPOOF-6911eb,2026-05-21T21:37:28Z,2026-05-21T21:37:28Z
verify_b6c11d11c1b1,intent_b5aa4b80f0ea,ym_yorb_sizing_L_1_2_4,paper,approved,SPOOF-80f0ea,2026-05-21T21:37:29Z,2026-05-21T21:37:29Z
verify_945a04f8e634,intent_3106860e1737,ym_yorb_sizing_L_1_2_4,paper,approved,SPOOF-0e1737,2026-05-21T21:37:29Z,2026-05-21T21:37:29Z
verify_92428911711c,intent_e96a41412d09,ym_yorb_sizing_L_1_2_4,paper,approved,SPOOF-412d09,2026-05-21T21:37:29Z,2026-05-21T21:37:29Z
verify_3e7efa44c1d0,intent_3247a48150f3,ym_yorb_sizing_L_1_2_4,paper,approved,SPOOF-8150f3,2026-05-21T21:37:29Z,2026-05-21T21:37:29Z
verify_ff328c05411a,intent_e2c5e8315419,ym_yorb_sizing_L_1_2_4,paper,approved,SPOOF-315419,2026-05-21T21:37:31Z,2026-05-21T21:37:31Z
verify_c18c2c986bb0,intent_f164b8e84f4d,ym_yorb_sizing_L_1_2_4,paper,approved,SPOOF-e84f4d,2026-05-21T21:37:31Z,2026-05-21T21:37:31Z
verify_84fe694d4082,intent_0f11f057767c,ym_yorb_sizing_L_1_2_4,paper,approved,SPOOF-57767c,2026-05-21T21:37:31Z,2026-05-21T21:37:31Z
verify_78757518141f,intent_523cc81a46de,ym_yorb_sizing_L_1_2_4,paper,approved,SPOOF-1a46de,2026-05-21T21:37:31Z,2026-05-21T21:37:31Z
verify_761242313c7b,intent_cbed0fd53ad1,ym_yorb_sizing_L_1_2_4,paper,approved,SPOOF-d53ad1,2026-05-21T21:37:31Z,2026-05-21T21:37:31Z
verify_bf9f21e349cb,intent_54b5b5809688,ym_yorb_sizing_L_1_2_4,paper,approved,SPOOF-809688,2026-05-21T21:37:31Z,2026-05-21T21:37:31Z
verify_4e87fce8dbe7,intent_ce2a9cc44e8b,ym_yorb_sizing_L_1_2_4,paper,approved,SPOOF-c44e8b,2026-05-21T21:37:32Z,2026-05-21T21:37:32Z
verify_cfb091423bde,intent_912278b703c1,ym_yorb_sizing_L_1_2_4,paper,approved,SPOOF-b703c1,2026-05-21T21:37:32Z,2026-05-21T21:37:32Z
verify_d413a0be6bbe,intent_9c9edc14b997,ym_yorb_sizing_L_1_2_4,paper,approved,SPOOF-14b997,2026-05-21T21:37:32Z,2026-05-21T21:37:32Z
verify_ffef494e5047,intent_66b50d95f10a,ym_yorb_sizing_L_1_2_4,paper,approved,SPOOF-95f10a,2026-05-21T21:37:32Z,2026-05-21T21:37:32Z
verify_77b91f62addb,intent_7fdedda8c96f,ym_yorb_sizing_L_1_2_4,paper,approved,SPOOF-a8c96f,2026-05-21T21:37:32Z,2026-05-21T21:37:32Z
verify_f6324f997383,intent_ae8fbec95410,ym_yorb_sizing_L_1_2_4,paper,approved,SPOOF-c95410,2026-05-21T21:37:32Z,2026-05-21T21:37:32Z
verify_52db201ecc35,intent_d5a139372b4a,ym_yorb_sizing_L_1_2_4,paper,approved,SPOOF-372b4a,2026-05-21T21:37:33Z,2026-05-21T21:37:33Z
verify_437699507399,intent_4ce7b747f2be,ym_yorb_sizing_L_1_2_4,paper,approved,SPOOF-47f2be,2026-05-21T21:37:33Z,2026-05-21T21:37:33Z
verify_44609df90774,intent_0897f2daf7a7,ym_yorb_sizing_L_1_2_4,paper,approved,SPOOF-daf7a7,2026-05-21T21:37:33Z,2026-05-21T21:37:33Z
verify_e180b0a467b5,intent_dd21950cd05e,ym_yorb_sizing_L_1_2_4,paper,approved,SPOOF-0cd05e,2026-05-21T21:37:36Z,2026-05-21T21:37:36Z
verify_54939b05d660,intent_9d00f3363114,ym_yorb_sizing_L_1_2_4,paper,approved,SPOOF-363114,2026-05-21T21:37:36Z,2026-05-21T21:37:36Z
verify_cc89726c8d94,intent_ed92b3d92489,ym_yorb_sizing_L_1_2_4,paper,approved,SPOOF-d92489,2026-05-21T21:37:36Z,2026-05-21T21:37:36Z
verify_4362fc6e23bc,intent_a49e3fc03876,ym_yorb_sizing_L_1_2_4,paper,approved,SPOOF-c03876,2026-05-21T21:37:37Z,2026-05-21T21:37:37Z
verify_084336e214fc,intent_370be95fb597,ym_yorb_sizing_L_1_2_4,paper,approved,SPOOF-5fb597,2026-05-21T21:37:37Z,2026-05-21T21:37:37Z
verify_7ef82ae455ea,intent_521b917443e4,ym_yorb_sizing_L_1_2_4,paper,approved,SPOOF-7443e4,2026-05-21T21:37:37Z,2026-05-21T21:37:37Z
verify_555e39d25abe,intent_459ba8508b66,ym_yorb_sizing_L_1_2_4,paper,approved,SPOOF-508b66,2026-05-21T21:37:40Z,2026-05-21T21:37:40Z
verify_72a486c61d80,intent_c757487b0895,ym_yorb_sizing_L_1_2_4,paper,approved,SPOOF-7b0895,2026-05-21T21:37:40Z,2026-05-21T21:37:40Z
verify_7925f24918d8,intent_13f03fb22632,ym_yorb_sizing_L_1_2_4,paper,approved,SPOOF-b22632,2026-05-21T21:37:40Z,2026-05-21T21:37:40Z
verify_8a8066027057,intent_41caeeb644a6,ym_yorb_sizing_L_1_2_4,paper,approved,SPOOF-b644a6,2026-05-21T21:37:41Z,2026-05-21T21:37:41Z
verify_d8ec9b6299b3,intent_c2d2457e162c,ym_yorb_sizing_L_1_2_4,paper,approved,SPOOF-7e162c,2026-05-21T21:37:41Z,2026-05-21T21:37:41Z
verify_f048a01c87d0,intent_13efaf6d3f76,ym_yorb_sizing_L_1_2_4,paper,approved,SPOOF-6d3f76,2026-05-21T21:37:41Z,2026-05-21T21:37:41Z
verify_a1573aef7fec,intent_ea77c41496cf,ym_yorb_sizing_L_1_2_4,paper,approved,SPOOF-1496cf,2026-05-21T21:37:44Z,2026-05-21T21:37:44Z
verify_dc997e373341,intent_bdfd4710d9c2,ym_yorb_sizing_L_1_2_4,paper,approved,SPOOF-10d9c2,2026-05-21T21:37:44Z,2026-05-21T21:37:44Z
verify_6a3484491236,intent_2919f96b9f34,ym_yorb_sizing_L_1_2_4,paper,approved,SPOOF-6b9f34,2026-05-21T21:37:44Z,2026-05-21T21:37:44Z
verify_d2d34738cf23,intent_9bbe0bf63628,ym_yorb_sizing_L_1_2_4,paper,approved,SPOOF-f63628,2026-05-21T21:37:45Z,2026-05-21T21:37:45Z
verify_8da4defdc65f,intent_08030a380236,ym_yorb_sizing_L_1_2_4,paper,approved,SPOOF-380236,2026-05-21T21:37:45Z,2026-05-21T21:37:45Z
verify_f084f4b00b48,intent_368f5629caad,ym_yorb_sizing_L_1_2_4,paper,approved,SPOOF-29caad,2026-05-21T21:37:45Z,2026-05-21T21:37:45Z
verify_4ec23b8f1721,intent_f49902ee1853,ym_yorb_sizing_L_1_2_4,paper,approved,SPOOF-ee1853,2026-05-21T21:37:45Z,2026-05-21T21:37:45Z
verify_54adbf2f3549,intent_5a49dd74b5e5,ym_yorb_sizing_L_1_2_4,paper,approved,SPOOF-74b5e5,2026-05-21T21:37:45Z,2026-05-21T21:37:45Z
verify_99a680441fcc,intent_4a58129c494a,ym_yorb_sizing_L_1_2_4,paper,approved,SPOOF-9c494a,2026-05-21T21:37:45Z,2026-05-21T21:37:45Z
verify_4718b7023569,intent_571a77beebc1,ym_yorb_sizing_L_1_2_4,paper,approved,SPOOF-beebc1,2026-05-21T21:37:46Z,2026-05-21T21:37:46Z
verify_1af69bd57e9d,intent_ecc7a3ac89a0,ym_yorb_sizing_L_1_2_4,paper,approved,SPOOF-ac89a0,2026-05-21T21:37:46Z,2026-05-21T21:37:46Z
verify_f1c145b2f486,intent_1257eb2c3d71,ym_yorb_sizing_L_1_2_4,paper,approved,SPOOF-2c3d71,2026-05-21T21:37:46Z,2026-05-21T21:37:46Z
verify_9d967467f373,intent_693e2300cd9c,ym_yorb_sizing_L_1_2_4,paper,approved,SPOOF-00cd9c,2026-05-21T21:37:46Z,2026-05-21T21:37:46Z
verify_fb036b6cd1a4,intent_f0df1eabf20e,ym_yorb_sizing_L_1_2_4,paper,approved,SPOOF-abf20e,2026-05-21T21:37:46Z,2026-05-21T21:37:46Z
verify_28ff3b3f0b51,intent_3f4dfc433764,ym_yorb_sizing_L_1_2_4,paper,approved,SPOOF-433764,2026-05-21T21:37:46Z,2026-05-21T21:37:46Z
verify_6ab9e490cf8c,intent_021b0d6ae2e4,ym_yorb_sizing_L_1_2_4,paper,approved,SPOOF-6ae2e4,2026-05-21T21:37:47Z,2026-05-21T21:37:47Z
verify_25fdba255674,intent_63c12f858017,ym_yorb_sizing_L_1_2_4,paper,approved,SPOOF-858017,2026-05-21T21:37:47Z,2026-05-21T21:37:47Z
verify_cbf5aa9826c3,intent_a0e3f3b53440,ym_yorb_sizing_L_1_2_4,paper,approved,SPOOF-b53440,2026-05-21T21:37:47Z,2026-05-21T21:37:47Z
verify_b0adcba382c4,intent_4d7b0fef2bdb,ym_yorb_sizing_L_1_2_4,paper,approved,SPOOF-ef2bdb,2026-05-21T21:37:51Z,2026-05-21T21:37:51Z
verify_eb96e1a9d633,intent_eed65c7eadc8,ym_yorb_sizing_L_1_2_4,paper,approved,SPOOF-7eadc8,2026-05-21T21:37:51Z,2026-05-21T21:37:51Z
verify_4f139225cef4,intent_0c423d3b610a,ym_yorb_sizing_L_1_2_4,paper,approved,SPOOF-3b610a,2026-05-21T21:37:51Z,2026-05-21T21:37:51Z
verify_e5e70dce32d8,intent_49e9c1ebb0f9,ym_yorb_sizing_L_1_2_4,paper,approved,SPOOF-ebb0f9,2026-05-21T21:37:52Z,2026-05-21T21:37:52Z
verify_d441b31e6527,intent_67228fb396b1,ym_yorb_sizing_L_1_2_4,paper,approved,SPOOF-b396b1,2026-05-21T21:37:52Z,2026-05-21T21:37:52Z
verify_6af81fb84611,intent_fb6fa3710020,ym_yorb_sizing_L_1_2_4,paper,approved,SPOOF-710020,2026-05-21T21:37:52Z,2026-05-21T21:37:52Z
verify_675bdfff826a,intent_b498122714ef,ym_yorb_sizing_L_1_2_4,paper,approved,SPOOF-2714ef,2026-05-21T21:37:53Z,2026-05-21T21:37:53Z
verify_25e7d4a4afc9,intent_478fa45bc0a1,ym_yorb_sizing_L_1_2_4,paper,approved,SPOOF-5bc0a1,2026-05-21T21:37:53Z,2026-05-21T21:37:53Z
verify_76ba71c51900,intent_2b76098774b1,ym_yorb_sizing_L_1_2_4,paper,approved,SPOOF-8774b1,2026-05-21T21:37:53Z,2026-05-21T21:37:53Z
verify_9e7b9aaa9c40,intent_ba83cdd2d7d7,ym_yorb_sizing_L_1_2_4,paper,approved,SPOOF-d2d7d7,2026-05-21T21:37:53Z,2026-05-21T21:37:53Z
verify_757be0765711,intent_7ec69ec25800,ym_yorb_sizing_L_1_2_4,paper,approved,SPOOF-c25800,2026-05-21T21:37:53Z,2026-05-21T21:37:53Z
verify_a7753b2d209e,intent_16dad748a07e,ym_yorb_sizing_L_1_2_4,paper,approved,SPOOF-48a07e,2026-05-21T21:37:53Z,2026-05-21T21:37:53Z
verify_4688a8019bb1,intent_61e3ade8acea,ym_yorb_sizing_L_1_2_4,paper,approved,SPOOF-e8acea,2026-05-21T21:37:54Z,2026-05-21T21:37:54Z
verify_9471d4c61fe1,intent_1f5325a87c7a,ym_yorb_sizing_L_1_2_4,paper,approved,SPOOF-a87c7a,2026-05-21T21:37:54Z,2026-05-21T21:37:54Z
verify_9eb47d4fa4eb,intent_aa6a1bc80078,ym_yorb_sizing_L_1_2_4,paper,approved,SPOOF-c80078,2026-05-21T21:37:54Z,2026-05-21T21:37:54Z
verify_ee0eedc8efb2,intent_83bda81ed680,ym_yorb_sizing_L_1_2_4,paper,approved,SPOOF-1ed680,2026-05-21T21:37:54Z,2026-05-21T21:37:54Z
verify_cd5adfd83a01,intent_8df784f69494,ym_yorb_sizing_L_1_2_4,paper,approved,SPOOF-f69494,2026-05-21T21:37:54Z,2026-05-21T21:37:54Z
verify_8c9c37a97937,intent_ef6a2fb9e01d,ym_yorb_sizing_L_1_2_4,paper,approved,SPOOF-b9e01d,2026-05-21T21:37:54Z,2026-05-21T21:37:54Z
verify_47a5c8e29a00,intent_76f5a3408b1e,ym_yorb_sizing_L_1_2_4,paper,approved,SPOOF-408b1e,2026-05-21T21:37:55Z,2026-05-21T21:37:55Z
verify_764436c81e6c,intent_8f8de77c998e,ym_yorb_sizing_L_1_2_4,paper,approved,SPOOF-7c998e,2026-05-21T21:37:55Z,2026-05-21T21:37:55Z
verify_9588ddb42b29,intent_482af6c8b6c8,ym_yorb_sizing_L_1_2_4,paper,approved,SPOOF-c8b6c8,2026-05-21T21:37:55Z,2026-05-21T21:37:55Z
verify_01d768ea1728,intent_38a3722561f7,ym_yorb_sizing_L_1_2_4,paper,approved,SPOOF-2561f7,2026-05-21T21:37:56Z,2026-05-21T21:37:56Z
verify_f5bb0479f0fc,intent_05074c073ccb,ym_yorb_sizing_L_1_2_4,paper,approved,SPOOF-073ccb,2026-05-21T21:37:56Z,2026-05-21T21:37:56Z
verify_f4245bb52bee,intent_fa5b5d679f9a,ym_yorb_sizing_L_1_2_4,paper,approved,SPOOF-679f9a,2026-05-21T21:37:56Z,2026-05-21T21:37:56Z
verify_c5c459a768e7,intent_a109ebddca85,ym_yorb_sizing_L_1_2_4,paper,approved,SPOOF-ddca85,2026-05-21T21:37:59Z,2026-05-21T21:37:59Z
verify_91dbbe8d470a,intent_b9ec6da9b43b,ym_yorb_sizing_L_1_2_4,paper,approved,SPOOF-a9b43b,2026-05-21T21:37:59Z,2026-05-21T21:37:59Z
verify_a1e1d03d2100,intent_2b13dcfbcd49,ym_yorb_sizing_L_1_2_4,paper,approved,SPOOF-fbcd49,2026-05-21T21:38:00Z,2026-05-21T21:38:00Z
verify_d62f23bb01d7,intent_c730004a83fa,ym_yorb_sizing_L_1_2_4,paper,approved,SPOOF-4a83fa,2026-05-21T21:38:00Z,2026-05-21T21:38:00Z
verify_7cbebdac398d,intent_331cf69dbfd5,ym_yorb_sizing_L_1_2_4,paper,approved,SPOOF-9dbfd5,2026-05-21T21:38:00Z,2026-05-21T21:38:00Z
verify_a52b1c36b802,intent_a1732ce9cd95,ym_yorb_sizing_L_1_2_4,paper,approved,SPOOF-e9cd95,2026-05-21T21:38:00Z,2026-05-21T21:38:00Z
verify_0f2aedc60cb9,intent_d7aaa8872f49,ym_yorb_sizing_L_1_2_4,paper,approved,SPOOF-872f49,2026-05-21T21:38:01Z,2026-05-21T21:38:01Z
verify_664def4d8423,intent_0918dad5aac9,ym_yorb_sizing_L_1_2_4,paper,approved,SPOOF-d5aac9,2026-05-21T21:38:01Z,2026-05-21T21:38:01Z
verify_eccd2ebe4c9e,intent_f5fdd4fa91b0,ym_yorb_sizing_L_1_2_4,paper,approved,SPOOF-fa91b0,2026-05-21T21:38:01Z,2026-05-21T21:38:01Z
verify_b215a8dbed1e,intent_0d4162585446,ym_yorb_sizing_L_1_2_4,paper,approved,SPOOF-585446,2026-05-21T21:38:01Z,2026-05-21T21:38:01Z
verify_001e5273f9f8,intent_e99a60fc20c5,ym_yorb_sizing_L_1_2_4,paper,approved,SPOOF-fc20c5,2026-05-21T21:38:01Z,2026-05-21T21:38:01Z
verify_17c52ae02a42,intent_00b29e12a86c,ym_yorb_sizing_L_1_2_4,paper,approved,SPOOF-12a86c,2026-05-21T21:38:02Z,2026-05-21T21:38:02Z
verify_4e441022ed15,intent_fea8f53f68e0,ym_yorb_sizing_L_1_2_4,paper,approved,SPOOF-3f68e0,2026-05-21T21:38:06Z,2026-05-21T21:38:06Z
verify_26c9ecbf1e60,intent_0a8312311641,ym_yorb_sizing_L_1_2_4,paper,approved,SPOOF-311641,2026-05-21T21:38:06Z,2026-05-21T21:38:06Z
verify_85b2b01fa4f1,intent_353664356f0d,ym_yorb_sizing_L_1_2_4,paper,approved,SPOOF-356f0d,2026-05-21T21:38:06Z,2026-05-21T21:38:06Z
verify_f7320891e8e8,intent_9ac86863af7c,ym_yorb_sizing_L_1_2_4,paper,approved,SPOOF-63af7c,2026-05-21T21:38:06Z,2026-05-21T21:38:06Z
verify_c9ede27f0f8b,intent_a7e415cce91c,ym_yorb_sizing_L_1_2_4,paper,approved,SPOOF-cce91c,2026-05-21T21:38:07Z,2026-05-21T21:38:07Z
verify_72fb60278c02,intent_199457615599,ym_yorb_sizing_L_1_2_4,paper,approved,SPOOF-615599,2026-05-21T21:38:07Z,2026-05-21T21:38:07Z
verify_a3fe7e5cfc96,intent_75835fee6357,ym_yorb_sizing_L_1_2_4,paper,approved,SPOOF-ee6357,2026-05-21T21:38:07Z,2026-05-21T21:38:07Z
verify_c8d774f07844,intent_a70735d8c992,ym_yorb_sizing_L_1_2_4,paper,approved,SPOOF-d8c992,2026-05-21T21:38:07Z,2026-05-21T21:38:07Z
verify_2904e1129bfe,intent_903df2e8dbe4,ym_yorb_sizing_L_1_2_4,paper,approved,SPOOF-e8dbe4,2026-05-21T21:38:07Z,2026-05-21T21:38:07Z
verify_e0e6c56c2482,intent_48168e9c9b86,ym_yorb_sizing_L_1_2_4,paper,approved,SPOOF-9c9b86,2026-05-21T21:38:08Z,2026-05-21T21:38:08Z
verify_5aedc2e7a0ea,intent_1e790f3241ff,ym_yorb_sizing_L_1_2_4,paper,approved,SPOOF-3241ff,2026-05-21T21:38:08Z,2026-05-21T21:38:08Z
verify_702de4396d36,intent_93dedbbc8eca,ym_yorb_sizing_L_1_2_4,paper,approved,SPOOF-bc8eca,2026-05-21T21:38:08Z,2026-05-21T21:38:08Z
