Market,Period,Entry_Kind,Entry_Date,Entry_Price,Range_High,Range_Low,Range,TP50,TP1,TP2,Stop,Exit_Date,Exit_Price,Exit_Reason,Trade_PL,Result,MAE_Price_Pts,MFE_Price_Pts,Open_At_End,False_Breakout,Units,Unit_Exits,Symbol,Cumulative_PL
MNQ,2019-05,Bottom-Refill,2019-05-16,7581.5,7817.5,7581.5,236.0,7463.5,7345.5,,,2019-05-16,7607.75,Daily-Close-At-Or-Above-Range-Low-Before-TP1,-52.5,Loss,59.75,108.25,False,False,2,U1:2019-05-16:7607.75:Daily-Close-At-Or-Above-Range-Low-Before-TP1:-26.25;U2:2019-05-16:7607.75:Daily-Close-At-Or-Above-Range-Low-Before-TP1:-26.25,MNQM9,-52.5
MNQ,2019-05,Stop-Breakdown,2019-05-09,7581.5,7817.5,7581.5,236.0,7463.5,7345.5,7109.5,,2019-05-31,7136.25,TP50+TP1+Period-Close,799.25,Win,72.0,452.0,True,False,3,U1:2019-05-10:7463.50:TP50:118.00;U2:2019-05-13:7345.50:TP1:236.00;U3:2019-05-31:7136.25:Period-Close:445.25,MNQM9,746.75
MNQ,2019-07,Stop-Breakdown,2019-07-09,7758.75,7900.75,7758.75,142.0,7687.75,7616.75,7474.75,,2019-07-09,7847.0,False-Breakdown-Close-25pct-Inside,-264.75,Loss,0.0,0.0,False,True,3,U1:2019-07-09:7847.00:False-Breakdown-Close-25pct-Inside:-88.25;U2:2019-07-09:7847.00:False-Breakdown-Close-25pct-Inside:-88.25;U3:2019-07-09:7847.00:False-Breakdown-Close-25pct-Inside:-88.25,MNQU9,482.0
MNQ,2019-08,Bottom-Refill,2019-08-08,7650.0,8014.5,7650.0,364.5,7467.75,7285.5,,,2019-08-08,7714.75,Daily-Close-At-Or-Above-Range-Low-Before-TP1,-129.5,Loss,88.5,123.75,False,False,2,U1:2019-08-08:7714.75:Daily-Close-At-Or-Above-Range-Low-Before-TP1:-64.75;U2:2019-08-08:7714.75:Daily-Close-At-Or-Above-Range-Low-Before-TP1:-64.75,MNQU9,352.5
MNQ,2019-08,Stop-Breakdown,2019-08-05,7650.0,8014.5,7650.0,364.5,7467.75,7285.5,6921.0,,2019-08-13,7754.25,TP50+TP1+Daily-Close-25pct-Back-In-Range-After-TP1,442.5,Win,139.25,425.0,False,False,3,U1:2019-08-05:7467.75:TP50:182.25;U2:2019-08-05:7285.50:TP1:364.50;U3:2019-08-13:7754.25:Daily-Close-25pct-Back-In-Range-After-TP1:-104.25,MNQU9,795.0
MNQ,2019-08,Bottom-Refill,2019-08-14,7650.0,8014.5,7650.0,364.5,7467.75,7285.5,,,2019-08-18,7651.5,TP50+Daily-Close-At-Or-Above-Range-Low-Before-TP1,180.75,Win,117.5,261.5,False,False,2,U1:2019-08-14:7467.75:TP50:182.25;U2:2019-08-18:7651.50:Daily-Close-At-Or-Above-Range-Low-Before-TP1:-1.50,MNQU9,975.75
MNQ,2019-08,Stop-Breakdown,2019-08-19,7650.0,8014.5,7650.0,364.5,7467.75,7285.5,6921.0,,2019-08-21,7769.75,Daily-Close-25pct-Back-In-Range-Before-TP1,-359.25,Loss,132.25,13.25,False,False,3,U1:2019-08-21:7769.75:Daily-Close-25pct-Back-In-Range-Before-TP1:-119.75;U2:2019-08-21:7769.75:Daily-Close-25pct-Back-In-Range-Before-TP1:-119.75;U3:2019-08-21:7769.75:Daily-Close-25pct-Back-In-Range-Before-TP1:-119.75,MNQU9,616.5
MNQ,2019-08,Stop-Breakdown,2019-08-23,7650.0,8014.5,7650.0,364.5,7467.75,7285.5,6921.0,,2019-08-30,7676.0,TP50+Period-Close,130.25,Win,120.25,338.25,True,False,3,U1:2019-08-23:7467.75:TP50:182.25;U2:2019-08-30:7676.00:Period-Close:-26.00;U3:2019-08-30:7676.00:Period-Close:-26.00,MNQU9,746.75
MNQ,2020-01,Stop-Breakdown,2020-01-06,8735.25,8907.75,8735.25,172.5,8649.0,8562.75,8390.25,,2020-01-06,8849.0,False-Breakdown-Close-25pct-Inside,-341.25,Loss,0.0,0.0,False,True,3,U1:2020-01-06:8849.00:False-Breakdown-Close-25pct-Inside:-113.75;U2:2020-01-06:8849.00:False-Breakdown-Close-25pct-Inside:-113.75;U3:2020-01-06:8849.00:False-Breakdown-Close-25pct-Inside:-113.75,MNQH0,405.5
MNQ,2020-01,Stop-Breakdown,2020-01-07,8735.25,8907.75,8735.25,172.5,8649.0,8562.75,8390.25,,2020-01-08,8952.0,Daily-Close-25pct-Back-In-Range-Before-TP1,-650.25,Loss,237.25,57.0,False,False,3,U1:2020-01-08:8952.00:Daily-Close-25pct-Back-In-Range-Before-TP1:-216.75;U2:2020-01-08:8952.00:Daily-Close-25pct-Back-In-Range-Before-TP1:-216.75;U3:2020-01-08:8952.00:Daily-Close-25pct-Back-In-Range-Before-TP1:-216.75,MNQH0,-244.75
MNQ,2020-01,Top-Limit,2020-01-09,8907.75,8907.75,8735.25,172.5,8735.25,8562.75,,8950.875,2020-01-09,9015.5,Top-Limit-Daily-Close-SL,-323.25,Loss,114.5,0.0,False,False,3,U1:2020-01-09:9015.50:Top-Limit-Daily-Close-SL:-107.75;U2:2020-01-09:9015.50:Top-Limit-Daily-Close-SL:-107.75;U3:2020-01-09:9015.50:Top-Limit-Daily-Close-SL:-107.75,MNQH0,-568.0
MNQ,2020-02,Stop-Breakdown,2020-02-25,8975.0,9369.0,8975.0,394.0,8778.0,8581.0,8187.0,,2020-02-28,8187.0,TP50+TP1+TP2,1379.0,Win,249.5,850.75,False,False,3,U1:2020-02-26:8778.00:TP50:197.00;U2:2020-02-27:8581.00:TP1:394.00;U3:2020-02-28:8187.00:TP2:788.00,MNQH0,811.0
MNQ,2020-03,Stop-Breakdown,2020-03-08,8248.5,9003.0,8248.5,754.5,7871.25,7494.0,6739.5,,2020-03-22,6739.5,TP50+TP1+TP2,2640.75,Win,169.75,1619.75,False,False,3,U1:2020-03-09:7871.25:TP50:377.25;U2:2020-03-12:7494.00:TP1:754.50;U3:2020-03-22:6739.50:TP2:1509.00,MNQH0,3451.75
MNQ,2020-06,Stop-Breakdown,2020-06-15,9481.25,9728.25,9481.25,247.0,9357.75,9234.25,8987.25,,2020-06-15,9865.25,False-Breakdown-Close-25pct-Inside,-1152.0,Loss,0.0,0.0,False,True,3,U1:2020-06-15:9865.25:False-Breakdown-Close-25pct-Inside:-384.00;U2:2020-06-15:9865.25:False-Breakdown-Close-25pct-Inside:-384.00;U3:2020-06-15:9865.25:False-Breakdown-Close-25pct-Inside:-384.00,MNQU0,2299.75
MNQ,2020-08,Stop-Breakdown,2020-08-11,10876.25,11094.75,10876.25,218.5,10767.0,10657.75,10439.25,,2020-08-12,11131.75,Daily-Close-25pct-Back-In-Range-Before-TP1,-766.5,Loss,308.25,31.0,False,False,3,U1:2020-08-12:11131.75:Daily-Close-25pct-Back-In-Range-Before-TP1:-255.50;U2:2020-08-12:11131.75:Daily-Close-25pct-Back-In-Range-Before-TP1:-255.50;U3:2020-08-12:11131.75:Daily-Close-25pct-Back-In-Range-Before-TP1:-255.50,MNQU0,1533.25
MNQ,2020-08,Top-Limit,2020-08-13,11094.75,11094.75,10876.25,218.5,10876.25,10657.75,,11149.375,2020-08-13,11205.25,Top-Limit-Daily-Close-SL,-331.5,Loss,171.0,0.5,False,False,3,U1:2020-08-13:11205.25:Top-Limit-Daily-Close-SL:-110.50;U2:2020-08-13:11205.25:Top-Limit-Daily-Close-SL:-110.50;U3:2020-08-13:11205.25:Top-Limit-Daily-Close-SL:-110.50,MNQU0,1201.75
MNQ,2020-09,Stop-Breakdown,2020-09-04,11582.25,12466.0,11582.25,883.75,11140.375,10698.5,9814.75,,2020-09-30,11444.0,TP50+TP1+Period-Close,1463.875,Win,261.0,925.5,True,False,3,U1:2020-09-08:11140.38:TP50:441.88;U2:2020-09-21:10698.50:TP1:883.75;U3:2020-09-30:11444.00:Period-Close:138.25,MNQU0,2665.625
MNQ,2020-10,Stop-Breakdown,2020-10-06,11205.0,11604.75,11205.0,399.75,11005.125,10805.25,10405.5,,2020-10-07,11500.75,Daily-Close-25pct-Back-In-Range-Before-TP1,-887.25,Loss,319.25,7.5,False,False,3,U1:2020-10-07:11500.75:Daily-Close-25pct-Back-In-Range-Before-TP1:-295.75;U2:2020-10-07:11500.75:Daily-Close-25pct-Back-In-Range-Before-TP1:-295.75;U3:2020-10-07:11500.75:Daily-Close-25pct-Back-In-Range-Before-TP1:-295.75,MNQZ0,1778.375
MNQ,2020-10,Top-Limit,2020-10-09,11604.75,11604.75,11205.0,399.75,11205.0,10805.25,,11704.6875,2020-10-09,11724.25,Top-Limit-Daily-Close-SL,-358.5,Loss,135.25,51.75,False,False,3,U1:2020-10-09:11724.25:Top-Limit-Daily-Close-SL:-119.50;U2:2020-10-09:11724.25:Top-Limit-Daily-Close-SL:-119.50;U3:2020-10-09:11724.25:Top-Limit-Daily-Close-SL:-119.50,MNQZ0,1419.875
MNQ,2020-10,Stop-Breakdown,2020-10-28,11205.0,11604.75,11205.0,399.75,11005.125,10805.25,10405.5,,2020-10-30,11087.25,TP50+Period-Close,435.375,Win,361.5,260.75,True,False,3,U1:2020-10-30:11005.12:TP50:199.88;U2:2020-10-30:11087.25:Period-Close:117.75;U3:2020-10-30:11087.25:Period-Close:117.75,MNQZ0,1855.25
MNQ,2020-12,Stop-Breakdown,2020-12-09,12313.75,12540.25,12313.75,226.5,12200.5,12087.25,11860.75,,2020-12-10,12404.0,Daily-Close-25pct-Back-In-Range-Before-TP1,-270.75,Loss,352.0,95.75,False,False,3,U1:2020-12-10:12404.00:Daily-Close-25pct-Back-In-Range-Before-TP1:-90.25;U2:2020-12-10:12404.00:Daily-Close-25pct-Back-In-Range-Before-TP1:-90.25;U3:2020-12-10:12404.00:Daily-Close-25pct-Back-In-Range-Before-TP1:-90.25,MNQZ0,1584.5
MNQ,2020-12,Stop-Breakdown,2020-12-11,12313.75,12540.25,12313.75,226.5,12200.5,12087.25,11860.75,,2020-12-13,12417.25,Daily-Close-25pct-Back-In-Range-Before-TP1,-310.5,Loss,129.5,80.0,False,False,3,U1:2020-12-13:12417.25:Daily-Close-25pct-Back-In-Range-Before-TP1:-103.50;U2:2020-12-13:12417.25:Daily-Close-25pct-Back-In-Range-Before-TP1:-103.50;U3:2020-12-13:12417.25:Daily-Close-25pct-Back-In-Range-Before-TP1:-103.50,MNQH1,1274.0
MNQ,2020-12,Top-Limit,2020-12-14,12540.25,12540.25,12313.75,226.5,12313.75,12087.25,,12596.875,2020-12-16,12683.5,Top-Limit-Daily-Close-SL,-429.75,Loss,164.5,151.5,False,False,3,U1:2020-12-16:12683.50:Top-Limit-Daily-Close-SL:-143.25;U2:2020-12-16:12683.50:Top-Limit-Daily-Close-SL:-143.25;U3:2020-12-16:12683.50:Top-Limit-Daily-Close-SL:-143.25,MNQH1,844.25
MNQ,2021-01,Stop-Breakdown,2021-01-06,12522.0,12960.0,12522.0,438.0,12303.0,12084.0,11646.0,,2021-01-06,12673.5,False-Breakdown-Close-25pct-Inside,-454.5,Loss,0.0,0.0,False,True,3,U1:2021-01-06:12673.50:False-Breakdown-Close-25pct-Inside:-151.50;U2:2021-01-06:12673.50:False-Breakdown-Close-25pct-Inside:-151.50;U3:2021-01-06:12673.50:False-Breakdown-Close-25pct-Inside:-151.50,MNQH1,389.75
MNQ,2021-02,Stop-Breakdown,2021-02-23,12783.5,13584.25,12783.5,800.75,12383.125,11982.75,11182.0,,2021-02-23,13169.0,False-Breakdown-Close-25pct-Inside,-1156.5,Loss,0.0,0.0,False,True,3,U1:2021-02-23:13169.00:False-Breakdown-Close-25pct-Inside:-385.50;U2:2021-02-23:13169.00:False-Breakdown-Close-25pct-Inside:-385.50;U3:2021-02-23:13169.00:False-Breakdown-Close-25pct-Inside:-385.50,MNQH1,-766.75
MNQ,2021-02,Stop-Breakdown,2021-02-25,12783.5,13584.25,12783.5,800.75,12383.125,11982.75,11182.0,,2021-02-28,13004.25,Daily-Close-25pct-Back-In-Range-Before-TP1,-662.25,Loss,570.75,120.25,False,False,3,U1:2021-02-28:13004.25:Daily-Close-25pct-Back-In-Range-Before-TP1:-220.75;U2:2021-02-28:13004.25:Daily-Close-25pct-Back-In-Range-Before-TP1:-220.75;U3:2021-02-28:13004.25:Daily-Close-25pct-Back-In-Range-Before-TP1:-220.75,MNQH1,-1429.0
MNQ,2021-03,Stop-Breakdown,2021-03-04,12582.75,13328.0,12582.75,745.25,12210.125,11837.5,11092.25,,2021-03-09,12809.5,TP50+Daily-Close-25pct-Back-In-Range-Before-TP1,-80.875,Loss,284.5,375.25,False,False,3,U1:2021-03-05:12210.12:TP50:372.62;U2:2021-03-09:12809.50:Daily-Close-25pct-Back-In-Range-Before-TP1:-226.75;U3:2021-03-09:12809.50:Daily-Close-25pct-Back-In-Range-Before-TP1:-226.75,MNQH1,-1509.875
MNQ,2021-05,Stop-Breakdown,2021-05-10,13380.75,13947.5,13380.75,566.75,13097.375,12814.0,12247.25,,2021-05-24,13656.75,TP50+Daily-Close-25pct-Back-In-Range-Before-TP1,-268.625,Loss,371.0,466.0,False,False,3,U1:2021-05-11:13097.38:TP50:283.38;U2:2021-05-24:13656.75:Daily-Close-25pct-Back-In-Range-Before-TP1:-276.00;U3:2021-05-24:13656.75:Daily-Close-25pct-Back-In-Range-Before-TP1:-276.00,MNQM1,-1778.5
MNQ,2021-07,Stop-Breakdown,2021-07-19,14470.75,14728.75,14470.75,258.0,14341.75,14212.75,13954.75,,2021-07-19,14590.0,False-Breakdown-Close-25pct-Inside,-357.75,Loss,0.0,0.0,False,True,3,U1:2021-07-19:14590.00:False-Breakdown-Close-25pct-Inside:-119.25;U2:2021-07-19:14590.00:False-Breakdown-Close-25pct-Inside:-119.25;U3:2021-07-19:14590.00:False-Breakdown-Close-25pct-Inside:-119.25,MNQU1,-2136.25
MNQ,2021-08,Stop-Breakdown,2021-08-18,14848.75,15056.0,14848.75,207.25,14745.125,14641.5,14434.25,,2021-08-19,14916.75,TP50+Daily-Close-25pct-Back-In-Range-Before-TP1,-32.375,Loss,188.25,137.75,False,False,3,U1:2021-08-19:14745.12:TP50:103.62;U2:2021-08-19:14916.75:Daily-Close-25pct-Back-In-Range-Before-TP1:-68.00;U3:2021-08-19:14916.75:Daily-Close-25pct-Back-In-Range-Before-TP1:-68.00,MNQU1,-2168.625
MNQ,2021-09,Stop-Breakdown,2021-09-08,15551.25,15698.0,15551.25,146.75,15477.875,15404.5,15257.75,,2021-09-08,15600.0,False-Breakdown-Close-25pct-Inside,-146.25,Loss,0.0,0.0,False,True,3,U1:2021-09-08:15600.00:False-Breakdown-Close-25pct-Inside:-48.75;U2:2021-09-08:15600.00:False-Breakdown-Close-25pct-Inside:-48.75;U3:2021-09-08:15600.00:False-Breakdown-Close-25pct-Inside:-48.75,MNQU1,-2314.875
MNQ,2021-09,Stop-Breakdown,2021-09-09,15551.25,15698.0,15551.25,146.75,15477.875,15404.5,15257.75,,2021-09-20,15257.75,TP50+TP1+TP2,513.625,Win,125.25,743.75,False,False,3,U1:2021-09-10:15477.88:TP50:73.38;U2:2021-09-13:15404.50:TP1:146.75;U3:2021-09-20:15257.75:TP2:293.50,MNQU1,-1801.25
MNQ,2021-12,Stop-Breakdown,2021-12-20,15538.0,16427.75,15538.0,889.75,15093.125,14648.25,13758.5,,2021-12-21,15960.0,Daily-Close-25pct-Back-In-Range-Before-TP1,-1266.0,Loss,457.0,46.25,False,False,3,U1:2021-12-21:15960.00:Daily-Close-25pct-Back-In-Range-Before-TP1:-422.00;U2:2021-12-21:15960.00:Daily-Close-25pct-Back-In-Range-Before-TP1:-422.00;U3:2021-12-21:15960.00:Daily-Close-25pct-Back-In-Range-Before-TP1:-422.00,MNQH2,-3067.25
MNQ,2021-12,Top-Limit,2021-12-27,16427.75,16427.75,15538.0,889.75,15538.0,14648.25,,16650.1875,2021-12-31,16333.5,Period-Close,282.75,Win,230.75,123.25,True,False,3,U1:2021-12-31:16333.50:Period-Close:94.25;U2:2021-12-31:16333.50:Period-Close:94.25;U3:2021-12-31:16333.50:Period-Close:94.25,MNQH2,-2784.5
MNQ,2022-01,Stop-Breakdown,2022-01-05,16139.75,16564.0,16139.75,424.25,15927.625,15715.5,15291.25,,2022-01-10,15291.25,TP50+TP1+TP2,1484.875,Win,119.25,987.25,False,False,3,U1:2022-01-05:15927.62:TP50:212.12;U2:2022-01-05:15715.50:TP1:424.25;U3:2022-01-10:15291.25:TP2:848.50,MNQH2,-1299.625
MNQ,2022-02,Stop-Breakdown,2022-02-04,14456.5,15261.5,14456.5,805.0,14054.0,13651.5,12846.5,,2022-02-06,14710.75,Daily-Close-25pct-Back-In-Range-Before-TP1,-762.75,Loss,369.25,93.25,False,False,3,U1:2022-02-06:14710.75:Daily-Close-25pct-Back-In-Range-Before-TP1:-254.25;U2:2022-02-06:14710.75:Daily-Close-25pct-Back-In-Range-Before-TP1:-254.25;U3:2022-02-06:14710.75:Daily-Close-25pct-Back-In-Range-Before-TP1:-254.25,MNQH2,-2062.375
MNQ,2022-02,Stop-Breakdown,2022-02-11,14456.5,15261.5,14456.5,805.0,14054.0,13651.5,12846.5,,2022-02-28,14256.5,TP50+TP1+Period-Close,1407.5,Win,310.25,1430.75,True,False,3,U1:2022-02-14:14054.00:TP50:402.50;U2:2022-02-21:13651.50:TP1:805.00;U3:2022-02-28:14256.50:Period-Close:200.00,MNQH2,-654.875
MNQ,2022-03,Bottom-Refill,2022-03-16,13900.0,14391.25,13900.0,491.25,13654.375,13408.75,,,2022-03-16,13978.25,TP50+Daily-Close-At-Or-Above-Range-Low-Before-TP1,167.375,Win,125.75,483.0,False,False,2,U1:2022-03-16:13654.38:TP50:245.62;U2:2022-03-16:13978.25:Daily-Close-At-Or-Above-Range-Low-Before-TP1:-78.25,MNQM2,-487.5
MNQ,2022-03,Stop-Breakdown,2022-03-04,13900.0,14391.25,13900.0,491.25,13654.375,13408.75,12917.5,,2022-03-17,14023.5,TP50+TP1+Daily-Close-25pct-Back-In-Range-After-TP1,613.375,Win,232.5,958.25,False,False,3,U1:2022-03-06:13654.38:TP50:245.62;U2:2022-03-07:13408.75:TP1:491.25;U3:2022-03-17:14023.50:Daily-Close-25pct-Back-In-Range-After-TP1:-123.50,MNQH2,125.875
MNQ,2022-03,Bottom-Refill,2022-03-18,13900.0,14391.25,13900.0,491.25,13654.375,13408.75,,,2022-03-18,14434.5,Daily-Close-At-Or-Above-Range-Low-Before-TP1,-1069.0,Loss,541.25,0.0,False,False,2,U1:2022-03-18:14434.50:Daily-Close-At-Or-Above-Range-Low-Before-TP1:-534.50;U2:2022-03-18:14434.50:Daily-Close-At-Or-Above-Range-Low-Before-TP1:-534.50,MNQM2,-943.125
MNQ,2022-03,Top-Limit,2022-03-20,14391.25,14391.25,13900.0,491.25,13900.0,13408.75,,14514.0625,2022-03-22,14666.75,Top-Limit-Daily-Close-SL,-826.5,Loss,300.75,207.5,False,False,3,U1:2022-03-22:14666.75:Top-Limit-Daily-Close-SL:-275.50;U2:2022-03-22:14666.75:Top-Limit-Daily-Close-SL:-275.50;U3:2022-03-22:14666.75:Top-Limit-Daily-Close-SL:-275.50,MNQM2,-1769.625
MNQ,2022-04,Stop-Breakdown,2022-04-06,14725.5,15174.0,14725.5,448.5,14501.25,14277.0,13828.5,,2022-04-17,13828.5,TP50+TP1+TP2,1569.75,Win,119.25,996.25,False,False,3,U1:2022-04-06:14501.25:TP50:224.25;U2:2022-04-11:14277.00:TP1:448.50;U3:2022-04-17:13828.50:TP2:897.00,MNQM2,-199.875
MNQ,2022-05,Stop-Breakdown,2022-05-05,12709.5,13184.0,12709.5,474.5,12472.25,12235.0,11760.5,,2022-05-05,12884.0,False-Breakdown-Close-25pct-Inside,-523.5,Loss,0.0,0.0,False,True,3,U1:2022-05-05:12884.00:False-Breakdown-Close-25pct-Inside:-174.50;U2:2022-05-05:12884.00:False-Breakdown-Close-25pct-Inside:-174.50;U3:2022-05-05:12884.00:False-Breakdown-Close-25pct-Inside:-174.50,MNQM2,-723.375
MNQ,2022-05,Stop-Breakdown,2022-05-06,12709.5,13184.0,12709.5,474.5,12472.25,12235.0,11760.5,,2022-05-12,11760.5,TP50+TP1+TP2,1660.75,Win,219.75,1020.25,False,False,3,U1:2022-05-09:12472.25:TP50:237.25;U2:2022-05-09:12235.00:TP1:474.50;U3:2022-05-12:11760.50:TP2:949.00,MNQM2,937.375
MNQ,2022-05,Bottom-Refill,2022-05-27,12709.5,13184.0,12709.5,474.5,12472.25,12235.0,,,2022-05-27,12235.0,TP50+TP1,711.75,Win,14.25,487.5,False,False,2,U1:2022-05-27:12472.25:TP50:237.25;U2:2022-05-27:12235.00:TP1:474.50,MNQM2,1649.125
MNQ,2022-05,Bottom-Refill,2022-05-29,12709.5,13184.0,12709.5,474.5,12472.25,12235.0,,,2022-05-29,12737.75,Daily-Close-At-Or-Above-Range-Low-Before-TP1,-56.5,Loss,48.0,36.5,False,False,2,U1:2022-05-29:12737.75:Daily-Close-At-Or-Above-Range-Low-Before-TP1:-28.25;U2:2022-05-29:12737.75:Daily-Close-At-Or-Above-Range-Low-Before-TP1:-28.25,MNQM2,1592.625
MNQ,2022-05,Stop-Breakdown,2022-05-31,12709.5,13184.0,12709.5,474.5,12472.25,12235.0,11760.5,,2022-05-31,12704.5,Period-Close,15.0,Win,113.0,229.5,True,False,3,U1:2022-05-31:12704.50:Period-Close:5.00;U2:2022-05-31:12704.50:Period-Close:5.00;U3:2022-05-31:12704.50:Period-Close:5.00,MNQM2,1607.625
MNQ,2022-06,Stop-Breakdown,2022-06-07,12442.25,12945.0,12442.25,502.75,12190.875,11939.5,11436.75,,2022-06-07,12670.75,False-Breakdown-Close-25pct-Inside,-685.5,Loss,0.0,0.0,False,True,3,U1:2022-06-07:12670.75:False-Breakdown-Close-25pct-Inside:-228.50;U2:2022-06-07:12670.75:False-Breakdown-Close-25pct-Inside:-228.50;U3:2022-06-07:12670.75:False-Breakdown-Close-25pct-Inside:-228.50,MNQM2,922.125
MNQ,2022-06,Stop-Breakdown,2022-06-09,12442.25,12945.0,12442.25,502.75,12190.875,11939.5,11436.75,,2022-06-13,11436.75,TP50+TP1+TP2,1759.625,Win,283.75,1158.0,False,False,3,U1:2022-06-10:12190.88:TP50:251.38;U2:2022-06-10:11939.50:TP1:502.75;U3:2022-06-13:11436.75:TP2:1005.50,MNQM2,2681.75
MNQ,2022-08,Stop-Breakdown,2022-08-26,12816.25,13310.5,12816.25,494.25,12569.125,12322.0,11827.75,,2022-08-31,12177.75,TP50+TP1+Period-Close,1379.875,Win,403.75,663.75,True,False,3,U1:2022-08-26:12569.12:TP50:247.12;U2:2022-08-30:12322.00:TP1:494.25;U3:2022-08-31:12177.75:Period-Close:638.50,MNQU2,4061.625
MNQ,2022-09,Stop-Breakdown,2022-09-06,12018.25,12462.0,12018.25,443.75,11796.375,11574.5,11130.75,,2022-09-07,12258.5,Daily-Close-25pct-Back-In-Range-Before-TP1,-720.75,Loss,288.0,96.0,False,False,3,U1:2022-09-07:12258.50:Daily-Close-25pct-Back-In-Range-Before-TP1:-240.25;U2:2022-09-07:12258.50:Daily-Close-25pct-Back-In-Range-Before-TP1:-240.25;U3:2022-09-07:12258.50:Daily-Close-25pct-Back-In-Range-Before-TP1:-240.25,MNQU2,3340.875
MNQ,2022-09,Top-Limit,2022-09-09,12462.0,12462.0,12018.25,443.75,12018.25,11574.5,,12572.9375,2022-09-09,12591.25,Top-Limit-Daily-Close-SL,-387.75,Loss,152.25,116.25,False,False,3,U1:2022-09-09:12591.25:Top-Limit-Daily-Close-SL:-129.25;U2:2022-09-09:12591.25:Top-Limit-Daily-Close-SL:-129.25;U3:2022-09-09:12591.25:Top-Limit-Daily-Close-SL:-129.25,MNQU2,2953.125
MNQ,2022-09,Stop-Breakdown,2022-09-15,12018.25,12462.0,12018.25,443.75,11796.375,11574.5,11130.75,,2022-09-29,11130.75,TP50+TP1+TP2,1553.125,Win,241.75,926.75,False,False,3,U1:2022-09-16:11796.38:TP50:221.88;U2:2022-09-22:11574.50:TP1:443.75;U3:2022-09-29:11130.75:TP2:887.50,MNQZ2,4506.25
MNQ,2022-10,Stop-Breakdown,2022-10-10,10890.5,11676.25,10890.5,785.75,10497.625,10104.75,9319.0,,2022-10-17,11211.25,TP50+Daily-Close-25pct-Back-In-Range-Before-TP1,-248.625,Loss,363.25,406.0,False,False,3,U1:2022-10-13:10497.62:TP50:392.88;U2:2022-10-17:11211.25:Daily-Close-25pct-Back-In-Range-Before-TP1:-320.75;U3:2022-10-17:11211.25:Daily-Close-25pct-Back-In-Range-Before-TP1:-320.75,MNQZ2,4257.625
MNQ,2022-11,Stop-Breakdown,2022-11-04,10692.75,11619.0,10692.75,926.25,10229.625,9766.5,8840.25,,2022-11-07,11024.75,Daily-Close-25pct-Back-In-Range-Before-TP1,-996.0,Loss,345.75,56.75,False,False,3,U1:2022-11-07:11024.75:Daily-Close-25pct-Back-In-Range-Before-TP1:-332.00;U2:2022-11-07:11024.75:Daily-Close-25pct-Back-In-Range-Before-TP1:-332.00;U3:2022-11-07:11024.75:Daily-Close-25pct-Back-In-Range-Before-TP1:-332.00,MNQZ2,3261.625
MNQ,2022-11,Top-Limit,2022-11-10,11619.0,11619.0,10692.75,926.25,10692.75,9766.5,,11850.5625,2022-11-15,11898.75,Top-Limit-Daily-Close-SL,-839.25,Loss,499.5,810.0,False,False,3,U1:2022-11-15:11898.75:Top-Limit-Daily-Close-SL:-279.75;U2:2022-11-15:11898.75:Top-Limit-Daily-Close-SL:-279.75;U3:2022-11-15:11898.75:Top-Limit-Daily-Close-SL:-279.75,MNQZ2,2422.375
MNQ,2022-12,Stop-Breakdown,2022-12-06,11740.25,12144.75,11740.25,404.5,11538.0,11335.75,10931.25,,2022-12-13,11959.75,TP50+Daily-Close-25pct-Back-In-Range-Before-TP1,-236.75,Loss,589.75,317.0,False,False,3,U1:2022-12-06:11538.00:TP50:202.25;U2:2022-12-13:11959.75:Daily-Close-25pct-Back-In-Range-Before-TP1:-219.50;U3:2022-12-13:11959.75:Daily-Close-25pct-Back-In-Range-Before-TP1:-219.50,MNQZ2,2185.625
MNQ,2022-12,Stop-Breakdown,2022-12-14,11740.25,12144.75,11740.25,404.5,11538.0,11335.75,10931.25,,2022-12-14,11883.0,False-Breakdown-Close-25pct-Inside,-428.25,Loss,0.0,0.0,False,True,3,U1:2022-12-14:11883.00:False-Breakdown-Close-25pct-Inside:-142.75;U2:2022-12-14:11883.00:False-Breakdown-Close-25pct-Inside:-142.75;U3:2022-12-14:11883.00:False-Breakdown-Close-25pct-Inside:-142.75,MNQH3,1757.375
MNQ,2022-12,Stop-Breakdown,2022-12-15,11740.25,12144.75,11740.25,404.5,11538.0,11335.75,10931.25,,2022-12-22,10931.25,TP50+TP1+TP2,1415.75,Win,157.75,869.75,False,False,3,U1:2022-12-15:11538.00:TP50:202.25;U2:2022-12-16:11335.75:TP1:404.50;U3:2022-12-22:10931.25:TP2:809.00,MNQH3,3173.125
MNQ,2023-01,Stop-Breakdown,2023-01-05,10844.25,11181.75,10844.25,337.5,10675.5,10506.75,10169.25,,2023-01-06,11107.75,Daily-Close-25pct-Back-In-Range-Before-TP1,-790.5,Loss,321.75,93.25,False,False,3,U1:2023-01-06:11107.75:Daily-Close-25pct-Back-In-Range-Before-TP1:-263.50;U2:2023-01-06:11107.75:Daily-Close-25pct-Back-In-Range-Before-TP1:-263.50;U3:2023-01-06:11107.75:Daily-Close-25pct-Back-In-Range-Before-TP1:-263.50,MNQH3,2382.625
MNQ,2023-01,Top-Limit,2023-01-09,11181.75,11181.75,10844.25,337.5,10844.25,10506.75,,11266.125,2023-01-10,11285.0,Top-Limit-Daily-Close-SL,-309.75,Loss,203.75,87.5,False,False,3,U1:2023-01-10:11285.00:Top-Limit-Daily-Close-SL:-103.25;U2:2023-01-10:11285.00:Top-Limit-Daily-Close-SL:-103.25;U3:2023-01-10:11285.00:Top-Limit-Daily-Close-SL:-103.25,MNQH3,2072.875
MNQ,2023-02,Stop-Breakdown,2023-02-22,12055.0,12950.0,12055.0,895.0,11607.5,11160.0,10265.0,,2023-02-28,12022.25,Period-Close,98.25,Win,206.0,132.25,True,False,3,U1:2023-02-28:12022.25:Period-Close:32.75;U2:2023-02-28:12022.25:Period-Close:32.75;U3:2023-02-28:12022.25:Period-Close:32.75,MNQH3,2171.125
MNQ,2023-03,Stop-Breakdown,2023-03-10,11831.5,12329.75,11831.5,498.25,11582.375,11333.25,10835.0,,2023-03-12,12113.0,Daily-Close-25pct-Back-In-Range-Before-TP1,-844.5,Loss,331.75,35.0,False,False,3,U1:2023-03-12:12113.00:Daily-Close-25pct-Back-In-Range-Before-TP1:-281.50;U2:2023-03-12:12113.00:Daily-Close-25pct-Back-In-Range-Before-TP1:-281.50;U3:2023-03-12:12113.00:Daily-Close-25pct-Back-In-Range-Before-TP1:-281.50,MNQH3,1326.625
MNQ,2023-03,Stop-Breakdown,2023-03-13,11831.5,12329.75,11831.5,498.25,11582.375,11333.25,10835.0,,2023-03-13,12070.5,False-Breakdown-Close-25pct-Inside,-717.0,Loss,0.0,0.0,False,True,3,U1:2023-03-13:12070.50:False-Breakdown-Close-25pct-Inside:-239.00;U2:2023-03-13:12070.50:False-Breakdown-Close-25pct-Inside:-239.00;U3:2023-03-13:12070.50:False-Breakdown-Close-25pct-Inside:-239.00,MNQM3,609.625
MNQ,2023-03,Top-Limit,2023-03-14,12329.75,12329.75,11831.5,498.25,11831.5,11333.25,,12454.3125,2023-03-16,12723.5,Top-Limit-Daily-Close-SL,-1181.25,Loss,404.25,304.75,False,False,3,U1:2023-03-16:12723.50:Top-Limit-Daily-Close-SL:-393.75;U2:2023-03-16:12723.50:Top-Limit-Daily-Close-SL:-393.75;U3:2023-03-16:12723.50:Top-Limit-Daily-Close-SL:-393.75,MNQM3,-571.625
MNQ,2023-04,Bottom-Refill,2023-04-07,13154.25,13348.75,13154.25,194.5,13057.0,12959.75,,,2023-04-07,13180.75,Daily-Close-At-Or-Above-Range-Low-Before-TP1,-53.0,Loss,36.25,28.25,False,False,2,U1:2023-04-07:13180.75:Daily-Close-At-Or-Above-Range-Low-Before-TP1:-26.50;U2:2023-04-07:13180.75:Daily-Close-At-Or-Above-Range-Low-Before-TP1:-26.50,MNQM3,-624.625
MNQ,2023-04,Stop-Breakdown,2023-04-05,13154.25,13348.75,13154.25,194.5,13057.0,12959.75,12765.25,,2023-04-27,13210.25,TP50+TP1+Daily-Close-25pct-Back-In-Range-After-TP1,235.75,Win,177.25,353.25,False,False,3,U1:2023-04-05:13057.00:TP50:97.25;U2:2023-04-06:12959.75:TP1:194.50;U3:2023-04-27:13210.25:Daily-Close-25pct-Back-In-Range-After-TP1:-56.00,MNQM3,-388.875
MNQ,2023-04,Bottom-Refill,2023-04-28,13154.25,13348.75,13154.25,194.5,13057.0,12959.75,,,2023-04-28,13327.0,Daily-Close-At-Or-Above-Range-Low-Before-TP1,-345.5,Loss,182.5,0.0,False,False,2,U1:2023-04-28:13327.00:Daily-Close-At-Or-Above-Range-Low-Before-TP1:-172.75;U2:2023-04-28:13327.00:Daily-Close-At-Or-Above-Range-Low-Before-TP1:-172.75,MNQM3,-734.375
MNQ,2023-05,Stop-Breakdown,2023-05-04,13043.0,13367.25,13043.0,324.25,12880.875,12718.75,12394.5,,2023-05-05,13310.5,Daily-Close-25pct-Back-In-Range-Before-TP1,-802.5,Loss,315.75,41.25,False,False,3,U1:2023-05-05:13310.50:Daily-Close-25pct-Back-In-Range-Before-TP1:-267.50;U2:2023-05-05:13310.50:Daily-Close-25pct-Back-In-Range-Before-TP1:-267.50;U3:2023-05-05:13310.50:Daily-Close-25pct-Back-In-Range-Before-TP1:-267.50,MNQM3,-1536.875
MNQ,2023-05,Top-Limit,2023-05-08,13367.25,13367.25,13043.0,324.25,13043.0,12718.75,,13448.3125,2023-05-11,13454.75,Top-Limit-Daily-Close-SL,-262.5,Loss,104.75,165.25,False,False,3,U1:2023-05-11:13454.75:Top-Limit-Daily-Close-SL:-87.50;U2:2023-05-11:13454.75:Top-Limit-Daily-Close-SL:-87.50;U3:2023-05-11:13454.75:Top-Limit-Daily-Close-SL:-87.50,MNQM3,-1799.375
MNQ,2023-07,Stop-Breakdown,2023-07-05,15307.5,15392.0,15307.5,84.5,15265.25,15223.0,15138.5,,2023-07-05,15358.0,False-Breakdown-Close-25pct-Inside,-151.5,Loss,0.0,0.0,False,True,3,U1:2023-07-05:15358.00:False-Breakdown-Close-25pct-Inside:-50.50;U2:2023-07-05:15358.00:False-Breakdown-Close-25pct-Inside:-50.50;U3:2023-07-05:15358.00:False-Breakdown-Close-25pct-Inside:-50.50,MNQU3,-1950.875
MNQ,2023-07,Stop-Breakdown,2023-07-06,15307.5,15392.0,15307.5,84.5,15265.25,15223.0,15138.5,,2023-07-06,15138.5,TP50+TP1+TP2,295.75,Win,52.0,195.5,False,False,3,U1:2023-07-06:15265.25:TP50:42.25;U2:2023-07-06:15223.00:TP1:84.50;U3:2023-07-06:15138.50:TP2:169.00,MNQU3,-1655.125
MNQ,2023-07,Bottom-Refill,2023-07-07,15307.5,15392.0,15307.5,84.5,15265.25,15223.0,,,2023-07-07,15223.0,TP50+TP1,126.75,Win,52.25,135.5,False,False,2,U1:2023-07-07:15265.25:TP50:42.25;U2:2023-07-07:15223.00:TP1:84.50,MNQU3,-1528.375
MNQ,2023-07,Bottom-Refill,2023-07-12,15307.5,15392.0,15307.5,84.5,15265.25,15223.0,,,2023-07-12,15472.0,TP50+Daily-Close-At-Or-Above-Range-Low-Before-TP1,-122.25,Loss,200.25,53.0,False,False,2,U1:2023-07-12:15265.25:TP50:42.25;U2:2023-07-12:15472.00:Daily-Close-At-Or-Above-Range-Low-Before-TP1:-164.50,MNQU3,-1650.625
MNQ,2023-08,Stop-Breakdown,2023-08-04,15339.25,15889.0,15339.25,549.75,15064.375,14789.5,14239.75,,2023-08-07,15488.0,Daily-Close-25pct-Back-In-Range-Before-TP1,-446.25,Loss,271.0,4.75,False,False,3,U1:2023-08-07:15488.00:Daily-Close-25pct-Back-In-Range-Before-TP1:-148.75;U2:2023-08-07:15488.00:Daily-Close-25pct-Back-In-Range-Before-TP1:-148.75;U3:2023-08-07:15488.00:Daily-Close-25pct-Back-In-Range-Before-TP1:-148.75,MNQU3,-2096.875
MNQ,2023-08,Bottom-Refill,2023-08-23,15339.25,15889.0,15339.25,549.75,15064.375,14789.5,,,2023-08-25,14789.5,TP50+TP1,824.625,Win,78.5,586.5,False,False,2,U1:2023-08-23:15064.38:TP50:274.88;U2:2023-08-25:14789.50:TP1:549.75,MNQU3,-1272.25
MNQ,2023-08,Bottom-Refill,2023-08-29,15339.25,15889.0,15339.25,549.75,15064.375,14789.5,,,2023-08-29,15434.75,TP50+Daily-Close-At-Or-Above-Range-Low-Before-TP1,179.375,Win,104.0,289.25,False,False,2,U1:2023-08-29:15064.38:TP50:274.88;U2:2023-08-29:15434.75:Daily-Close-At-Or-Above-Range-Low-Before-TP1:-95.50,MNQU3,-1092.875
MNQ,2023-08,Stop-Breakdown,2023-08-08,15339.25,15889.0,15339.25,549.75,15064.375,14789.5,14239.75,,2023-08-30,15502.75,TP50+TP1+Daily-Close-25pct-Back-In-Range-After-TP1,661.125,Win,185.25,730.0,False,False,3,U1:2023-08-11:15064.38:TP50:274.88;U2:2023-08-17:14789.50:TP1:549.75;U3:2023-08-30:15502.75:Daily-Close-25pct-Back-In-Range-After-TP1:-163.50,MNQU3,-431.75
MNQ,2023-08,Bottom-Refill,2023-08-31,15339.25,15889.0,15339.25,549.75,15064.375,14789.5,,,2023-08-31,15536.25,Daily-Close-At-Or-Above-Range-Low-Before-TP1,-394.0,Loss,267.5,0.0,False,False,2,U1:2023-08-31:15536.25:Daily-Close-At-Or-Above-Range-Low-Before-TP1:-197.00;U2:2023-08-31:15536.25:Daily-Close-At-Or-Above-Range-Low-Before-TP1:-197.00,MNQU3,-825.75
MNQ,2023-09,Stop-Breakdown,2023-09-05,15453.5,15661.25,15453.5,207.75,15349.625,15245.75,15038.0,,2023-09-05,15521.75,False-Breakdown-Close-25pct-Inside,-204.75,Loss,0.0,0.0,False,True,3,U1:2023-09-05:15521.75:False-Breakdown-Close-25pct-Inside:-68.25;U2:2023-09-05:15521.75:False-Breakdown-Close-25pct-Inside:-68.25;U3:2023-09-05:15521.75:False-Breakdown-Close-25pct-Inside:-68.25,MNQU3,-1030.5
MNQ,2023-09,Stop-Breakdown,2023-09-06,15453.5,15661.25,15453.5,207.75,15349.625,15245.75,15038.0,,2023-09-11,15658.75,TP50+TP1+Daily-Close-25pct-Back-In-Range-After-TP1,106.375,Win,242.5,296.0,False,False,3,U1:2023-09-06:15349.62:TP50:103.88;U2:2023-09-07:15245.75:TP1:207.75;U3:2023-09-11:15658.75:Daily-Close-25pct-Back-In-Range-After-TP1:-205.25,MNQU3,-924.125
MNQ,2023-09,Bottom-Refill,2023-09-11,15453.5,15661.25,15453.5,207.75,15349.625,15245.75,,,2023-09-11,15658.75,Daily-Close-At-Or-Above-Range-Low-Before-TP1,-410.5,Loss,242.5,0.0,False,False,2,U1:2023-09-11:15658.75:Daily-Close-At-Or-Above-Range-Low-Before-TP1:-205.25;U2:2023-09-11:15658.75:Daily-Close-At-Or-Above-Range-Low-Before-TP1:-205.25,MNQZ3,-1334.625
MNQ,2023-09,Bottom-Refill,2023-09-12,15453.5,15661.25,15453.5,207.75,15349.625,15245.75,,,2023-09-12,15505.75,Daily-Close-At-Or-Above-Range-Low-Before-TP1,-104.5,Loss,226.5,0.0,False,False,2,U1:2023-09-12:15505.75:Daily-Close-At-Or-Above-Range-Low-Before-TP1:-52.25;U2:2023-09-12:15505.75:Daily-Close-At-Or-Above-Range-Low-Before-TP1:-52.25,MNQZ3,-1439.125
MNQ,2023-09,Stop-Breakdown,2023-09-13,15453.5,15661.25,15453.5,207.75,15349.625,15245.75,15038.0,,2023-09-13,15579.75,False-Breakdown-Close-25pct-Inside,-378.75,Loss,0.0,0.0,False,True,3,U1:2023-09-13:15579.75:False-Breakdown-Close-25pct-Inside:-126.25;U2:2023-09-13:15579.75:False-Breakdown-Close-25pct-Inside:-126.25;U3:2023-09-13:15579.75:False-Breakdown-Close-25pct-Inside:-126.25,MNQZ3,-1817.875
MNQ,2023-09,Top-Limit,2023-09-14,15661.25,15661.25,15453.5,207.75,15453.5,15245.75,,15713.1875,2023-09-20,15245.75,Bottom-Boundary+TP1,1038.75,Win,58.5,552.5,False,False,3,U1:2023-09-15:15453.50:Bottom-Boundary:207.75;U2:2023-09-20:15245.75:TP1:415.50;U3:2023-09-20:15245.75:TP1:415.50,MNQZ3,-779.125
MNQ,2023-10,Stop-Breakdown,2023-10-04,14651.5,15046.25,14651.5,394.75,14454.125,14256.75,13862.0,,2023-10-04,14915.0,False-Breakdown-Close-25pct-Inside,-790.5,Loss,0.0,0.0,False,True,3,U1:2023-10-04:14915.00:False-Breakdown-Close-25pct-Inside:-263.50;U2:2023-10-04:14915.00:False-Breakdown-Close-25pct-Inside:-263.50;U3:2023-10-04:14915.00:False-Breakdown-Close-25pct-Inside:-263.50,MNQZ3,-1569.625
MNQ,2023-10,Stop-Breakdown,2023-10-20,14651.5,15046.25,14651.5,394.75,14454.125,14256.75,13862.0,,2023-10-23,14762.75,Daily-Close-25pct-Back-In-Range-Before-TP1,-333.75,Loss,236.25,137.25,False,False,3,U1:2023-10-23:14762.75:Daily-Close-25pct-Back-In-Range-Before-TP1:-111.25;U2:2023-10-23:14762.75:Daily-Close-25pct-Back-In-Range-Before-TP1:-111.25;U3:2023-10-23:14762.75:Daily-Close-25pct-Back-In-Range-Before-TP1:-111.25,MNQZ3,-1903.375
MNQ,2023-10,Stop-Breakdown,2023-10-25,14651.5,15046.25,14651.5,394.75,14454.125,14256.75,13862.0,,2023-10-31,14453.25,TP50+TP1+Period-Close,790.375,Win,165.5,515.0,True,False,3,U1:2023-10-25:14454.12:TP50:197.38;U2:2023-10-26:14256.75:TP1:394.75;U3:2023-10-31:14453.25:Period-Close:198.25,MNQZ3,-1113.0
MNQ,2024-01,Stop-Breakdown,2024-01-04,16522.25,17038.5,16522.25,516.25,16264.125,16006.0,15489.75,,2024-01-08,16785.25,Daily-Close-25pct-Back-In-Range-Before-TP1,-789.0,Loss,289.25,188.0,False,False,3,U1:2024-01-08:16785.25:Daily-Close-25pct-Back-In-Range-Before-TP1:-263.00;U2:2024-01-08:16785.25:Daily-Close-25pct-Back-In-Range-Before-TP1:-263.00;U3:2024-01-08:16785.25:Daily-Close-25pct-Back-In-Range-Before-TP1:-263.00,MNQH4,-1902.0
MNQ,2024-01,Top-Limit,2024-01-11,17038.5,17038.5,16522.25,516.25,16522.25,16006.0,,17167.5625,2024-01-19,17463.25,Top-Limit-Daily-Close-SL,-1274.25,Loss,433.5,349.5,False,False,3,U1:2024-01-19:17463.25:Top-Limit-Daily-Close-SL:-424.75;U2:2024-01-19:17463.25:Top-Limit-Daily-Close-SL:-424.75;U3:2024-01-19:17463.25:Top-Limit-Daily-Close-SL:-424.75,MNQH4,-3176.25
MNQ,2024-03,Stop-Breakdown,2024-03-05,18030.25,18378.25,18030.25,348.0,17856.25,17682.25,17334.25,,2024-03-07,18266.25,TP50+Daily-Close-25pct-Back-In-Range-Before-TP1,-298.0,Loss,329.75,197.75,False,False,3,U1:2024-03-05:17856.25:TP50:174.00;U2:2024-03-07:18266.25:Daily-Close-25pct-Back-In-Range-Before-TP1:-236.00;U3:2024-03-07:18266.25:Daily-Close-25pct-Back-In-Range-Before-TP1:-236.00,MNQH4,-3474.25
MNQ,2024-03,Stop-Breakdown,2024-03-08,18030.25,18378.25,18030.25,348.0,17856.25,17682.25,17334.25,,2024-03-11,18294.0,Daily-Close-25pct-Back-In-Range-Before-TP1,-791.25,Loss,406.0,55.5,False,False,3,U1:2024-03-11:18294.00:Daily-Close-25pct-Back-In-Range-Before-TP1:-263.75;U2:2024-03-11:18294.00:Daily-Close-25pct-Back-In-Range-Before-TP1:-263.75;U3:2024-03-11:18294.00:Daily-Close-25pct-Back-In-Range-Before-TP1:-263.75,MNQH4,-4265.5
MNQ,2024-03,Top-Limit,2024-03-12,18378.25,18378.25,18030.25,348.0,18030.25,17682.25,,18465.25,2024-03-12,18478.5,Top-Limit-Daily-Close-SL,-300.75,Loss,112.75,204.25,False,False,3,U1:2024-03-12:18478.50:Top-Limit-Daily-Close-SL:-100.25;U2:2024-03-12:18478.50:Top-Limit-Daily-Close-SL:-100.25;U3:2024-03-12:18478.50:Top-Limit-Daily-Close-SL:-100.25,MNQM4,-4566.25
MNQ,2024-03,Stop-Breakdown,2024-03-15,18030.25,18378.25,18030.25,348.0,17856.25,17682.25,17334.25,,2024-03-18,18191.5,Daily-Close-25pct-Back-In-Range-Before-TP1,-483.75,Loss,350.5,24.0,False,False,3,U1:2024-03-18:18191.50:Daily-Close-25pct-Back-In-Range-Before-TP1:-161.25;U2:2024-03-18:18191.50:Daily-Close-25pct-Back-In-Range-Before-TP1:-161.25;U3:2024-03-18:18191.50:Daily-Close-25pct-Back-In-Range-Before-TP1:-161.25,MNQM4,-5050.0
MNQ,2024-03,Top-Limit,2024-03-20,18378.25,18378.25,18030.25,348.0,18030.25,17682.25,,18465.25,2024-03-20,18578.75,Top-Limit-Daily-Close-SL,-601.5,Loss,211.0,150.75,False,False,3,U1:2024-03-20:18578.75:Top-Limit-Daily-Close-SL:-200.50;U2:2024-03-20:18578.75:Top-Limit-Daily-Close-SL:-200.50;U3:2024-03-20:18578.75:Top-Limit-Daily-Close-SL:-200.50,MNQM4,-5651.5
MNQ,2024-04,Stop-Breakdown,2024-04-04,18201.0,18611.25,18201.0,410.25,17995.875,17790.75,17380.5,,2024-04-05,18310.5,Daily-Close-25pct-Back-In-Range-Before-TP1,-328.5,Loss,367.25,157.5,False,False,3,U1:2024-04-05:18310.50:Daily-Close-25pct-Back-In-Range-Before-TP1:-109.50;U2:2024-04-05:18310.50:Daily-Close-25pct-Back-In-Range-Before-TP1:-109.50;U3:2024-04-05:18310.50:Daily-Close-25pct-Back-In-Range-Before-TP1:-109.50,MNQM4,-5980.0
MNQ,2024-04,Stop-Breakdown,2024-04-09,18201.0,18611.25,18201.0,410.25,17995.875,17790.75,17380.5,,2024-04-09,18368.0,False-Breakdown-Close-25pct-Inside,-501.0,Loss,0.0,0.0,False,True,3,U1:2024-04-09:18368.00:False-Breakdown-Close-25pct-Inside:-167.00;U2:2024-04-09:18368.00:False-Breakdown-Close-25pct-Inside:-167.00;U3:2024-04-09:18368.00:False-Breakdown-Close-25pct-Inside:-167.00,MNQM4,-6481.0
MNQ,2024-04,Stop-Breakdown,2024-04-10,18201.0,18611.25,18201.0,410.25,17995.875,17790.75,17380.5,,2024-04-11,18490.25,Daily-Close-25pct-Back-In-Range-Before-TP1,-867.75,Loss,318.25,147.0,False,False,3,U1:2024-04-11:18490.25:Daily-Close-25pct-Back-In-Range-Before-TP1:-289.25;U2:2024-04-11:18490.25:Daily-Close-25pct-Back-In-Range-Before-TP1:-289.25;U3:2024-04-11:18490.25:Daily-Close-25pct-Back-In-Range-Before-TP1:-289.25,MNQM4,-7348.75
MNQ,2024-04,Stop-Breakdown,2024-04-12,18201.0,18611.25,18201.0,410.25,17995.875,17790.75,17380.5,,2024-04-19,17380.5,TP50+TP1+TP2,1435.875,Win,306.75,1087.25,False,False,3,U1:2024-04-15:17995.88:TP50:205.12;U2:2024-04-17:17790.75:TP1:410.25;U3:2024-04-19:17380.50:TP2:820.50,MNQM4,-5912.875
MNQ,2024-07,Stop-Breakdown,2024-07-18,19811.5,20435.5,19811.5,624.0,19499.5,19187.5,18563.5,,2024-07-31,19674.25,TP50+TP1+Period-Close,1073.25,Win,351.25,1084.75,True,False,3,U1:2024-07-24:19499.50:TP50:312.00;U2:2024-07-24:19187.50:TP1:624.00;U3:2024-07-31:19674.25:Period-Close:137.25,MNQU4,-4839.625
MNQ,2024-08,Stop-Breakdown,2024-08-05,18214.25,19716.75,18214.25,1502.5,17463.0,16711.75,15209.25,,2024-08-08,18602.0,TP50+Daily-Close-25pct-Back-In-Range-Before-TP1,-24.25,Loss,403.0,868.25,False,False,3,U1:2024-08-05:17463.00:TP50:751.25;U2:2024-08-08:18602.00:Daily-Close-25pct-Back-In-Range-Before-TP1:-387.75;U3:2024-08-08:18602.00:Daily-Close-25pct-Back-In-Range-Before-TP1:-387.75,MNQU4,-4863.875
MNQ,2024-09,Stop-Breakdown,2024-09-04,18911.0,19683.0,18911.0,772.0,18525.0,18139.0,17367.0,,2024-09-11,19244.25,TP50+Daily-Close-25pct-Back-In-Range-Before-TP1,-280.5,Loss,382.5,573.75,False,False,3,U1:2024-09-06:18525.00:TP50:386.00;U2:2024-09-11:19244.25:Daily-Close-25pct-Back-In-Range-Before-TP1:-333.25;U3:2024-09-11:19244.25:Daily-Close-25pct-Back-In-Range-Before-TP1:-333.25,MNQU4,-5144.375
MNQ,2025-01,Stop-Breakdown,2025-01-10,20983.25,21559.25,20983.25,576.0,20695.25,20407.25,19831.25,,2025-01-15,21415.5,TP50+Daily-Close-25pct-Back-In-Range-Before-TP1,-576.5,Loss,469.5,289.75,False,False,3,U1:2025-01-13:20695.25:TP50:288.00;U2:2025-01-15:21415.50:Daily-Close-25pct-Back-In-Range-Before-TP1:-432.25;U3:2025-01-15:21415.50:Daily-Close-25pct-Back-In-Range-Before-TP1:-432.25,MNQH5,-5720.875
MNQ,2025-01,Stop-Breakdown,2025-01-27,20983.25,21559.25,20983.25,576.0,20695.25,20407.25,19831.25,,2025-01-27,21327.5,False-Breakdown-Close-25pct-Inside,-1032.75,Loss,0.0,0.0,False,True,3,U1:2025-01-27:21327.50:False-Breakdown-Close-25pct-Inside:-344.25;U2:2025-01-27:21327.50:False-Breakdown-Close-25pct-Inside:-344.25;U3:2025-01-27:21327.50:False-Breakdown-Close-25pct-Inside:-344.25,MNQH5,-6753.625
MNQ,2025-02,Stop-Breakdown,2025-02-27,20940.25,21694.75,20940.25,754.5,20563.0,20185.75,19431.25,,2025-02-28,20910.0,TP50+Period-Close,437.75,Win,446.25,480.0,True,False,3,U1:2025-02-28:20563.00:TP50:377.25;U2:2025-02-28:20910.00:Period-Close:30.25;U3:2025-02-28:20910.00:Period-Close:30.25,MNQH5,-6315.875
MNQ,2025-03,Stop-Breakdown,2025-03-06,20075.75,21120.75,20075.75,1045.0,19553.25,19030.75,17985.75,,2025-03-24,20354.5,TP50+Daily-Close-25pct-Back-In-Range-Before-TP1,-35.0,Loss,572.75,935.75,False,False,3,U1:2025-03-10:19553.25:TP50:522.50;U2:2025-03-24:20354.50:Daily-Close-25pct-Back-In-Range-Before-TP1:-278.75;U3:2025-03-24:20354.50:Daily-Close-25pct-Back-In-Range-Before-TP1:-278.75,MNQH5,-6350.875
MNQ,2025-03,Stop-Breakdown,2025-03-26,20075.75,21120.75,20075.75,1045.0,19553.25,19030.75,17985.75,,2025-03-31,19359.0,TP50+TP1+Period-Close,2284.25,Win,461.0,1099.0,True,False,3,U1:2025-03-28:19553.25:TP50:522.50;U2:2025-03-31:19030.75:TP1:1045.00;U3:2025-03-31:19359.00:Period-Close:716.75,MNQM5,-4066.625
MNQ,2025-04,Stop-Breakdown,2025-04-04,18591.25,20045.25,18591.25,1454.0,17864.25,17137.25,15683.25,,2025-04-09,19313.25,TP50+TP1+Daily-Close-25pct-Back-In-Range-After-TP1,1459.0,Win,796.75,2138.75,False,False,3,U1:2025-04-04:17864.25:TP50:727.00;U2:2025-04-06:17137.25:TP1:1454.00;U3:2025-04-09:19313.25:Daily-Close-25pct-Back-In-Range-After-TP1:-722.00,MNQM5,-2607.625
MNQ,2025-04,Bottom-Refill,2025-04-09,18591.25,20045.25,18591.25,1454.0,17864.25,17137.25,,,2025-04-09,17137.25,TP50+TP1,2181.0,Win,796.75,1856.25,False,False,2,U1:2025-04-09:17864.25:TP50:727.00;U2:2025-04-09:17137.25:TP1:1454.00,MNQM5,-426.625
MNQ,2025-04,Bottom-Refill,2025-04-10,18591.25,20045.25,18591.25,1454.0,17864.25,17137.25,,,2025-04-11,18819.0,Daily-Close-At-Or-Above-Range-Low-Before-TP1,-455.5,Loss,745.0,673.0,False,False,2,U1:2025-04-11:18819.00:Daily-Close-At-Or-Above-Range-Low-Before-TP1:-227.75;U2:2025-04-11:18819.00:Daily-Close-At-Or-Above-Range-Low-Before-TP1:-227.75,MNQM5,-882.125
MNQ,2025-04,Stop-Breakdown,2025-04-16,18591.25,20045.25,18591.25,1454.0,17864.25,17137.25,15683.25,,2025-04-24,19412.5,TP50+Daily-Close-25pct-Back-In-Range-Before-TP1,-915.5,Loss,844.75,891.25,False,False,3,U1:2025-04-21:17864.25:TP50:727.00;U2:2025-04-24:19412.50:Daily-Close-25pct-Back-In-Range-Before-TP1:-821.25;U3:2025-04-24:19412.50:Daily-Close-25pct-Back-In-Range-Before-TP1:-821.25,MNQM5,-1797.625
MNQ,2025-05,Stop-Breakdown,2025-05-06,19748.25,20277.0,19748.25,528.75,19483.875,19219.5,18690.75,,2025-05-06,20067.5,False-Breakdown-Close-25pct-Inside,-957.75,Loss,0.0,0.0,False,True,3,U1:2025-05-06:20067.50:False-Breakdown-Close-25pct-Inside:-319.25;U2:2025-05-06:20067.50:False-Breakdown-Close-25pct-Inside:-319.25;U3:2025-05-06:20067.50:False-Breakdown-Close-25pct-Inside:-319.25,MNQM5,-2755.375
MNQ,2025-05,Stop-Breakdown,2025-05-07,19748.25,20277.0,19748.25,528.75,19483.875,19219.5,18690.75,,2025-05-07,19952.25,False-Breakdown-Close-25pct-Inside,-612.0,Loss,0.0,0.0,False,True,3,U1:2025-05-07:19952.25:False-Breakdown-Close-25pct-Inside:-204.00;U2:2025-05-07:19952.25:False-Breakdown-Close-25pct-Inside:-204.00;U3:2025-05-07:19952.25:False-Breakdown-Close-25pct-Inside:-204.00,MNQM5,-3367.375
MNQ,2025-10,Stop-Breakdown,2025-10-10,24633.75,25197.0,24633.75,563.25,24352.125,24070.5,23507.25,,2025-10-12,24786.0,TP50+Daily-Close-25pct-Back-In-Range-Before-TP1,-22.875,Loss,754.25,476.0,False,False,3,U1:2025-10-10:24352.12:TP50:281.62;U2:2025-10-12:24786.00:Daily-Close-25pct-Back-In-Range-Before-TP1:-152.25;U3:2025-10-12:24786.00:Daily-Close-25pct-Back-In-Range-Before-TP1:-152.25,MNQZ5,-3390.25
MNQ,2025-10,Stop-Breakdown,2025-10-14,24633.75,25197.0,24633.75,563.25,24352.125,24070.5,23507.25,,2025-10-15,24943.25,Daily-Close-25pct-Back-In-Range-Before-TP1,-928.5,Loss,484.0,210.5,False,False,3,U1:2025-10-15:24943.25:Daily-Close-25pct-Back-In-Range-Before-TP1:-309.50;U2:2025-10-15:24943.25:Daily-Close-25pct-Back-In-Range-Before-TP1:-309.50;U3:2025-10-15:24943.25:Daily-Close-25pct-Back-In-Range-Before-TP1:-309.50,MNQZ5,-4318.75
MNQ,2025-10,Stop-Breakdown,2025-10-17,24633.75,25197.0,24633.75,563.25,24352.125,24070.5,23507.25,,2025-10-17,25033.0,False-Breakdown-Close-25pct-Inside,-1197.75,Loss,0.0,0.0,False,True,3,U1:2025-10-17:25033.00:False-Breakdown-Close-25pct-Inside:-399.25;U2:2025-10-17:25033.00:False-Breakdown-Close-25pct-Inside:-399.25;U3:2025-10-17:25033.00:False-Breakdown-Close-25pct-Inside:-399.25,MNQZ5,-5516.5
MNQ,2025-10,Top-Limit,2025-10-20,25197.0,25197.0,24633.75,563.25,24633.75,24070.5,,25337.8125,2025-10-24,25510.25,Top-Limit-Daily-Close-SL,-939.75,Loss,372.0,391.75,False,False,3,U1:2025-10-24:25510.25:Top-Limit-Daily-Close-SL:-313.25;U2:2025-10-24:25510.25:Top-Limit-Daily-Close-SL:-313.25;U3:2025-10-24:25510.25:Top-Limit-Daily-Close-SL:-313.25,MNQZ5,-6456.25
MNQ,2025-11,Stop-Breakdown,2025-11-05,25501.75,26265.75,25501.75,764.0,25119.75,24737.75,23973.75,,2025-11-05,25773.0,False-Breakdown-Close-25pct-Inside,-813.75,Loss,0.0,0.0,False,True,3,U1:2025-11-05:25773.00:False-Breakdown-Close-25pct-Inside:-271.25;U2:2025-11-05:25773.00:False-Breakdown-Close-25pct-Inside:-271.25;U3:2025-11-05:25773.00:False-Breakdown-Close-25pct-Inside:-271.25,MNQZ5,-7270.0
MNQ,2025-11,Stop-Breakdown,2025-11-06,25501.75,26265.75,25501.75,764.0,25119.75,24737.75,23973.75,,2025-11-10,25742.75,TP50+TP1+Daily-Close-25pct-Back-In-Range-After-TP1,905.0,Win,322.0,792.75,False,False,3,U1:2025-11-07:25119.75:TP50:382.00;U2:2025-11-07:24737.75:TP1:764.00;U3:2025-11-10:25742.75:Daily-Close-25pct-Back-In-Range-After-TP1:-241.00,MNQZ5,-6365.0
MNQ,2025-11,Bottom-Refill,2025-11-10,25501.75,26265.75,25501.75,764.0,25119.75,24737.75,,,2025-11-10,25742.75,Daily-Close-At-Or-Above-Range-Low-Before-TP1,-482.0,Loss,258.25,233.0,False,False,2,U1:2025-11-10:25742.75:Daily-Close-At-Or-Above-Range-Low-Before-TP1:-241.00;U2:2025-11-10:25742.75:Daily-Close-At-Or-Above-Range-Low-Before-TP1:-241.00,MNQZ5,-6847.0
MNQ,2025-11,Bottom-Refill,2025-11-11,25501.75,26265.75,25501.75,764.0,25119.75,24737.75,,,2025-11-11,25650.25,Daily-Close-At-Or-Above-Range-Low-Before-TP1,-297.0,Loss,267.0,23.25,False,False,2,U1:2025-11-11:25650.25:Daily-Close-At-Or-Above-Range-Low-Before-TP1:-148.50;U2:2025-11-11:25650.25:Daily-Close-At-Or-Above-Range-Low-Before-TP1:-148.50,MNQZ5,-7144.0
MNQ,2025-11,Stop-Breakdown,2025-11-12,25501.75,26265.75,25501.75,764.0,25119.75,24737.75,23973.75,,2025-11-21,23973.75,TP50+TP1+TP2,2674.0,Win,328.75,1597.75,False,False,3,U1:2025-11-13:25119.75:TP50:382.00;U2:2025-11-14:24737.75:TP1:764.00;U3:2025-11-21:23973.75:TP2:1528.00,MNQZ5,-4470.0
MNQ,2025-11,Bottom-Refill,2025-11-30,25501.75,26265.75,25501.75,764.0,25119.75,24737.75,,,2025-11-30,25466.5,Period-Close,70.5,Win,40.5,59.0,True,False,2,U1:2025-11-30:25466.50:Period-Close:35.25;U2:2025-11-30:25466.50:Period-Close:35.25,MNQZ5,-4399.5
MNQ,2025-12,Stop-Breakdown,2025-12-12,25193.5,25685.75,25193.5,492.25,24947.375,24701.25,24209.0,,2025-12-19,25598.25,TP50+Daily-Close-25pct-Back-In-Range-Before-TP1,-563.375,Loss,511.0,305.75,False,False,3,U1:2025-12-17:24947.38:TP50:246.12;U2:2025-12-19:25598.25:Daily-Close-25pct-Back-In-Range-Before-TP1:-404.75;U3:2025-12-19:25598.25:Daily-Close-25pct-Back-In-Range-Before-TP1:-404.75,MNQZ5,-4962.875
MNQ,2026-01,Stop-Breakdown,2026-01-19,25265.25,25803.5,25265.25,538.25,24996.125,24727.0,24188.75,,2026-01-21,25552.25,Daily-Close-25pct-Back-In-Range-Before-TP1,-861.0,Loss,388.0,239.25,False,False,3,U1:2026-01-21:25552.25:Daily-Close-25pct-Back-In-Range-Before-TP1:-287.00;U2:2026-01-21:25552.25:Daily-Close-25pct-Back-In-Range-Before-TP1:-287.00;U3:2026-01-21:25552.25:Daily-Close-25pct-Back-In-Range-Before-TP1:-287.00,MNQH6,-5823.875
MNQ,2026-01,Top-Limit,2026-01-23,25803.5,25803.5,25265.25,538.25,25265.25,24727.0,,25938.0625,2026-01-27,26138.25,Top-Limit-Daily-Close-SL,-1004.25,Loss,343.5,404.0,False,False,3,U1:2026-01-27:26138.25:Top-Limit-Daily-Close-SL:-334.75;U2:2026-01-27:26138.25:Top-Limit-Daily-Close-SL:-334.75;U3:2026-01-27:26138.25:Top-Limit-Daily-Close-SL:-334.75,MNQH6,-6828.125
MNQ,2026-02,Bottom-Refill,2026-02-06,25180.25,26027.75,25180.25,847.5,24756.5,24332.75,,,2026-02-06,24332.75,TP50+TP1,1271.25,Win,41.25,939.75,False,False,2,U1:2026-02-06:24756.50:TP50:423.75;U2:2026-02-06:24332.75:TP1:847.50,MNQH6,-5556.875
MNQ,2026-02,Bottom-Refill,2026-02-08,25180.25,26027.75,25180.25,847.5,24756.5,24332.75,,,2026-02-08,25275.75,Daily-Close-At-Or-Above-Range-Low-Before-TP1,-191.0,Loss,114.75,32.25,False,False,2,U1:2026-02-08:25275.75:Daily-Close-At-Or-Above-Range-Low-Before-TP1:-95.50;U2:2026-02-08:25275.75:Daily-Close-At-Or-Above-Range-Low-Before-TP1:-95.50,MNQH6,-5747.875
MNQ,2026-02,Stop-Breakdown,2026-02-04,25180.25,26027.75,25180.25,847.5,24756.5,24332.75,23485.25,,2026-02-27,24952.5,TP50+TP1+Period-Close,1499.0,Win,334.25,939.75,True,False,3,U1:2026-02-05:24756.50:TP50:423.75;U2:2026-02-05:24332.75:TP1:847.50;U3:2026-02-27:24952.50:Period-Close:227.75,MNQH6,-4248.875
MNQ,2026-03,Stop-Breakdown,2026-03-08,24350.75,25100.0,24350.75,749.25,23976.125,23601.5,22852.25,,2026-03-08,24214.5,Period-Close,408.75,Win,149.25,183.75,True,False,3,U1:2026-03-08:24214.50:Period-Close:136.25;U2:2026-03-08:24214.50:Period-Close:136.25;U3:2026-03-08:24214.50:Period-Close:136.25,MNQH6,-3840.125
