market,instrument,session,year,ts,time_bucket,candidate_gate_side,intended_v2b_side,or_width_pts,or_width_quartile,is_full_rth_session,regime_ok,source
mnq,MNQ,2021-03-23,2021,2021-03-23T12:44:00-04:00,12:00-14:00,long,short,52.75,Q1 low,True,True,stratified_event_count_seed_149
mnq,MNQ,2021-03-24,2021,2021-03-24T15:11:00-04:00,14:00-15:30,long,short,84.0,Q3,True,True,stratified_event_count_seed_149
mnq,MNQ,2021-03-29,2021,2021-03-29T11:23:00-04:00,10:30-12:00,long,short,62.0,Q2,True,True,stratified_event_count_seed_149
mnq,MNQ,2021-03-30,2021,2021-03-30T12:22:00-04:00,12:00-14:00,short,long,74.25,Q3,True,True,stratified_event_count_seed_149
mnq,MNQ,2021-04-09,2021,2021-04-09T09:47:00-04:00,09:45-10:30,long,short,44.75,Q1 low,True,True,stratified_event_count_seed_149
mnq,MNQ,2021-04-09,2021,2021-04-09T12:00:00-04:00,12:00-14:00,long,short,44.75,Q1 low,True,True,stratified_event_count_seed_149
mnq,MNQ,2021-04-20,2021,2021-04-20T10:55:00-04:00,10:30-12:00,long,short,54.0,Q2,True,True,stratified_event_count_seed_149
mnq,MNQ,2021-04-23,2021,2021-04-23T10:10:00-04:00,09:45-10:30,short,long,46.25,Q1 low,True,True,stratified_event_count_seed_149
mnq,MNQ,2021-04-30,2021,2021-04-30T11:27:00-04:00,10:30-12:00,short,long,52.5,Q1 low,True,True,stratified_event_count_seed_149
mnq,MNQ,2021-05-05,2021,2021-05-05T12:27:00-04:00,12:00-14:00,long,short,61.25,Q2,True,True,stratified_event_count_seed_149
mnq,MNQ,2021-05-07,2021,2021-05-07T13:10:00-04:00,12:00-14:00,long,short,78.75,Q3,True,True,stratified_event_count_seed_149
mnq,MNQ,2021-05-11,2021,2021-05-11T10:30:00-04:00,10:30-12:00,short,long,143.25,Q4 high,True,True,stratified_event_count_seed_149
mnq,MNQ,2021-05-11,2021,2021-05-11T13:01:00-04:00,12:00-14:00,short,long,143.25,Q4 high,True,True,stratified_event_count_seed_149
mnq,MNQ,2021-05-11,2021,2021-05-11T14:06:00-04:00,14:00-15:30,short,long,143.25,Q4 high,True,True,stratified_event_count_seed_149
mnq,MNQ,2021-05-11,2021,2021-05-11T14:16:00-04:00,14:00-15:30,short,long,143.25,Q4 high,True,True,stratified_event_count_seed_149
mnq,MNQ,2021-05-12,2021,2021-05-12T12:53:00-04:00,12:00-14:00,long,short,97.25,Q3,True,True,stratified_event_count_seed_149
mnq,MNQ,2021-05-17,2021,2021-05-17T10:36:00-04:00,10:30-12:00,long,short,78.25,Q3,True,True,stratified_event_count_seed_149
mnq,MNQ,2021-05-18,2021,2021-05-18T10:02:00-04:00,09:45-10:30,long,short,48.25,Q1 low,True,True,stratified_event_count_seed_149
mnq,MNQ,2021-05-20,2021,2021-05-20T15:11:00-04:00,14:00-15:30,long,short,111.5,Q4 high,True,True,stratified_event_count_seed_149
mnq,MNQ,2021-05-28,2021,2021-05-28T09:58:00-04:00,09:45-10:30,long,short,44.0,Q1 low,True,True,stratified_event_count_seed_149
mnq,MNQ,2021-05-31,2021,2021-05-31T14:52:00-04:00,14:00-15:30,long,short,11.5,Q1 low,True,True,stratified_event_count_seed_149
mnq,MNQ,2021-06-02,2021,2021-06-02T10:21:00-04:00,09:45-10:30,long,short,36.5,Q1 low,True,True,stratified_event_count_seed_149
mnq,MNQ,2021-06-03,2021,2021-06-03T10:22:00-04:00,09:45-10:30,short,long,82.25,Q3,True,True,stratified_event_count_seed_149
mnq,MNQ,2021-06-14,2021,2021-06-14T13:35:00-04:00,12:00-14:00,long,short,50.5,Q1 low,True,True,stratified_event_count_seed_149
mnq,MNQ,2021-07-06,2021,2021-07-06T14:11:00-04:00,14:00-15:30,short,long,35.0,Q1 low,True,True,stratified_event_count_seed_149
mnq,MNQ,2021-07-14,2021,2021-07-14T14:37:00-04:00,14:00-15:30,long,short,55.0,Q2,True,True,stratified_event_count_seed_149
mnq,MNQ,2021-07-26,2021,2021-07-26T14:09:00-04:00,14:00-15:30,long,short,50.25,Q1 low,True,True,stratified_event_count_seed_149
mnq,MNQ,2021-07-27,2021,2021-07-27T10:23:00-04:00,09:45-10:30,long,short,57.0,Q2,True,True,stratified_event_count_seed_149
mnq,MNQ,2021-08-02,2021,2021-08-02T09:49:00-04:00,09:45-10:30,long,short,93.5,Q3,True,True,stratified_event_count_seed_149
mnq,MNQ,2021-08-02,2021,2021-08-02T14:18:00-04:00,14:00-15:30,short,long,93.5,Q3,True,True,stratified_event_count_seed_149
mnq,MNQ,2021-08-06,2021,2021-08-06T12:34:00-04:00,12:00-14:00,long,short,45.5,Q1 low,True,True,stratified_event_count_seed_149
mnq,MNQ,2021-08-10,2021,2021-08-10T12:06:00-04:00,12:00-14:00,long,short,36.75,Q1 low,True,True,stratified_event_count_seed_149
mnq,MNQ,2021-08-12,2021,2021-08-12T10:00:00-04:00,09:45-10:30,long,short,53.0,Q1 low,True,True,stratified_event_count_seed_149
mnq,MNQ,2021-08-12,2021,2021-08-12T14:15:00-04:00,14:00-15:30,long,short,53.0,Q1 low,True,True,stratified_event_count_seed_149
mnq,MNQ,2021-08-19,2021,2021-08-19T13:56:00-04:00,12:00-14:00,long,short,72.25,Q3,True,True,stratified_event_count_seed_149
mnq,MNQ,2021-08-27,2021,2021-08-27T13:52:00-04:00,12:00-14:00,long,short,48.0,Q1 low,True,True,stratified_event_count_seed_149
mnq,MNQ,2021-08-30,2021,2021-08-30T14:13:00-04:00,14:00-15:30,long,short,61.25,Q2,True,True,stratified_event_count_seed_149
mnq,MNQ,2021-09-10,2021,2021-09-10T10:20:00-04:00,09:45-10:30,long,short,30.5,Q1 low,True,True,stratified_event_count_seed_149
mnq,MNQ,2021-09-17,2021,2021-09-17T10:14:00-04:00,09:45-10:30,long,short,76.75,Q3,True,True,stratified_event_count_seed_149
mnq,MNQ,2021-09-28,2021,2021-09-28T12:47:00-04:00,12:00-14:00,short,long,102.75,Q4 high,True,True,stratified_event_count_seed_149
mnq,MNQ,2021-10-06,2021,2021-10-06T11:39:00-04:00,10:30-12:00,short,long,127.75,Q4 high,True,True,stratified_event_count_seed_149
mnq,MNQ,2021-10-20,2021,2021-10-20T10:25:00-04:00,09:45-10:30,long,short,33.25,Q1 low,True,True,stratified_event_count_seed_149
mnq,MNQ,2021-10-27,2021,2021-10-27T12:07:00-04:00,12:00-14:00,short,long,67.75,Q2,True,True,stratified_event_count_seed_149
mnq,MNQ,2021-10-27,2021,2021-10-27T14:15:00-04:00,14:00-15:30,short,long,67.75,Q2,True,True,stratified_event_count_seed_149
mnq,MNQ,2021-10-27,2021,2021-10-27T15:19:00-04:00,14:00-15:30,short,long,67.75,Q2,True,True,stratified_event_count_seed_149
mnq,MNQ,2021-11-10,2021,2021-11-10T09:53:00-05:00,09:45-10:30,long,short,84.5,Q3,True,True,stratified_event_count_seed_149
mnq,MNQ,2021-11-24,2021,2021-11-24T10:10:00-05:00,09:45-10:30,short,long,94.0,Q3,True,True,stratified_event_count_seed_149
mnq,MNQ,2021-11-26,2021,2021-11-26T09:51:00-05:00,09:45-10:30,long,short,105.0,Q4 high,True,True,stratified_event_count_seed_149
mnq,MNQ,2021-11-29,2021,2021-11-29T10:33:00-05:00,10:30-12:00,long,short,71.0,Q3,True,True,stratified_event_count_seed_149
mnq,MNQ,2021-12-02,2021,2021-12-02T10:30:00-05:00,10:30-12:00,short,long,191.5,Q4 high,True,True,stratified_event_count_seed_149
mnq,MNQ,2021-12-06,2021,2021-12-06T14:48:00-05:00,14:00-15:30,short,long,201.5,Q4 high,True,True,stratified_event_count_seed_149
mnq,MNQ,2021-12-08,2021,2021-12-08T09:53:00-05:00,09:45-10:30,long,short,82.5,Q3,True,True,stratified_event_count_seed_149
mnq,MNQ,2021-12-10,2021,2021-12-10T09:47:00-05:00,09:45-10:30,long,short,85.25,Q3,True,True,stratified_event_count_seed_149
mnq,MNQ,2021-12-13,2021,2021-12-13T12:51:00-05:00,12:00-14:00,short,long,71.0,Q3,True,True,stratified_event_count_seed_149
mnq,MNQ,2021-12-20,2021,2021-12-20T15:00:00-05:00,14:00-15:30,short,long,99.75,Q4 high,True,True,stratified_event_count_seed_149
mnq,MNQ,2021-12-22,2021,2021-12-22T14:41:00-05:00,14:00-15:30,short,long,78.5,Q3,True,True,stratified_event_count_seed_149
mnq,MNQ,2021-12-23,2021,2021-12-23T09:49:00-05:00,09:45-10:30,long,short,60.5,Q2,True,True,stratified_event_count_seed_149
mnq,MNQ,2021-12-27,2021,2021-12-27T10:16:00-05:00,09:45-10:30,short,long,103.75,Q4 high,True,True,stratified_event_count_seed_149
mnq,MNQ,2021-12-30,2021,2021-12-30T10:11:00-05:00,09:45-10:30,short,long,68.5,Q2,True,True,stratified_event_count_seed_149
mnq,MNQ,2021-12-31,2021,2021-12-31T10:09:00-05:00,09:45-10:30,long,short,58.0,Q2,True,True,stratified_event_count_seed_149
mnq,MNQ,2021-12-31,2021,2021-12-31T11:21:00-05:00,10:30-12:00,long,short,58.0,Q2,True,True,stratified_event_count_seed_149
mnq,MNQ,2022-01-03,2022,2022-01-03T10:06:00-05:00,09:45-10:30,short,long,106.25,Q4 high,True,True,stratified_event_count_seed_149
mnq,MNQ,2022-01-04,2022,2022-01-04T13:33:00-05:00,12:00-14:00,short,long,45.0,Q1 low,True,True,stratified_event_count_seed_149
mnq,MNQ,2022-01-10,2022,2022-01-10T11:38:00-05:00,10:30-12:00,long,short,125.25,Q4 high,True,True,stratified_event_count_seed_149
mnq,MNQ,2022-01-10,2022,2022-01-10T13:00:00-05:00,12:00-14:00,short,long,125.25,Q4 high,True,True,stratified_event_count_seed_149
mnq,MNQ,2022-01-11,2022,2022-01-11T11:55:00-05:00,10:30-12:00,short,long,119.5,Q4 high,True,True,stratified_event_count_seed_149
mnq,MNQ,2022-01-12,2022,2022-01-12T09:53:00-05:00,09:45-10:30,short,long,98.0,Q3,True,True,stratified_event_count_seed_149
mnq,MNQ,2022-01-14,2022,2022-01-14T09:51:00-05:00,09:45-10:30,long,short,156.25,Q4 high,True,True,stratified_event_count_seed_149
mnq,MNQ,2022-01-14,2022,2022-01-14T11:30:00-05:00,10:30-12:00,short,long,156.25,Q4 high,True,True,stratified_event_count_seed_149
mnq,MNQ,2022-01-17,2022,2022-01-17T10:08:00-05:00,09:45-10:30,long,short,38.75,Q1 low,True,True,stratified_event_count_seed_149
mnq,MNQ,2022-01-17,2022,2022-01-17T15:13:00-05:00,14:00-15:30,short,long,38.75,Q1 low,True,True,stratified_event_count_seed_149
mnq,MNQ,2022-01-18,2022,2022-01-18T14:37:00-05:00,14:00-15:30,short,long,101.75,Q4 high,True,True,stratified_event_count_seed_149
mnq,MNQ,2022-01-18,2022,2022-01-18T14:41:00-05:00,14:00-15:30,short,long,101.75,Q4 high,True,True,stratified_event_count_seed_149
mnq,MNQ,2022-01-19,2022,2022-01-19T15:09:00-05:00,14:00-15:30,short,long,88.5,Q3,True,True,stratified_event_count_seed_149
mnq,MNQ,2022-01-28,2022,2022-01-28T12:32:00-05:00,12:00-14:00,short,long,209.25,Q4 high,True,True,stratified_event_count_seed_149
mnq,MNQ,2022-01-31,2022,2022-01-31T14:00:00-05:00,14:00-15:30,short,long,167.75,Q4 high,True,True,stratified_event_count_seed_149
mnq,MNQ,2022-09-19,2022,2022-09-19T09:52:00-04:00,09:45-10:30,short,long,89.75,Q3,True,True,stratified_event_count_seed_149
mnq,MNQ,2022-09-19,2022,2022-09-19T10:06:00-04:00,09:45-10:30,short,long,89.75,Q3,True,True,stratified_event_count_seed_149
mnq,MNQ,2022-09-19,2022,2022-09-19T11:43:00-04:00,10:30-12:00,short,long,89.75,Q3,True,True,stratified_event_count_seed_149
mnq,MNQ,2022-09-29,2022,2022-09-29T14:41:00-04:00,14:00-15:30,short,long,138.0,Q4 high,True,True,stratified_event_count_seed_149
mnq,MNQ,2022-09-30,2022,2022-09-30T14:00:00-04:00,14:00-15:30,short,long,102.5,Q4 high,True,True,stratified_event_count_seed_149
mnq,MNQ,2023-02-17,2023,2023-02-17T13:16:00-05:00,12:00-14:00,short,long,77.0,Q3,True,True,stratified_event_count_seed_149
mnq,MNQ,2023-02-20,2023,2023-02-20T10:41:00-05:00,10:30-12:00,long,short,13.5,Q1 low,True,True,stratified_event_count_seed_149
mnq,MNQ,2023-02-23,2023,2023-02-23T11:36:00-05:00,10:30-12:00,short,long,63.0,Q2,True,True,stratified_event_count_seed_149
mnq,MNQ,2023-02-24,2023,2023-02-24T11:12:00-05:00,10:30-12:00,short,long,62.25,Q2,True,True,stratified_event_count_seed_149
mnq,MNQ,2023-03-01,2023,2023-03-01T10:26:00-05:00,09:45-10:30,long,short,56.0,Q2,True,True,stratified_event_count_seed_149
mnq,MNQ,2023-03-03,2023,2023-03-03T09:53:00-05:00,09:45-10:30,long,short,35.25,Q1 low,True,True,stratified_event_count_seed_149
mnq,MNQ,2023-03-06,2023,2023-03-06T13:34:00-05:00,12:00-14:00,long,short,44.75,Q1 low,True,True,stratified_event_count_seed_149
mnq,MNQ,2023-03-06,2023,2023-03-06T15:21:00-05:00,14:00-15:30,short,long,44.75,Q1 low,True,True,stratified_event_count_seed_149
mnq,MNQ,2023-03-14,2023,2023-03-14T13:11:00-04:00,12:00-14:00,long,short,80.25,Q3,True,True,stratified_event_count_seed_149
mnq,MNQ,2023-03-21,2023,2023-03-21T11:01:00-04:00,10:30-12:00,long,short,40.5,Q1 low,True,True,stratified_event_count_seed_149
mnq,MNQ,2023-03-22,2023,2023-03-22T15:01:00-04:00,14:00-15:30,short,long,29.5,Q1 low,True,True,stratified_event_count_seed_149
mnq,MNQ,2023-03-27,2023,2023-03-27T10:59:00-04:00,10:30-12:00,short,long,59.0,Q2,True,True,stratified_event_count_seed_149
mnq,MNQ,2023-03-30,2023,2023-03-30T15:09:00-04:00,14:00-15:30,long,short,41.0,Q1 low,True,True,stratified_event_count_seed_149
mnq,MNQ,2023-03-31,2023,2023-03-31T11:23:00-04:00,10:30-12:00,short,long,62.5,Q2,True,True,stratified_event_count_seed_149
mnq,MNQ,2023-04-06,2023,2023-04-06T10:16:00-04:00,09:45-10:30,short,long,56.0,Q2,True,True,stratified_event_count_seed_149
mnq,MNQ,2023-04-06,2023,2023-04-06T14:55:00-04:00,14:00-15:30,short,long,56.0,Q2,True,True,stratified_event_count_seed_149
mnq,MNQ,2023-04-17,2023,2023-04-17T12:54:00-04:00,12:00-14:00,short,long,60.5,Q2,True,True,stratified_event_count_seed_149
mnq,MNQ,2023-04-20,2023,2023-04-20T10:03:00-04:00,09:45-10:30,short,long,65.75,Q2,True,True,stratified_event_count_seed_149
mnq,MNQ,2023-04-21,2023,2023-04-21T09:59:00-04:00,09:45-10:30,long,short,35.75,Q1 low,True,True,stratified_event_count_seed_149
mnq,MNQ,2023-04-24,2023,2023-04-24T14:36:00-04:00,14:00-15:30,long,short,80.0,Q3,True,True,stratified_event_count_seed_149
mnq,MNQ,2023-05-03,2023,2023-05-03T14:15:00-04:00,14:00-15:30,long,short,34.5,Q1 low,True,True,stratified_event_count_seed_149
mnq,MNQ,2023-05-04,2023,2023-05-04T11:55:00-04:00,10:30-12:00,long,short,52.0,Q1 low,True,True,stratified_event_count_seed_149
mnq,MNQ,2023-05-05,2023,2023-05-05T14:01:00-04:00,14:00-15:30,long,short,46.5,Q1 low,True,True,stratified_event_count_seed_149
mnq,MNQ,2023-05-08,2023,2023-05-08T14:54:00-04:00,14:00-15:30,long,short,39.25,Q1 low,True,True,stratified_event_count_seed_149
mnq,MNQ,2023-05-17,2023,2023-05-17T12:08:00-04:00,12:00-14:00,long,short,27.75,Q1 low,True,True,stratified_event_count_seed_149
mnq,MNQ,2023-05-17,2023,2023-05-17T13:42:00-04:00,12:00-14:00,long,short,27.75,Q1 low,True,True,stratified_event_count_seed_149
mnq,MNQ,2023-05-17,2023,2023-05-17T14:34:00-04:00,14:00-15:30,short,long,27.75,Q1 low,True,True,stratified_event_count_seed_149
mnq,MNQ,2023-05-18,2023,2023-05-18T10:25:00-04:00,09:45-10:30,long,short,59.25,Q2,True,True,stratified_event_count_seed_149
mnq,MNQ,2023-05-25,2023,2023-05-25T10:04:00-04:00,09:45-10:30,long,short,102.5,Q4 high,True,True,stratified_event_count_seed_149
mnq,MNQ,2023-05-30,2023,2023-05-30T11:07:00-04:00,10:30-12:00,short,long,83.75,Q3,True,True,stratified_event_count_seed_149
mnq,MNQ,2023-06-08,2023,2023-06-08T09:53:00-04:00,09:45-10:30,short,long,69.0,Q2,True,True,stratified_event_count_seed_149
mnq,MNQ,2023-06-12,2023,2023-06-12T14:36:00-04:00,14:00-15:30,long,short,37.0,Q1 low,True,True,stratified_event_count_seed_149
mnq,MNQ,2023-06-12,2023,2023-06-12T15:16:00-04:00,14:00-15:30,short,long,37.0,Q1 low,True,True,stratified_event_count_seed_149
mnq,MNQ,2023-06-13,2023,2023-06-13T09:58:00-04:00,09:45-10:30,short,long,67.0,Q2,True,True,stratified_event_count_seed_149
mnq,MNQ,2023-06-13,2023,2023-06-13T13:08:00-04:00,12:00-14:00,short,long,67.0,Q2,True,True,stratified_event_count_seed_149
mnq,MNQ,2023-06-13,2023,2023-06-13T14:55:00-04:00,14:00-15:30,long,short,67.0,Q2,True,True,stratified_event_count_seed_149
mnq,MNQ,2023-06-20,2023,2023-06-20T14:33:00-04:00,14:00-15:30,long,short,87.25,Q3,True,True,stratified_event_count_seed_149
mnq,MNQ,2023-06-21,2023,2023-06-21T12:57:00-04:00,12:00-14:00,short,long,44.0,Q1 low,True,True,stratified_event_count_seed_149
mnq,MNQ,2023-06-29,2023,2023-06-29T11:32:00-04:00,10:30-12:00,long,short,62.0,Q2,True,True,stratified_event_count_seed_149
mnq,MNQ,2023-07-03,2023,2023-07-03T14:46:00-04:00,14:00-15:30,short,long,37.25,Q1 low,True,True,stratified_event_count_seed_149
mnq,MNQ,2023-07-05,2023,2023-07-05T10:27:00-04:00,09:45-10:30,long,short,89.5,Q3,True,True,stratified_event_count_seed_149
mnq,MNQ,2023-07-13,2023,2023-07-13T10:08:00-04:00,09:45-10:30,short,long,63.0,Q2,True,True,stratified_event_count_seed_149
mnq,MNQ,2023-07-20,2023,2023-07-20T10:25:00-04:00,09:45-10:30,short,long,60.5,Q2,True,True,stratified_event_count_seed_149
mnq,MNQ,2023-07-24,2023,2023-07-24T15:13:00-04:00,14:00-15:30,long,short,44.5,Q1 low,True,True,stratified_event_count_seed_149
mnq,MNQ,2023-08-02,2023,2023-08-02T11:08:00-04:00,10:30-12:00,long,short,82.5,Q3,True,True,stratified_event_count_seed_149
mnq,MNQ,2023-08-03,2023,2023-08-03T10:02:00-04:00,09:45-10:30,long,short,62.5,Q2,True,True,stratified_event_count_seed_149
mnq,MNQ,2023-08-11,2023,2023-08-11T13:24:00-04:00,12:00-14:00,short,long,59.5,Q2,True,True,stratified_event_count_seed_149
mnq,MNQ,2023-08-17,2023,2023-08-17T11:24:00-04:00,10:30-12:00,long,short,67.25,Q2,True,True,stratified_event_count_seed_149
mnq,MNQ,2023-08-22,2023,2023-08-22T09:51:00-04:00,09:45-10:30,long,short,74.75,Q3,True,True,stratified_event_count_seed_149
mnq,MNQ,2023-08-23,2023,2023-08-23T15:13:00-04:00,14:00-15:30,short,long,39.75,Q1 low,True,True,stratified_event_count_seed_149
mnq,MNQ,2023-08-25,2023,2023-08-25T09:59:00-04:00,09:45-10:30,long,short,56.0,Q2,True,True,stratified_event_count_seed_149
mnq,MNQ,2023-09-22,2023,2023-09-22T12:29:00-04:00,12:00-14:00,long,short,53.5,Q2,True,True,stratified_event_count_seed_149
mnq,MNQ,2023-09-26,2023,2023-09-26T09:46:00-04:00,09:45-10:30,long,short,43.25,Q1 low,True,True,stratified_event_count_seed_149
mnq,MNQ,2023-09-26,2023,2023-09-26T14:27:00-04:00,14:00-15:30,short,long,43.25,Q1 low,True,True,stratified_event_count_seed_149
mnq,MNQ,2023-09-28,2023,2023-09-28T10:13:00-04:00,09:45-10:30,long,short,55.5,Q2,True,True,stratified_event_count_seed_149
mnq,MNQ,2023-09-29,2023,2023-09-29T12:59:00-04:00,12:00-14:00,long,short,38.25,Q1 low,True,True,stratified_event_count_seed_149
mnq,MNQ,2023-10-09,2023,2023-10-09T15:28:00-04:00,14:00-15:30,long,short,87.5,Q3,True,True,stratified_event_count_seed_149
mnq,MNQ,2023-10-18,2023,2023-10-18T10:01:00-04:00,09:45-10:30,long,short,73.5,Q3,True,True,stratified_event_count_seed_149
mnq,MNQ,2023-10-27,2023,2023-10-27T10:43:00-04:00,10:30-12:00,short,long,47.25,Q1 low,True,True,stratified_event_count_seed_149
mnq,MNQ,2023-10-31,2023,2023-10-31T11:59:00-04:00,10:30-12:00,short,long,102.0,Q4 high,True,True,stratified_event_count_seed_149
mnq,MNQ,2023-10-31,2023,2023-10-31T14:23:00-04:00,14:00-15:30,long,short,102.0,Q4 high,True,True,stratified_event_count_seed_149
mnq,MNQ,2023-12-06,2023,2023-12-06T11:30:00-05:00,10:30-12:00,short,long,102.5,Q4 high,True,True,stratified_event_count_seed_149
mnq,MNQ,2023-12-14,2023,2023-12-14T13:15:00-05:00,12:00-14:00,short,long,51.75,Q1 low,True,True,stratified_event_count_seed_149
mnq,MNQ,2023-12-27,2023,2023-12-27T10:05:00-05:00,09:45-10:30,short,long,30.0,Q1 low,True,True,stratified_event_count_seed_149
mnq,MNQ,2023-12-28,2023,2023-12-28T14:04:00-05:00,14:00-15:30,short,long,42.25,Q1 low,True,True,stratified_event_count_seed_149
mnq,MNQ,2024-01-03,2024,2024-01-03T12:45:00-05:00,12:00-14:00,long,short,60.5,Q2,True,True,stratified_event_count_seed_149
mnq,MNQ,2024-01-10,2024,2024-01-10T15:01:00-05:00,14:00-15:30,short,long,34.5,Q1 low,True,True,stratified_event_count_seed_149
mnq,MNQ,2024-01-11,2024,2024-01-11T09:55:00-05:00,09:45-10:30,long,short,68.25,Q2,True,True,stratified_event_count_seed_149
mnq,MNQ,2024-01-19,2024,2024-01-19T09:59:00-05:00,09:45-10:30,long,short,42.25,Q1 low,True,True,stratified_event_count_seed_149
mnq,MNQ,2024-01-19,2024,2024-01-19T14:04:00-05:00,14:00-15:30,long,short,42.25,Q1 low,True,True,stratified_event_count_seed_149
mnq,MNQ,2024-01-23,2024,2024-01-23T10:15:00-05:00,09:45-10:30,short,long,79.0,Q3,True,True,stratified_event_count_seed_149
mnq,MNQ,2024-01-23,2024,2024-01-23T11:24:00-05:00,10:30-12:00,long,short,79.0,Q3,True,True,stratified_event_count_seed_149
mnq,MNQ,2024-01-25,2024,2024-01-25T10:18:00-05:00,09:45-10:30,long,short,53.25,Q2,True,True,stratified_event_count_seed_149
mnq,MNQ,2024-01-25,2024,2024-01-25T12:30:00-05:00,12:00-14:00,long,short,53.25,Q2,True,True,stratified_event_count_seed_149
mnq,MNQ,2024-01-26,2024,2024-01-26T12:02:00-05:00,12:00-14:00,long,short,43.5,Q1 low,True,True,stratified_event_count_seed_149
mnq,MNQ,2024-01-31,2024,2024-01-31T14:40:00-05:00,14:00-15:30,long,short,71.25,Q3,True,True,stratified_event_count_seed_149
mnq,MNQ,2024-02-05,2024,2024-02-05T14:46:00-05:00,14:00-15:30,long,short,46.0,Q1 low,True,True,stratified_event_count_seed_149
mnq,MNQ,2024-02-09,2024,2024-02-09T11:11:00-05:00,10:30-12:00,long,short,36.0,Q1 low,True,True,stratified_event_count_seed_149
mnq,MNQ,2024-02-12,2024,2024-02-12T11:34:00-05:00,10:30-12:00,long,short,43.75,Q1 low,True,True,stratified_event_count_seed_149
mnq,MNQ,2024-02-13,2024,2024-02-13T10:18:00-05:00,09:45-10:30,long,short,79.0,Q3,True,True,stratified_event_count_seed_149
mnq,MNQ,2024-02-14,2024,2024-02-14T10:33:00-05:00,10:30-12:00,long,short,75.75,Q3,True,True,stratified_event_count_seed_149
mnq,MNQ,2024-02-14,2024,2024-02-14T13:53:00-05:00,12:00-14:00,short,long,75.75,Q3,True,True,stratified_event_count_seed_149
mnq,MNQ,2024-02-15,2024,2024-02-15T12:19:00-05:00,12:00-14:00,long,short,64.5,Q2,True,True,stratified_event_count_seed_149
mnq,MNQ,2024-02-27,2024,2024-02-27T14:11:00-05:00,14:00-15:30,long,short,88.75,Q3,True,True,stratified_event_count_seed_149
mnq,MNQ,2024-02-28,2024,2024-02-28T10:13:00-05:00,09:45-10:30,short,long,45.0,Q1 low,True,True,stratified_event_count_seed_149
mnq,MNQ,2024-02-28,2024,2024-02-28T14:14:00-05:00,14:00-15:30,long,short,45.0,Q1 low,True,True,stratified_event_count_seed_149
mnq,MNQ,2024-03-14,2024,2024-03-14T15:25:00-04:00,14:00-15:30,short,long,62.25,Q2,True,True,stratified_event_count_seed_149
mnq,MNQ,2024-03-20,2024,2024-03-20T14:14:00-04:00,14:00-15:30,long,short,85.75,Q3,True,True,stratified_event_count_seed_149
mnq,MNQ,2024-03-22,2024,2024-03-22T12:13:00-04:00,12:00-14:00,short,long,42.25,Q1 low,True,True,stratified_event_count_seed_149
mnq,MNQ,2024-04-01,2024,2024-04-01T11:22:00-04:00,10:30-12:00,short,long,123.25,Q4 high,True,True,stratified_event_count_seed_149
mnq,MNQ,2024-04-09,2024,2024-04-09T09:48:00-04:00,09:45-10:30,short,long,62.25,Q2,True,True,stratified_event_count_seed_149
mnq,MNQ,2024-04-10,2024,2024-04-10T10:29:00-04:00,09:45-10:30,long,short,77.25,Q3,True,True,stratified_event_count_seed_149
mnq,MNQ,2024-04-12,2024,2024-04-12T11:31:00-04:00,10:30-12:00,long,short,46.25,Q1 low,True,True,stratified_event_count_seed_149
mnq,MNQ,2024-04-18,2024,2024-04-18T10:10:00-04:00,09:45-10:30,short,long,127.75,Q4 high,True,True,stratified_event_count_seed_149
mnq,MNQ,2024-04-22,2024,2024-04-22T14:24:00-04:00,14:00-15:30,long,short,43.5,Q1 low,True,True,stratified_event_count_seed_149
mnq,MNQ,2024-04-23,2024,2024-04-23T15:30:00-04:00,14:00-15:30,long,short,64.5,Q2,True,True,stratified_event_count_seed_149
mnq,MNQ,2024-04-29,2024,2024-04-29T10:19:00-04:00,09:45-10:30,short,long,117.25,Q4 high,True,True,stratified_event_count_seed_149
mnq,MNQ,2024-04-30,2024,2024-04-30T10:13:00-04:00,09:45-10:30,long,short,62.5,Q2,True,True,stratified_event_count_seed_149
mnq,MNQ,2024-05-01,2024,2024-05-01T09:56:00-04:00,09:45-10:30,long,short,49.25,Q1 low,True,True,stratified_event_count_seed_149
mnq,MNQ,2024-05-17,2024,2024-05-17T10:19:00-04:00,09:45-10:30,long,short,29.25,Q1 low,True,True,stratified_event_count_seed_149
mnq,MNQ,2024-06-04,2024,2024-06-04T12:14:00-04:00,12:00-14:00,short,long,69.25,Q2,True,True,stratified_event_count_seed_149
mnq,MNQ,2024-06-06,2024,2024-06-06T14:28:00-04:00,14:00-15:30,short,long,30.5,Q1 low,True,True,stratified_event_count_seed_149
mnq,MNQ,2024-06-14,2024,2024-06-14T10:13:00-04:00,09:45-10:30,long,short,46.5,Q1 low,True,True,stratified_event_count_seed_149
mnq,MNQ,2024-06-14,2024,2024-06-14T15:03:00-04:00,14:00-15:30,long,short,46.5,Q1 low,True,True,stratified_event_count_seed_149
mnq,MNQ,2024-06-18,2024,2024-06-18T12:33:00-04:00,12:00-14:00,long,short,39.5,Q1 low,True,True,stratified_event_count_seed_149
mnq,MNQ,2024-06-18,2024,2024-06-18T15:12:00-04:00,14:00-15:30,short,long,39.5,Q1 low,True,True,stratified_event_count_seed_149
mnq,MNQ,2024-07-01,2024,2024-07-01T12:00:00-04:00,12:00-14:00,long,short,73.0,Q3,True,True,stratified_event_count_seed_149
mnq,MNQ,2024-07-03,2024,2024-07-03T11:49:00-04:00,10:30-12:00,long,short,51.5,Q1 low,True,True,stratified_event_count_seed_149
mnq,MNQ,2024-07-03,2024,2024-07-03T12:02:00-04:00,12:00-14:00,long,short,51.5,Q1 low,True,True,stratified_event_count_seed_149
mnq,MNQ,2024-07-04,2024,2024-07-04T14:55:00-04:00,14:00-15:30,long,short,18.75,Q1 low,True,True,stratified_event_count_seed_149
mnq,MNQ,2024-07-05,2024,2024-07-05T10:14:00-04:00,09:45-10:30,long,short,54.75,Q2,True,True,stratified_event_count_seed_149
mnq,MNQ,2024-07-05,2024,2024-07-05T11:14:00-04:00,10:30-12:00,long,short,54.75,Q2,True,True,stratified_event_count_seed_149
mnq,MNQ,2024-07-09,2024,2024-07-09T10:17:00-04:00,09:45-10:30,long,short,45.25,Q1 low,True,True,stratified_event_count_seed_149
mnq,MNQ,2024-07-09,2024,2024-07-09T13:32:00-04:00,12:00-14:00,long,short,45.25,Q1 low,True,True,stratified_event_count_seed_149
mnq,MNQ,2024-07-11,2024,2024-07-11T14:26:00-04:00,14:00-15:30,long,short,50.0,Q1 low,True,True,stratified_event_count_seed_149
mnq,MNQ,2024-07-17,2024,2024-07-17T12:55:00-04:00,12:00-14:00,short,long,71.0,Q3,True,True,stratified_event_count_seed_149
mnq,MNQ,2024-07-18,2024,2024-07-18T13:02:00-04:00,12:00-14:00,long,short,110.75,Q4 high,True,True,stratified_event_count_seed_149
mnq,MNQ,2024-07-19,2024,2024-07-19T10:22:00-04:00,09:45-10:30,long,short,140.75,Q4 high,True,True,stratified_event_count_seed_149
mnq,MNQ,2024-07-25,2024,2024-07-25T13:10:00-04:00,12:00-14:00,long,short,119.0,Q4 high,True,True,stratified_event_count_seed_149
mnq,MNQ,2024-07-30,2024,2024-07-30T10:08:00-04:00,09:45-10:30,long,short,64.0,Q2,True,True,stratified_event_count_seed_149
mnq,MNQ,2024-08-05,2024,2024-08-05T09:47:00-04:00,09:45-10:30,short,long,362.25,Q4 high,True,True,stratified_event_count_seed_149
mnq,MNQ,2024-08-06,2024,2024-08-06T14:50:00-04:00,14:00-15:30,long,short,203.0,Q4 high,True,True,stratified_event_count_seed_149
mnq,MNQ,2024-08-12,2024,2024-08-12T09:51:00-04:00,09:45-10:30,long,short,115.5,Q4 high,True,True,stratified_event_count_seed_149
mnq,MNQ,2024-08-13,2024,2024-08-13T10:43:00-04:00,10:30-12:00,short,long,75.5,Q3,True,True,stratified_event_count_seed_149
mnq,MNQ,2024-08-22,2024,2024-08-22T10:13:00-04:00,09:45-10:30,long,short,55.75,Q2,True,True,stratified_event_count_seed_149
mnq,MNQ,2024-08-26,2024,2024-08-26T09:51:00-04:00,09:45-10:30,long,short,58.75,Q2,True,True,stratified_event_count_seed_149
mnq,MNQ,2024-08-30,2024,2024-08-30T15:07:00-04:00,14:00-15:30,long,short,64.0,Q2,True,True,stratified_event_count_seed_149
mnq,MNQ,2024-09-02,2024,2024-09-02T12:42:00-04:00,12:00-14:00,long,short,30.0,Q1 low,True,True,stratified_event_count_seed_149
mnq,MNQ,2024-09-05,2024,2024-09-05T10:12:00-04:00,09:45-10:30,long,short,148.25,Q4 high,True,True,stratified_event_count_seed_149
mnq,MNQ,2024-09-12,2024,2024-09-12T13:05:00-04:00,12:00-14:00,long,short,79.5,Q3,True,True,stratified_event_count_seed_149
mnq,MNQ,2024-09-20,2024,2024-09-20T13:21:00-04:00,12:00-14:00,long,short,52.25,Q1 low,True,True,stratified_event_count_seed_149
mnq,MNQ,2024-09-23,2024,2024-09-23T12:16:00-04:00,12:00-14:00,short,long,54.75,Q2,True,True,stratified_event_count_seed_149
mnq,MNQ,2024-09-26,2024,2024-09-26T13:20:00-04:00,12:00-14:00,long,short,98.75,Q3,True,True,stratified_event_count_seed_149
mnq,MNQ,2024-09-30,2024,2024-09-30T09:58:00-04:00,09:45-10:30,short,long,91.5,Q3,True,True,stratified_event_count_seed_149
mnq,MNQ,2024-10-02,2024,2024-10-02T13:39:00-04:00,12:00-14:00,short,long,131.0,Q4 high,True,True,stratified_event_count_seed_149
mnq,MNQ,2024-10-15,2024,2024-10-15T13:04:00-04:00,12:00-14:00,long,short,53.5,Q2,True,True,stratified_event_count_seed_149
mnq,MNQ,2024-10-21,2024,2024-10-21T10:52:00-04:00,10:30-12:00,long,short,65.25,Q2,True,True,stratified_event_count_seed_149
mnq,MNQ,2024-10-22,2024,2024-10-22T09:47:00-04:00,09:45-10:30,long,short,89.5,Q3,True,True,stratified_event_count_seed_149
mnq,MNQ,2024-10-24,2024,2024-10-24T15:12:00-04:00,14:00-15:30,long,short,64.75,Q2,True,True,stratified_event_count_seed_149
mnq,MNQ,2024-10-28,2024,2024-10-28T12:17:00-04:00,12:00-14:00,long,short,70.5,Q3,True,True,stratified_event_count_seed_149
mnq,MNQ,2024-10-30,2024,2024-10-30T14:48:00-04:00,14:00-15:30,long,short,126.5,Q4 high,True,True,stratified_event_count_seed_149
mnq,MNQ,2024-10-31,2024,2024-10-31T10:52:00-04:00,10:30-12:00,long,short,116.5,Q4 high,True,True,stratified_event_count_seed_149
mnq,MNQ,2024-10-31,2024,2024-10-31T14:09:00-04:00,14:00-15:30,long,short,116.5,Q4 high,True,True,stratified_event_count_seed_149
mnq,MNQ,2024-11-01,2024,2024-11-01T10:09:00-04:00,09:45-10:30,long,short,107.5,Q4 high,True,True,stratified_event_count_seed_149
mnq,MNQ,2024-11-15,2024,2024-11-15T10:25:00-05:00,09:45-10:30,long,short,87.0,Q3,True,True,stratified_event_count_seed_149
mnq,MNQ,2024-11-15,2024,2024-11-15T11:22:00-05:00,10:30-12:00,short,long,87.0,Q3,True,True,stratified_event_count_seed_149
mnq,MNQ,2024-12-03,2024,2024-12-03T11:40:00-05:00,10:30-12:00,short,long,68.5,Q2,True,True,stratified_event_count_seed_149
mnq,MNQ,2024-12-04,2024,2024-12-04T11:34:00-05:00,10:30-12:00,short,long,48.75,Q1 low,True,True,stratified_event_count_seed_149
mnq,MNQ,2024-12-06,2024,2024-12-06T11:45:00-05:00,10:30-12:00,long,short,70.0,Q2,True,True,stratified_event_count_seed_149
mnq,MNQ,2024-12-26,2024,2024-12-26T14:10:00-05:00,14:00-15:30,long,short,53.25,Q2,True,True,stratified_event_count_seed_149
mnq,MNQ,2024-12-27,2024,2024-12-27T11:44:00-05:00,10:30-12:00,long,short,181.0,Q4 high,True,True,stratified_event_count_seed_149
mnq,MNQ,2024-12-30,2024,2024-12-30T11:27:00-05:00,10:30-12:00,long,short,107.5,Q4 high,True,True,stratified_event_count_seed_149
mnq,MNQ,2024-12-30,2024,2024-12-30T13:26:00-05:00,12:00-14:00,short,long,107.5,Q4 high,True,True,stratified_event_count_seed_149
mnq,MNQ,2024-12-31,2024,2024-12-31T10:13:00-05:00,09:45-10:30,short,long,121.75,Q4 high,True,True,stratified_event_count_seed_149
mnq,MNQ,2025-01-06,2025,2025-01-06T10:16:00-05:00,09:45-10:30,long,short,105.0,Q4 high,True,True,stratified_event_count_seed_149
mnq,MNQ,2025-01-17,2025,2025-01-17T14:32:00-05:00,14:00-15:30,short,long,161.25,Q4 high,True,True,stratified_event_count_seed_149
mnq,MNQ,2025-01-22,2025,2025-01-22T13:00:00-05:00,12:00-14:00,long,short,79.5,Q3,True,True,stratified_event_count_seed_149
mnq,MNQ,2025-02-04,2025,2025-02-04T10:05:00-05:00,09:45-10:30,short,long,118.5,Q4 high,True,True,stratified_event_count_seed_149
mnq,MNQ,2025-02-04,2025,2025-02-04T11:50:00-05:00,10:30-12:00,short,long,118.5,Q4 high,True,True,stratified_event_count_seed_149
mnq,MNQ,2025-02-04,2025,2025-02-04T13:19:00-05:00,12:00-14:00,short,long,118.5,Q4 high,True,True,stratified_event_count_seed_149
mnq,MNQ,2025-02-06,2025,2025-02-06T11:51:00-05:00,10:30-12:00,long,short,52.0,Q1 low,True,True,stratified_event_count_seed_149
mnq,MNQ,2025-02-06,2025,2025-02-06T15:15:00-05:00,14:00-15:30,long,short,52.0,Q1 low,True,True,stratified_event_count_seed_149
mnq,MNQ,2025-02-10,2025,2025-02-10T13:04:00-05:00,12:00-14:00,long,short,60.75,Q2,True,True,stratified_event_count_seed_149
mnq,MNQ,2025-02-10,2025,2025-02-10T14:03:00-05:00,14:00-15:30,long,short,60.75,Q2,True,True,stratified_event_count_seed_149
mnq,MNQ,2025-02-13,2025,2025-02-13T10:02:00-05:00,09:45-10:30,short,long,116.0,Q4 high,True,True,stratified_event_count_seed_149
mnq,MNQ,2025-02-18,2025,2025-02-18T11:07:00-05:00,10:30-12:00,long,short,57.0,Q2,True,True,stratified_event_count_seed_149
mnq,MNQ,2025-02-18,2025,2025-02-18T13:39:00-05:00,12:00-14:00,long,short,57.0,Q2,True,True,stratified_event_count_seed_149
mnq,MNQ,2025-02-20,2025,2025-02-20T09:50:00-05:00,09:45-10:30,long,short,61.0,Q2,True,True,stratified_event_count_seed_149
mnq,MNQ,2025-02-24,2025,2025-02-24T09:57:00-05:00,09:45-10:30,short,long,117.75,Q4 high,True,True,stratified_event_count_seed_149
mnq,MNQ,2025-02-25,2025,2025-02-25T14:41:00-05:00,14:00-15:30,long,short,86.5,Q3,True,True,stratified_event_count_seed_149
mnq,MNQ,2025-02-26,2025,2025-02-26T10:25:00-05:00,09:45-10:30,long,short,85.75,Q3,True,True,stratified_event_count_seed_149
mnq,MNQ,2025-02-27,2025,2025-02-27T09:46:00-05:00,09:45-10:30,long,short,211.0,Q4 high,True,True,stratified_event_count_seed_149
mnq,MNQ,2025-03-03,2025,2025-03-03T10:12:00-05:00,09:45-10:30,short,long,178.5,Q4 high,True,True,stratified_event_count_seed_149
mnq,MNQ,2025-03-04,2025,2025-03-04T15:15:00-05:00,14:00-15:30,short,long,171.5,Q4 high,True,True,stratified_event_count_seed_149
mnq,MNQ,2025-03-11,2025,2025-03-11T12:09:00-04:00,12:00-14:00,short,long,166.5,Q4 high,True,True,stratified_event_count_seed_149
mnq,MNQ,2025-03-17,2025,2025-03-17T11:59:00-04:00,10:30-12:00,long,short,164.0,Q4 high,True,True,stratified_event_count_seed_149
mnq,MNQ,2025-06-18,2025,2025-06-18T15:00:00-04:00,14:00-15:30,long,short,69.25,Q2,True,True,stratified_event_count_seed_149
mnq,MNQ,2025-06-20,2025,2025-06-20T10:11:00-04:00,09:45-10:30,long,short,90.75,Q3,True,True,stratified_event_count_seed_149
mnq,MNQ,2025-06-25,2025,2025-06-25T14:56:00-04:00,14:00-15:30,long,short,58.0,Q2,True,True,stratified_event_count_seed_149
mnq,MNQ,2025-06-27,2025,2025-06-27T14:24:00-04:00,14:00-15:30,long,short,61.0,Q2,True,True,stratified_event_count_seed_149
mnq,MNQ,2025-07-03,2025,2025-07-03T12:40:00-04:00,12:00-14:00,long,short,56.25,Q2,True,True,stratified_event_count_seed_149
mnq,MNQ,2025-07-04,2025,2025-07-04T11:08:00-04:00,10:30-12:00,long,short,41.75,Q1 low,True,True,stratified_event_count_seed_149
mnq,MNQ,2025-07-09,2025,2025-07-09T10:27:00-04:00,09:45-10:30,long,short,87.0,Q3,True,True,stratified_event_count_seed_149
mnq,MNQ,2025-07-09,2025,2025-07-09T12:27:00-04:00,12:00-14:00,long,short,87.0,Q3,True,True,stratified_event_count_seed_149
mnq,MNQ,2025-07-15,2025,2025-07-15T10:15:00-04:00,09:45-10:30,short,long,100.0,Q4 high,True,True,stratified_event_count_seed_149
mnq,MNQ,2025-07-17,2025,2025-07-17T12:35:00-04:00,12:00-14:00,long,short,62.5,Q2,True,True,stratified_event_count_seed_149
mnq,MNQ,2025-07-18,2025,2025-07-18T10:26:00-04:00,09:45-10:30,long,short,52.75,Q1 low,True,True,stratified_event_count_seed_149
mnq,MNQ,2025-07-18,2025,2025-07-18T11:56:00-04:00,10:30-12:00,long,short,52.75,Q1 low,True,True,stratified_event_count_seed_149
mnq,MNQ,2025-07-28,2025,2025-07-28T13:11:00-04:00,12:00-14:00,long,short,42.5,Q1 low,True,True,stratified_event_count_seed_149
mnq,MNQ,2025-07-29,2025,2025-07-29T10:24:00-04:00,09:45-10:30,long,short,59.5,Q2,True,True,stratified_event_count_seed_149
mnq,MNQ,2025-07-29,2025,2025-07-29T13:20:00-04:00,12:00-14:00,long,short,59.5,Q2,True,True,stratified_event_count_seed_149
mnq,MNQ,2025-07-31,2025,2025-07-31T14:14:00-04:00,14:00-15:30,short,long,131.75,Q4 high,True,True,stratified_event_count_seed_149
mnq,MNQ,2025-08-04,2025,2025-08-04T10:10:00-04:00,09:45-10:30,long,short,108.25,Q4 high,True,True,stratified_event_count_seed_149
mnq,MNQ,2025-08-12,2025,2025-08-12T10:06:00-04:00,09:45-10:30,long,short,98.5,Q3,True,True,stratified_event_count_seed_149
mnq,MNQ,2025-08-12,2025,2025-08-12T14:32:00-04:00,14:00-15:30,long,short,98.5,Q3,True,True,stratified_event_count_seed_149
mnq,MNQ,2025-08-14,2025,2025-08-14T09:57:00-04:00,09:45-10:30,long,short,82.75,Q3,True,True,stratified_event_count_seed_149
mnq,MNQ,2025-08-18,2025,2025-08-18T13:10:00-04:00,12:00-14:00,long,short,50.5,Q1 low,True,True,stratified_event_count_seed_149
mnq,MNQ,2025-08-19,2025,2025-08-19T11:07:00-04:00,10:30-12:00,long,short,110.75,Q4 high,True,True,stratified_event_count_seed_149
mnq,MNQ,2025-08-19,2025,2025-08-19T15:02:00-04:00,14:00-15:30,short,long,110.75,Q4 high,True,True,stratified_event_count_seed_149
mnq,MNQ,2025-08-22,2025,2025-08-22T11:15:00-04:00,10:30-12:00,short,long,117.75,Q4 high,True,True,stratified_event_count_seed_149
mnq,MNQ,2025-09-01,2025,2025-09-01T10:23:00-04:00,09:45-10:30,long,short,40.75,Q1 low,True,True,stratified_event_count_seed_149
mnq,MNQ,2025-09-03,2025,2025-09-03T10:21:00-04:00,09:45-10:30,short,long,66.0,Q2,True,True,stratified_event_count_seed_149
mnq,MNQ,2025-09-04,2025,2025-09-04T09:57:00-04:00,09:45-10:30,long,short,91.0,Q3,True,True,stratified_event_count_seed_149
mnq,MNQ,2025-09-08,2025,2025-09-08T10:17:00-04:00,09:45-10:30,long,short,75.5,Q3,True,True,stratified_event_count_seed_149
mnq,MNQ,2025-09-08,2025,2025-09-08T11:48:00-04:00,10:30-12:00,long,short,75.5,Q3,True,True,stratified_event_count_seed_149
mnq,MNQ,2025-09-10,2025,2025-09-10T10:05:00-04:00,09:45-10:30,short,long,82.75,Q3,True,True,stratified_event_count_seed_149
mnq,MNQ,2025-09-12,2025,2025-09-12T10:27:00-04:00,09:45-10:30,long,short,61.5,Q2,True,True,stratified_event_count_seed_149
mnq,MNQ,2025-10-01,2025,2025-10-01T10:13:00-04:00,09:45-10:30,long,short,98.0,Q3,True,True,stratified_event_count_seed_149
mnq,MNQ,2025-10-01,2025,2025-10-01T12:45:00-04:00,12:00-14:00,long,short,98.0,Q3,True,True,stratified_event_count_seed_149
mnq,MNQ,2025-10-02,2025,2025-10-02T14:45:00-04:00,14:00-15:30,short,long,132.75,Q4 high,True,True,stratified_event_count_seed_149
mnq,MNQ,2025-10-07,2025,2025-10-07T10:00:00-04:00,09:45-10:30,long,short,46.0,Q1 low,True,True,stratified_event_count_seed_149
mnq,MNQ,2025-10-09,2025,2025-10-09T10:13:00-04:00,09:45-10:30,short,long,76.0,Q3,True,True,stratified_event_count_seed_149
mnq,MNQ,2025-10-10,2025,2025-10-10T10:05:00-04:00,09:45-10:30,long,short,83.0,Q3,True,True,stratified_event_count_seed_149
mnq,MNQ,2025-10-17,2025,2025-10-17T10:18:00-04:00,09:45-10:30,long,short,145.5,Q4 high,True,True,stratified_event_count_seed_149
mnq,MNQ,2025-10-23,2025,2025-10-23T12:03:00-04:00,12:00-14:00,long,short,94.0,Q3,True,True,stratified_event_count_seed_149
mnq,MNQ,2025-10-23,2025,2025-10-23T14:33:00-04:00,14:00-15:30,long,short,94.0,Q3,True,True,stratified_event_count_seed_149
mnq,MNQ,2025-10-28,2025,2025-10-28T15:12:00-04:00,14:00-15:30,long,short,52.25,Q1 low,True,True,stratified_event_count_seed_149
mnq,MNQ,2025-10-30,2025,2025-10-30T09:45:00-04:00,09:45-10:30,short,long,186.0,Q4 high,True,True,stratified_event_count_seed_149
mnq,MNQ,2025-10-30,2025,2025-10-30T15:05:00-04:00,14:00-15:30,short,long,186.0,Q4 high,True,True,stratified_event_count_seed_149
mnq,MNQ,2025-10-31,2025,2025-10-31T11:53:00-04:00,10:30-12:00,short,long,96.0,Q3,True,True,stratified_event_count_seed_149
mnq,MNQ,2025-11-04,2025,2025-11-04T13:53:00-05:00,12:00-14:00,long,short,119.0,Q4 high,True,True,stratified_event_count_seed_149
mnq,MNQ,2025-11-06,2025,2025-11-06T11:09:00-05:00,10:30-12:00,short,long,99.0,Q4 high,True,True,stratified_event_count_seed_149
mnq,MNQ,2025-11-20,2025,2025-11-20T10:25:00-05:00,09:45-10:30,long,short,97.25,Q3,True,True,stratified_event_count_seed_149
mnq,MNQ,2025-11-27,2025,2025-11-27T10:54:00-05:00,10:30-12:00,long,short,31.0,Q1 low,True,True,stratified_event_count_seed_149
mnq,MNQ,2025-12-04,2025,2025-12-04T10:17:00-05:00,09:45-10:30,long,short,162.75,Q4 high,True,True,stratified_event_count_seed_149
mnq,MNQ,2025-12-09,2025,2025-12-09T10:28:00-05:00,09:45-10:30,long,short,93.25,Q3,True,True,stratified_event_count_seed_149
mnq,MNQ,2025-12-10,2025,2025-12-10T10:57:00-05:00,10:30-12:00,long,short,96.25,Q3,True,True,stratified_event_count_seed_149
mnq,MNQ,2025-12-17,2025,2025-12-17T14:25:00-05:00,14:00-15:30,short,long,152.5,Q4 high,True,True,stratified_event_count_seed_149
mnq,MNQ,2025-12-17,2025,2025-12-17T14:59:00-05:00,14:00-15:30,long,short,152.5,Q4 high,True,True,stratified_event_count_seed_149
mnq,MNQ,2025-12-23,2025,2025-12-23T12:41:00-05:00,12:00-14:00,short,long,99.5,Q4 high,True,True,stratified_event_count_seed_149
mnq,MNQ,2026-01-06,2026,2026-01-06T15:19:00-05:00,14:00-15:30,long,short,70.25,Q3,True,True,stratified_event_count_seed_149
mnq,MNQ,2026-01-07,2026,2026-01-07T10:11:00-05:00,09:45-10:30,long,short,93.5,Q3,True,True,stratified_event_count_seed_149
mnq,MNQ,2026-01-12,2026,2026-01-12T13:29:00-05:00,12:00-14:00,short,long,148.75,Q4 high,True,True,stratified_event_count_seed_149
mnq,MNQ,2026-01-15,2026,2026-01-15T10:18:00-05:00,09:45-10:30,long,short,93.75,Q3,True,True,stratified_event_count_seed_149
mnq,MNQ,2026-01-16,2026,2026-01-16T10:18:00-05:00,09:45-10:30,long,short,73.75,Q3,True,True,stratified_event_count_seed_149
mnq,MNQ,2026-01-21,2026,2026-01-21T14:43:00-05:00,14:00-15:30,long,short,94.5,Q3,True,True,stratified_event_count_seed_149
mnq,MNQ,2026-01-26,2026,2026-01-26T12:18:00-05:00,12:00-14:00,long,short,123.0,Q4 high,True,True,stratified_event_count_seed_149
mnq,MNQ,2026-01-29,2026,2026-01-29T10:24:00-05:00,09:45-10:30,long,short,231.25,Q4 high,True,True,stratified_event_count_seed_149
mnq,MNQ,2026-02-02,2026,2026-02-02T09:56:00-05:00,09:45-10:30,short,long,193.75,Q4 high,True,True,stratified_event_count_seed_149
mnq,MNQ,2026-02-04,2026,2026-02-04T13:54:00-05:00,12:00-14:00,short,long,156.5,Q4 high,True,True,stratified_event_count_seed_149
mnq,MNQ,2026-02-05,2026,2026-02-05T10:21:00-05:00,09:45-10:30,short,long,284.5,Q4 high,True,True,stratified_event_count_seed_149
mnq,MNQ,2026-02-09,2026,2026-02-09T14:28:00-05:00,14:00-15:30,short,long,197.0,Q4 high,True,True,stratified_event_count_seed_149
mnq,MNQ,2026-02-17,2026,2026-02-17T13:59:00-05:00,12:00-14:00,short,long,209.75,Q4 high,True,True,stratified_event_count_seed_149
mnq,MNQ,2026-02-20,2026,2026-02-20T11:13:00-05:00,10:30-12:00,short,long,271.75,Q4 high,True,True,stratified_event_count_seed_149
mnq,MNQ,2026-02-23,2026,2026-02-23T14:34:00-05:00,14:00-15:30,long,short,159.75,Q4 high,True,True,stratified_event_count_seed_149
mnq,MNQ,2026-02-25,2026,2026-02-25T11:41:00-05:00,10:30-12:00,short,long,123.0,Q4 high,True,True,stratified_event_count_seed_149
mnq,MNQ,2026-02-25,2026,2026-02-25T14:33:00-05:00,14:00-15:30,long,short,123.0,Q4 high,True,True,stratified_event_count_seed_149
mnq,MNQ,2026-02-26,2026,2026-02-26T10:28:00-05:00,09:45-10:30,short,long,117.25,Q4 high,True,True,stratified_event_count_seed_149
mnq,MNQ,2026-02-27,2026,2026-02-27T10:27:00-05:00,09:45-10:30,short,long,130.0,Q4 high,True,True,stratified_event_count_seed_149
mnq,MNQ,2026-03-02,2026,2026-03-02T12:28:00-05:00,12:00-14:00,short,long,280.0,Q4 high,True,True,stratified_event_count_seed_149
