campaign_id,date,side,entry_ts,net,latency_risk,time_available_before_touch_seconds,manifest_reasons,tick_data_status
mym_v2b_prior_opposed_stpmc_only_S_1_1_3_20210315_78,2021-03-15,short,2021-03-15 11:02:00-04:00,-125.125,pre_arm_breakout_touch,60.0,"latency_not_bar_safe,same_minute_gate_to_v2b",required_not_available_in_bar_replay
mym_v2b_prior_opposed_stpmc_only_S_1_1_3_20210316_78,2021-03-16,short,2021-03-16 11:02:00-04:00,-194.0,pre_arm_breakout_touch,60.0,"latency_not_bar_safe,same_minute_gate_to_v2b",required_not_available_in_bar_replay
mym_v2b_prior_opposed_stpmc_only_S_1_1_3_20210317_18,2021-03-17,short,2021-03-17 10:05:00-04:00,-235.625,safe,240.0,same_minute_gate_to_v2b,required_not_available_in_bar_replay
mym_v2b_prior_opposed_stpmc_only_S_1_1_3_20210323_258,2021-03-23,short,2021-03-23 14:02:00-04:00,330.0,pre_arm_breakout_touch,60.0,"latency_not_bar_safe,same_minute_gate_to_v2b",required_not_available_in_bar_replay
mym_v2b_prior_opposed_stpmc_only_S_1_1_3_20210324_318,2021-03-24,short,2021-03-24 15:32:00-04:00,254.375,safe,1860.0,same_minute_gate_to_v2b,required_not_available_in_bar_replay
mym_v2b_prior_opposed_stpmc_only_S_1_1_3_20210330_18,2021-03-30,short,2021-03-30 10:06:00-04:00,-215.625,pre_arm_breakout_touch,300.0,"latency_not_bar_safe,same_minute_gate_to_v2b",required_not_available_in_bar_replay
mym_v2b_prior_opposed_stpmc_only_S_1_1_3_20210426_318,2021-04-26,short,2021-04-26 15:02:00-04:00,80.5,pre_arm_breakout_touch,60.0,"latency_not_bar_safe,same_minute_gate_to_v2b",required_not_available_in_bar_replay
mym_v2b_prior_opposed_stpmc_only_S_1_1_3_20210429_18,2021-04-29,short,2021-04-29 10:02:00-04:00,8.0,pre_arm_breakout_touch,60.0,"latency_not_bar_safe,same_minute_gate_to_v2b",required_not_available_in_bar_replay
mym_v2b_prior_opposed_stpmc_only_S_1_1_3_20210430_18,2021-04-30,short,2021-04-30 10:13:00-04:00,17.375,safe,720.0,same_minute_gate_to_v2b,required_not_available_in_bar_replay
mym_v2b_prior_opposed_stpmc_only_S_1_1_3_20210504_01,2021-05-04,short,2021-05-04 09:45:00-04:00,46.375,ambiguous_same_1m_bar,60.0,latency_not_bar_safe,required_not_available_in_bar_replay
mym_v2b_prior_opposed_stpmc_only_S_1_1_3_20210505_18,2021-05-05,short,2021-05-05 10:02:00-04:00,-270.625,ambiguous_same_1m_bar,60.0,"latency_not_bar_safe,same_minute_gate_to_v2b",required_not_available_in_bar_replay
mym_v2b_prior_opposed_stpmc_only_S_1_1_3_20210510_258,2021-05-10,short,2021-05-10 14:21:00-04:00,294.375,safe,1200.0,same_minute_gate_to_v2b,required_not_available_in_bar_replay
mym_v2b_prior_opposed_stpmc_only_S_1_1_3_20210513_01,2021-05-13,long,2021-05-13 09:45:00-04:00,465.875,ambiguous_same_1m_bar,60.0,latency_not_bar_safe,required_not_available_in_bar_replay
mym_v2b_prior_opposed_stpmc_only_S_1_1_3_20210518_18,2021-05-18,short,2021-05-18 10:02:00-04:00,368.5,pre_arm_breakout_touch,60.0,"latency_not_bar_safe,same_minute_gate_to_v2b",required_not_available_in_bar_replay
mym_v2b_prior_opposed_stpmc_only_S_1_1_3_20210519_318,2021-05-19,long,2021-05-19 15:10:00-04:00,361.875,pre_arm_breakout_touch,540.0,"latency_not_bar_safe,same_minute_gate_to_v2b",required_not_available_in_bar_replay
mym_v2b_prior_opposed_stpmc_only_S_1_1_3_20210525_78,2021-05-25,short,2021-05-25 11:02:00-04:00,-20.625,pre_arm_breakout_touch,60.0,"latency_not_bar_safe,same_minute_gate_to_v2b",required_not_available_in_bar_replay
mym_v2b_prior_opposed_stpmc_only_S_1_1_3_20210601_01,2021-06-01,short,2021-06-01 09:45:00-04:00,214.375,ambiguous_same_1m_bar,60.0,latency_not_bar_safe,required_not_available_in_bar_replay
mym_v2b_prior_opposed_stpmc_only_S_1_1_3_20210603_18,2021-06-03,long,2021-06-03 10:08:00-04:00,276.875,safe,420.0,same_minute_gate_to_v2b,required_not_available_in_bar_replay
mym_v2b_prior_opposed_stpmc_only_S_1_1_3_20210607_18,2021-06-07,short,2021-06-07 10:02:00-04:00,186.5,pre_arm_breakout_touch,60.0,"latency_not_bar_safe,same_minute_gate_to_v2b",required_not_available_in_bar_replay
mym_v2b_prior_opposed_stpmc_only_S_1_1_3_20210708_01,2021-07-08,short,2021-07-08 09:45:00-04:00,-390.625,ambiguous_same_1m_bar,60.0,latency_not_bar_safe,required_not_available_in_bar_replay
mym_v2b_prior_opposed_stpmc_only_S_1_1_3_20210716_18,2021-07-16,short,2021-07-16 10:02:00-04:00,592.375,pre_arm_breakout_touch,60.0,"latency_not_bar_safe,same_minute_gate_to_v2b",required_not_available_in_bar_replay
mym_v2b_prior_opposed_stpmc_only_S_1_1_3_20210720_01,2021-07-20,long,2021-07-20 09:46:00-04:00,729.875,safe,120.0,top_20_winner,required_not_available_in_bar_replay
mym_v2b_prior_opposed_stpmc_only_S_1_1_3_20210802_78,2021-08-02,short,2021-08-02 11:52:00-04:00,406.875,safe,3060.0,same_minute_gate_to_v2b,required_not_available_in_bar_replay
mym_v2b_prior_opposed_stpmc_only_S_1_1_3_20210803_78,2021-08-03,long,2021-08-03 11:30:00-04:00,397.375,safe,1740.0,same_minute_gate_to_v2b,required_not_available_in_bar_replay
mym_v2b_prior_opposed_stpmc_only_S_1_1_3_20210819_01,2021-08-19,long,2021-08-19 09:45:00-04:00,56.875,ambiguous_same_1m_bar,60.0,latency_not_bar_safe,required_not_available_in_bar_replay
mym_v2b_prior_opposed_stpmc_only_S_1_1_3_20210826_18,2021-08-26,short,2021-08-26 10:06:00-04:00,412.375,safe,300.0,same_minute_gate_to_v2b,required_not_available_in_bar_replay
mym_v2b_prior_opposed_stpmc_only_S_1_1_3_20210831_01,2021-08-31,short,2021-08-31 09:45:00-04:00,9.375,ambiguous_same_1m_bar,60.0,latency_not_bar_safe,required_not_available_in_bar_replay
mym_v2b_prior_opposed_stpmc_only_S_1_1_3_20210902_01,2021-09-02,long,2021-09-02 09:45:00-04:00,-118.125,ambiguous_same_1m_bar,60.0,latency_not_bar_safe,required_not_available_in_bar_replay
mym_v2b_prior_opposed_stpmc_only_S_1_1_3_20210903_01,2021-09-03,short,2021-09-03 09:45:00-04:00,-237.5,ambiguous_same_1m_bar,60.0,latency_not_bar_safe,required_not_available_in_bar_replay
mym_v2b_prior_opposed_stpmc_only_S_1_1_3_20210908_01,2021-09-08,long,2021-09-08 09:45:00-04:00,-438.125,ambiguous_same_1m_bar,60.0,latency_not_bar_safe,required_not_available_in_bar_replay
mym_v2b_prior_opposed_stpmc_only_S_1_1_3_20210915_138,2021-09-15,long,2021-09-15 12:02:00-04:00,275.5,pre_arm_breakout_touch,60.0,"latency_not_bar_safe,same_minute_gate_to_v2b",required_not_available_in_bar_replay
mym_v2b_prior_opposed_stpmc_only_S_1_1_3_20210920_01,2021-09-20,long,2021-09-20 09:45:00-04:00,-523.125,ambiguous_same_1m_bar,60.0,"latency_not_bar_safe,worst_20_loser",required_not_available_in_bar_replay
mym_v2b_prior_opposed_stpmc_only_S_1_1_3_20211004_18,2021-10-04,short,2021-10-04 10:19:00-04:00,539.875,safe,1080.0,same_minute_gate_to_v2b,required_not_available_in_bar_replay
mym_v2b_prior_opposed_stpmc_only_S_1_1_3_20211006_01,2021-10-06,short,2021-10-06 09:53:00-04:00,-505.625,safe,540.0,worst_20_loser,required_not_available_in_bar_replay
mym_v2b_prior_opposed_stpmc_only_S_1_1_3_20211011_198,2021-10-11,short,2021-10-11 13:06:00-04:00,443.375,safe,300.0,same_minute_gate_to_v2b,required_not_available_in_bar_replay
mym_v2b_prior_opposed_stpmc_only_S_1_1_3_20211021_78,2021-10-21,short,2021-10-21 11:06:00-04:00,-200.625,safe,300.0,same_minute_gate_to_v2b,required_not_available_in_bar_replay
mym_v2b_prior_opposed_stpmc_only_S_1_1_3_20211101_18,2021-11-01,short,2021-11-01 10:02:00-04:00,-17.0,pre_arm_breakout_touch,60.0,"latency_not_bar_safe,same_minute_gate_to_v2b",required_not_available_in_bar_replay
mym_v2b_prior_opposed_stpmc_only_S_1_1_3_20211104_78,2021-11-04,short,2021-11-04 11:04:00-04:00,-165.625,safe,180.0,same_minute_gate_to_v2b,required_not_available_in_bar_replay
mym_v2b_prior_opposed_stpmc_only_S_1_1_3_20211105_198,2021-11-05,short,2021-11-05 13:24:00-04:00,-150.625,safe,1380.0,same_minute_gate_to_v2b,required_not_available_in_bar_replay
mym_v2b_prior_opposed_stpmc_only_S_1_1_3_20211115_78,2021-11-15,short,2021-11-15 11:27:00-05:00,205.375,pre_arm_breakout_touch,1560.0,"latency_not_bar_safe,same_minute_gate_to_v2b",required_not_available_in_bar_replay
mym_v2b_prior_opposed_stpmc_only_S_1_1_3_20211202_78,2021-12-02,long,2021-12-02 11:02:00-05:00,472.0,pre_arm_breakout_touch,60.0,"latency_not_bar_safe,same_minute_gate_to_v2b",required_not_available_in_bar_replay
mym_v2b_prior_opposed_stpmc_only_S_1_1_3_20211213_01,2021-12-13,short,2021-12-13 09:45:00-05:00,388.875,ambiguous_same_1m_bar,60.0,latency_not_bar_safe,required_not_available_in_bar_replay
mym_v2b_prior_opposed_stpmc_only_S_1_1_3_20211216_138,2021-12-16,short,2021-12-16 12:39:00-05:00,130.75,pre_arm_breakout_touch,2280.0,"latency_not_bar_safe,same_minute_gate_to_v2b",required_not_available_in_bar_replay
mym_v2b_prior_opposed_stpmc_only_S_1_1_3_20211230_318,2021-12-30,short,2021-12-30 15:02:00-05:00,242.5,pre_arm_breakout_touch,60.0,"latency_not_bar_safe,same_minute_gate_to_v2b",required_not_available_in_bar_replay
mym_v2b_prior_opposed_stpmc_only_S_1_1_3_20220105_258,2022-01-05,short,2022-01-05 14:09:00-05:00,650.875,pre_arm_breakout_touch,480.0,"latency_not_bar_safe,same_minute_gate_to_v2b",required_not_available_in_bar_replay
mym_v2b_prior_opposed_stpmc_only_S_1_1_3_20220111_198,2022-01-11,long,2022-01-11 13:02:00-05:00,350.0,pre_arm_breakout_touch,60.0,"latency_not_bar_safe,same_minute_gate_to_v2b",required_not_available_in_bar_replay
mym_v2b_prior_opposed_stpmc_only_S_1_1_3_20220120_18,2022-01-20,long,2022-01-20 10:02:00-05:00,-127.0,pre_arm_breakout_touch,60.0,"latency_not_bar_safe,same_minute_gate_to_v2b",required_not_available_in_bar_replay
mym_v2b_prior_opposed_stpmc_only_S_1_1_3_20220124_318,2022-01-24,long,2022-01-24 15:26:00-05:00,932.875,safe,1500.0,"same_minute_gate_to_v2b,top_20_winner",required_not_available_in_bar_replay
mym_v2b_prior_opposed_stpmc_only_S_1_1_3_20220127_01,2022-01-27,long,2022-01-27 09:45:00-05:00,-510.625,ambiguous_same_1m_bar,60.0,"latency_not_bar_safe,worst_20_loser",required_not_available_in_bar_replay
mym_v2b_prior_opposed_stpmc_only_S_1_1_3_20220128_318,2022-01-28,long,2022-01-28 15:02:00-05:00,822.0,pre_arm_breakout_touch,60.0,"latency_not_bar_safe,same_minute_gate_to_v2b,top_20_winner,top_gap_through_stop_cost",required_not_available_in_bar_replay
mym_v2b_prior_opposed_stpmc_only_S_1_1_3_20220203_01,2022-02-03,short,2022-02-03 09:45:00-05:00,574.875,ambiguous_same_1m_bar,60.0,latency_not_bar_safe,required_not_available_in_bar_replay
mym_v2b_prior_opposed_stpmc_only_S_1_1_3_20220211_198,2022-02-11,short,2022-02-11 13:02:00-05:00,756.5,pre_arm_breakout_touch,60.0,"latency_not_bar_safe,same_minute_gate_to_v2b,top_20_winner",required_not_available_in_bar_replay
mym_v2b_prior_opposed_stpmc_only_S_1_1_3_20220215_01,2022-02-15,long,2022-02-15 09:45:00-05:00,-528.125,ambiguous_same_1m_bar,60.0,"latency_not_bar_safe,worst_20_loser",required_not_available_in_bar_replay
mym_v2b_prior_opposed_stpmc_only_S_1_1_3_20220216_318,2022-02-16,long,2022-02-16 15:02:00-05:00,10.5,pre_arm_breakout_touch,60.0,"latency_not_bar_safe,same_minute_gate_to_v2b",required_not_available_in_bar_replay
mym_v2b_prior_opposed_stpmc_only_S_1_1_3_20220222_01,2022-02-22,long,2022-02-22 09:49:00-05:00,-485.625,safe,300.0,worst_20_loser,required_not_available_in_bar_replay
mym_v2b_prior_opposed_stpmc_only_S_1_1_3_20221202_258,2022-12-02,long,2022-12-02 14:02:00-05:00,325.0,pre_arm_breakout_touch,60.0,"latency_not_bar_safe,same_minute_gate_to_v2b",required_not_available_in_bar_replay
mym_v2b_prior_opposed_stpmc_only_S_1_1_3_20221207_18,2022-12-07,long,2022-12-07 10:16:00-05:00,-398.125,safe,900.0,same_minute_gate_to_v2b,required_not_available_in_bar_replay
mym_v2b_prior_opposed_stpmc_only_S_1_1_3_20221212_01,2022-12-12,long,2022-12-12 09:49:00-05:00,689.875,safe,300.0,top_20_winner,required_not_available_in_bar_replay
mym_v2b_prior_opposed_stpmc_only_S_1_1_3_20221213_18,2022-12-13,short,2022-12-13 10:05:00-05:00,970.375,safe,240.0,"same_minute_gate_to_v2b,top_20_winner",required_not_available_in_bar_replay
mym_v2b_prior_opposed_stpmc_only_S_1_1_3_20221214_198,2022-12-14,long,2022-12-14 13:02:00-05:00,-128.5,pre_arm_breakout_touch,60.0,"latency_not_bar_safe,same_minute_gate_to_v2b",required_not_available_in_bar_replay
mym_v2b_prior_opposed_stpmc_only_S_1_1_3_20221230_318,2022-12-30,long,2022-12-30 15:50:00-05:00,41.875,safe,2940.0,same_minute_gate_to_v2b,required_not_available_in_bar_replay
mym_v2b_prior_opposed_stpmc_only_S_1_1_3_20230106_01,2023-01-06,long,2023-01-06 10:36:00-05:00,685.375,safe,3120.0,top_20_winner,required_not_available_in_bar_replay
mym_v2b_prior_opposed_stpmc_only_S_1_1_3_20230109_198,2023-01-09,short,2023-01-09 13:36:00-05:00,367.875,safe,2100.0,same_minute_gate_to_v2b,required_not_available_in_bar_replay
mym_v2b_prior_opposed_stpmc_only_S_1_1_3_20230112_01,2023-01-12,short,2023-01-12 09:45:00-05:00,-643.125,ambiguous_same_1m_bar,60.0,"latency_not_bar_safe,worst_20_loser",required_not_available_in_bar_replay
mym_v2b_prior_opposed_stpmc_only_S_1_1_3_20230120_78,2023-01-20,long,2023-01-20 11:02:00-05:00,-5.5,pre_arm_breakout_touch,60.0,"latency_not_bar_safe,same_minute_gate_to_v2b",required_not_available_in_bar_replay
mym_v2b_prior_opposed_stpmc_only_S_1_1_3_20230201_258,2023-02-01,long,2023-02-01 14:40:00-05:00,415.375,pre_arm_breakout_touch,2340.0,"latency_not_bar_safe,same_minute_gate_to_v2b",required_not_available_in_bar_replay
mym_v2b_prior_opposed_stpmc_only_S_1_1_3_20230206_258,2023-02-06,long,2023-02-06 14:02:00-05:00,-55.0,pre_arm_breakout_touch,60.0,"latency_not_bar_safe,same_minute_gate_to_v2b",required_not_available_in_bar_replay
mym_v2b_prior_opposed_stpmc_only_S_1_1_3_20230207_198,2023-02-07,short,2023-02-07 13:32:00-05:00,-283.125,safe,1860.0,same_minute_gate_to_v2b,required_not_available_in_bar_replay
mym_v2b_prior_opposed_stpmc_only_S_1_1_3_20230210_18,2023-02-10,long,2023-02-10 10:08:00-05:00,322.375,safe,420.0,same_minute_gate_to_v2b,required_not_available_in_bar_replay
mym_v2b_prior_opposed_stpmc_only_S_1_1_3_20230217_18,2023-02-17,long,2023-02-17 10:06:00-05:00,50.375,safe,300.0,same_minute_gate_to_v2b,required_not_available_in_bar_replay
mym_v2b_prior_opposed_stpmc_only_S_1_1_3_20230307_18,2023-03-07,short,2023-03-07 10:02:00-05:00,714.5,pre_arm_breakout_touch,60.0,"latency_not_bar_safe,same_minute_gate_to_v2b,top_20_winner",required_not_available_in_bar_replay
mym_v2b_prior_opposed_stpmc_only_S_1_1_3_20230309_138,2023-03-09,short,2023-03-09 12:02:00-05:00,506.0,pre_arm_breakout_touch,60.0,"latency_not_bar_safe,same_minute_gate_to_v2b,top_gap_through_stop_cost",required_not_available_in_bar_replay
mym_v2b_prior_opposed_stpmc_only_S_1_1_3_20230314_18,2023-03-14,long,2023-03-14 10:06:00-04:00,-363.125,safe,300.0,same_minute_gate_to_v2b,required_not_available_in_bar_replay
mym_v2b_prior_opposed_stpmc_only_S_1_1_3_20230322_318,2023-03-22,short,2023-03-22 15:02:00-04:00,-28.125,pre_arm_breakout_touch,60.0,"latency_not_bar_safe,same_minute_gate_to_v2b",required_not_available_in_bar_replay
mym_v2b_prior_opposed_stpmc_only_S_1_1_3_20230323_18,2023-03-23,long,2023-03-23 10:02:00-04:00,24.5,pre_arm_breakout_touch,60.0,"latency_not_bar_safe,same_minute_gate_to_v2b",required_not_available_in_bar_replay
mym_v2b_prior_opposed_stpmc_only_S_1_1_3_20230324_198,2023-03-24,long,2023-03-24 13:02:00-04:00,251.5,pre_arm_breakout_touch,60.0,"latency_not_bar_safe,same_minute_gate_to_v2b,top_gap_through_stop_cost",required_not_available_in_bar_replay
mym_v2b_prior_opposed_stpmc_only_S_1_1_3_20230330_18,2023-03-30,short,2023-03-30 10:02:00-04:00,-12.625,pre_arm_breakout_touch,60.0,"latency_not_bar_safe,same_minute_gate_to_v2b",required_not_available_in_bar_replay
mym_v2b_prior_opposed_stpmc_only_S_1_1_3_20230526_01,2023-05-26,long,2023-05-26 09:45:00-04:00,144.375,ambiguous_same_1m_bar,60.0,latency_not_bar_safe,required_not_available_in_bar_replay
mym_v2b_prior_opposed_stpmc_only_S_1_1_3_20230531_318,2023-05-31,long,2023-05-31 15:44:00-04:00,-98.125,safe,2580.0,same_minute_gate_to_v2b,required_not_available_in_bar_replay
mym_v2b_prior_opposed_stpmc_only_S_1_1_3_20230605_18,2023-06-05,short,2023-06-05 10:04:00-04:00,19.875,pre_arm_breakout_touch,180.0,"latency_not_bar_safe,same_minute_gate_to_v2b",required_not_available_in_bar_replay
mym_v2b_prior_opposed_stpmc_only_S_1_1_3_20230616_318,2023-06-16,short,2023-06-16 15:02:00-04:00,66.0,pre_arm_breakout_touch,60.0,"latency_not_bar_safe,same_minute_gate_to_v2b,top_gap_through_stop_cost",required_not_available_in_bar_replay
mym_v2b_prior_opposed_stpmc_only_S_1_1_3_20230705_78,2023-07-05,long,2023-07-05 11:02:00-04:00,-90.0,pre_arm_breakout_touch,60.0,"latency_not_bar_safe,same_minute_gate_to_v2b",required_not_available_in_bar_replay
mym_v2b_prior_opposed_stpmc_only_S_1_1_3_20230707_138,2023-07-07,long,2023-07-07 12:10:00-04:00,-383.125,pre_arm_breakout_touch,540.0,"latency_not_bar_safe,same_minute_gate_to_v2b",required_not_available_in_bar_replay
mym_v2b_prior_opposed_stpmc_only_S_1_1_3_20230727_198,2023-07-27,short,2023-07-27 13:17:00-04:00,515.875,pre_arm_breakout_touch,960.0,"latency_not_bar_safe,same_minute_gate_to_v2b",required_not_available_in_bar_replay
mym_v2b_prior_opposed_stpmc_only_S_1_1_3_20230808_258,2023-08-08,long,2023-08-08 14:56:00-04:00,76.875,safe,3300.0,same_minute_gate_to_v2b,required_not_available_in_bar_replay
mym_v2b_prior_opposed_stpmc_only_S_1_1_3_20230810_01,2023-08-10,long,2023-08-10 09:46:00-04:00,-483.125,safe,120.0,worst_20_loser,required_not_available_in_bar_replay
mym_v2b_prior_opposed_stpmc_only_S_1_1_3_20230811_18,2023-08-11,long,2023-08-11 10:02:00-04:00,176.0,pre_arm_breakout_touch,60.0,"latency_not_bar_safe,same_minute_gate_to_v2b",required_not_available_in_bar_replay
mym_v2b_prior_opposed_stpmc_only_S_1_1_3_20230816_01,2023-08-16,long,2023-08-16 09:46:00-04:00,-545.625,safe,120.0,worst_20_loser,required_not_available_in_bar_replay
mym_v2b_prior_opposed_stpmc_only_S_1_1_3_20230818_78,2023-08-18,long,2023-08-18 11:02:00-04:00,100.5,pre_arm_breakout_touch,60.0,"latency_not_bar_safe,same_minute_gate_to_v2b",required_not_available_in_bar_replay
mym_v2b_prior_opposed_stpmc_only_S_1_1_3_20230823_198,2023-08-23,long,2023-08-23 13:02:00-04:00,98.5,pre_arm_breakout_touch,60.0,"latency_not_bar_safe,same_minute_gate_to_v2b",required_not_available_in_bar_replay
mym_v2b_prior_opposed_stpmc_only_S_1_1_3_20230825_18,2023-08-25,long,2023-08-25 10:16:00-04:00,-310.625,safe,900.0,same_minute_gate_to_v2b,required_not_available_in_bar_replay
mym_v2b_prior_opposed_stpmc_only_S_1_1_3_20230901_78,2023-09-01,short,2023-09-01 11:02:00-04:00,-37.5,pre_arm_breakout_touch,60.0,"latency_not_bar_safe,same_minute_gate_to_v2b",required_not_available_in_bar_replay
mym_v2b_prior_opposed_stpmc_only_S_1_1_3_20230920_258,2023-09-20,short,2023-09-20 15:14:00-04:00,284.875,safe,4380.0,same_minute_gate_to_v2b,required_not_available_in_bar_replay
mym_v2b_prior_opposed_stpmc_only_S_1_1_3_20231004_138,2023-10-04,long,2023-10-04 12:02:00-04:00,-217.5,pre_arm_breakout_touch,60.0,"latency_not_bar_safe,same_minute_gate_to_v2b",required_not_available_in_bar_replay
mym_v2b_prior_opposed_stpmc_only_S_1_1_3_20231006_78,2023-10-06,long,2023-10-06 11:02:00-04:00,720.5,pre_arm_breakout_touch,60.0,"latency_not_bar_safe,same_minute_gate_to_v2b,top_20_winner",required_not_available_in_bar_replay
mym_v2b_prior_opposed_stpmc_only_S_1_1_3_20231011_78,2023-10-11,short,2023-10-11 11:04:00-04:00,100.75,pre_arm_breakout_touch,180.0,"latency_not_bar_safe,same_minute_gate_to_v2b",required_not_available_in_bar_replay
mym_v2b_prior_opposed_stpmc_only_S_1_1_3_20231012_01,2023-10-12,short,2023-10-12 09:45:00-04:00,41.375,ambiguous_same_1m_bar,60.0,latency_not_bar_safe,required_not_available_in_bar_replay
mym_v2b_prior_opposed_stpmc_only_S_1_1_3_20231013_78,2023-10-13,short,2023-10-13 11:02:00-04:00,-12.5,pre_arm_breakout_touch,60.0,"latency_not_bar_safe,same_minute_gate_to_v2b",required_not_available_in_bar_replay
mym_v2b_prior_opposed_stpmc_only_S_1_1_3_20231018_18,2023-10-18,short,2023-10-18 10:02:00-04:00,-13.5,pre_arm_breakout_touch,60.0,"latency_not_bar_safe,same_minute_gate_to_v2b",required_not_available_in_bar_replay
mym_v2b_prior_opposed_stpmc_only_S_1_1_3_20231214_198,2023-12-14,short,2023-12-14 13:51:00-05:00,-358.125,safe,3000.0,same_minute_gate_to_v2b,required_not_available_in_bar_replay
mym_v2b_prior_opposed_stpmc_only_S_1_1_3_20231221_138,2023-12-21,short,2023-12-21 12:02:00-05:00,-83.5,pre_arm_breakout_touch,60.0,"latency_not_bar_safe,same_minute_gate_to_v2b",required_not_available_in_bar_replay
mym_v2b_prior_opposed_stpmc_only_S_1_1_3_20231222_258,2023-12-22,short,2023-12-22 14:17:00-05:00,-150.625,safe,960.0,same_minute_gate_to_v2b,required_not_available_in_bar_replay
mym_v2b_prior_opposed_stpmc_only_S_1_1_3_20231229_18,2023-12-29,short,2023-12-29 10:46:00-05:00,75.25,safe,2700.0,same_minute_gate_to_v2b,required_not_available_in_bar_replay
mym_v2b_prior_opposed_stpmc_only_S_1_1_3_20240104_18,2024-01-04,long,2024-01-04 10:02:00-05:00,-99.0,pre_arm_breakout_touch,60.0,"latency_not_bar_safe,same_minute_gate_to_v2b",required_not_available_in_bar_replay
mym_v2b_prior_opposed_stpmc_only_S_1_1_3_20240105_18,2024-01-05,long,2024-01-05 10:02:00-05:00,-84.0,pre_arm_breakout_touch,60.0,"latency_not_bar_safe,same_minute_gate_to_v2b",required_not_available_in_bar_replay
mym_v2b_prior_opposed_stpmc_only_S_1_1_3_20240108_198,2024-01-08,long,2024-01-08 13:02:00-05:00,381.0,pre_arm_breakout_touch,60.0,"latency_not_bar_safe,same_minute_gate_to_v2b",required_not_available_in_bar_replay
mym_v2b_prior_opposed_stpmc_only_S_1_1_3_20240118_258,2024-01-18,long,2024-01-18 14:02:00-05:00,315.0,pre_arm_breakout_touch,60.0,"latency_not_bar_safe,same_minute_gate_to_v2b",required_not_available_in_bar_replay
mym_v2b_prior_opposed_stpmc_only_S_1_1_3_20240123_18,2024-01-23,short,2024-01-23 10:34:00-05:00,36.375,safe,1980.0,same_minute_gate_to_v2b,required_not_available_in_bar_replay
mym_v2b_prior_opposed_stpmc_only_S_1_1_3_20240124_18,2024-01-24,short,2024-01-24 10:02:00-05:00,-90.5,pre_arm_breakout_touch,60.0,"latency_not_bar_safe,same_minute_gate_to_v2b",required_not_available_in_bar_replay
mym_v2b_prior_opposed_stpmc_only_S_1_1_3_20240131_258,2024-01-31,short,2024-01-31 14:02:00-05:00,-182.5,pre_arm_breakout_touch,60.0,"latency_not_bar_safe,same_minute_gate_to_v2b",required_not_available_in_bar_replay
mym_v2b_prior_opposed_stpmc_only_S_1_1_3_20240205_18,2024-02-05,short,2024-02-05 10:02:00-05:00,-29.5,pre_arm_breakout_touch,60.0,"latency_not_bar_safe,same_minute_gate_to_v2b",required_not_available_in_bar_replay
mym_v2b_prior_opposed_stpmc_only_S_1_1_3_20240208_78,2024-02-08,short,2024-02-08 11:02:00-05:00,-163.0,pre_arm_breakout_touch,60.0,"latency_not_bar_safe,same_minute_gate_to_v2b",required_not_available_in_bar_replay
mym_v2b_prior_opposed_stpmc_only_S_1_1_3_20240226_198,2024-02-26,short,2024-02-26 13:02:00-05:00,72.5,pre_arm_breakout_touch,60.0,"latency_not_bar_safe,same_minute_gate_to_v2b",required_not_available_in_bar_replay
mym_v2b_prior_opposed_stpmc_only_S_1_1_3_20240229_78,2024-02-29,short,2024-02-29 11:02:00-05:00,-82.5,pre_arm_breakout_touch,60.0,"latency_not_bar_safe,same_minute_gate_to_v2b",required_not_available_in_bar_replay
mym_v2b_prior_opposed_stpmc_only_S_1_1_3_20240312_01,2024-03-12,short,2024-03-12 09:46:00-04:00,-493.125,safe,120.0,worst_20_loser,required_not_available_in_bar_replay
mym_v2b_prior_opposed_stpmc_only_S_1_1_3_20240313_318,2024-03-13,short,2024-03-13 15:27:00-04:00,27.875,safe,1560.0,same_minute_gate_to_v2b,required_not_available_in_bar_replay
mym_v2b_prior_opposed_stpmc_only_S_1_1_3_20240322_18,2024-03-22,short,2024-03-22 10:02:00-04:00,539.0,pre_arm_breakout_touch,60.0,"latency_not_bar_safe,same_minute_gate_to_v2b",required_not_available_in_bar_replay
mym_v2b_prior_opposed_stpmc_only_S_1_1_3_20240403_18,2024-04-03,long,2024-04-03 10:02:00-04:00,-149.5,pre_arm_breakout_touch,60.0,"latency_not_bar_safe,same_minute_gate_to_v2b",required_not_available_in_bar_replay
mym_v2b_prior_opposed_stpmc_only_S_1_1_3_20240405_18,2024-04-05,long,2024-04-05 10:05:00-04:00,428.875,pre_arm_breakout_touch,240.0,"latency_not_bar_safe,same_minute_gate_to_v2b",required_not_available_in_bar_replay
mym_v2b_prior_opposed_stpmc_only_S_1_1_3_20240411_258,2024-04-11,long,2024-04-11 14:07:00-04:00,-298.125,safe,360.0,same_minute_gate_to_v2b,required_not_available_in_bar_replay
mym_v2b_prior_opposed_stpmc_only_S_1_1_3_20240418_18,2024-04-18,long,2024-04-18 10:02:00-04:00,14.0,pre_arm_breakout_touch,60.0,"latency_not_bar_safe,same_minute_gate_to_v2b",required_not_available_in_bar_replay
mym_v2b_prior_opposed_stpmc_only_S_1_1_3_20240419_01,2024-04-19,long,2024-04-19 09:45:00-04:00,59.375,ambiguous_same_1m_bar,60.0,latency_not_bar_safe,required_not_available_in_bar_replay
mym_v2b_prior_opposed_stpmc_only_S_1_1_3_20240425_198,2024-04-25,long,2024-04-25 13:04:00-04:00,179.375,safe,180.0,same_minute_gate_to_v2b,required_not_available_in_bar_replay
mym_v2b_prior_opposed_stpmc_only_S_1_1_3_20240510_78,2024-05-10,short,2024-05-10 11:02:00-04:00,-70.0,pre_arm_breakout_touch,60.0,"latency_not_bar_safe,same_minute_gate_to_v2b",required_not_available_in_bar_replay
mym_v2b_prior_opposed_stpmc_only_S_1_1_3_20240513_78,2024-05-13,short,2024-05-13 11:02:00-04:00,250.0,pre_arm_breakout_touch,60.0,"latency_not_bar_safe,same_minute_gate_to_v2b",required_not_available_in_bar_replay
mym_v2b_prior_opposed_stpmc_only_S_1_1_3_20240604_01,2024-06-04,long,2024-06-04 09:45:00-04:00,343.875,ambiguous_same_1m_bar,60.0,latency_not_bar_safe,required_not_available_in_bar_replay
mym_v2b_prior_opposed_stpmc_only_S_1_1_3_20240612_78,2024-06-12,short,2024-06-12 11:02:00-04:00,449.5,pre_arm_breakout_touch,60.0,"latency_not_bar_safe,same_minute_gate_to_v2b",required_not_available_in_bar_replay
mym_v2b_prior_opposed_stpmc_only_S_1_1_3_20240613_318,2024-06-13,long,2024-06-13 15:02:00-04:00,-102.5,pre_arm_breakout_touch,60.0,"latency_not_bar_safe,same_minute_gate_to_v2b",required_not_available_in_bar_replay
mym_v2b_prior_opposed_stpmc_only_S_1_1_3_20240627_258,2024-06-27,short,2024-06-27 14:28:00-04:00,-323.125,safe,1620.0,same_minute_gate_to_v2b,required_not_available_in_bar_replay
mym_v2b_prior_opposed_stpmc_only_S_1_1_3_20240628_198,2024-06-28,short,2024-06-28 13:51:00-04:00,-55.625,safe,3000.0,same_minute_gate_to_v2b,required_not_available_in_bar_replay
mym_v2b_prior_opposed_stpmc_only_S_1_1_3_20240701_01,2024-07-01,long,2024-07-01 09:46:00-04:00,-495.625,safe,120.0,worst_20_loser,required_not_available_in_bar_replay
mym_v2b_prior_opposed_stpmc_only_S_1_1_3_20240701_02,2024-07-01,short,2024-07-01 10:15:00-04:00,85.0,pre_arm_breakout_touch,60.0,latency_not_bar_safe,required_not_available_in_bar_replay
mym_v2b_prior_opposed_stpmc_only_S_1_1_3_20240708_78,2024-07-08,short,2024-07-08 11:24:00-04:00,239.375,safe,1380.0,same_minute_gate_to_v2b,required_not_available_in_bar_replay
mym_v2b_prior_opposed_stpmc_only_S_1_1_3_20240718_01,2024-07-18,short,2024-07-18 11:35:00-04:00,841.375,safe,6660.0,top_20_winner,required_not_available_in_bar_replay
mym_v2b_prior_opposed_stpmc_only_S_1_1_3_20240806_18,2024-08-06,long,2024-08-06 10:02:00-04:00,75.0,pre_arm_breakout_touch,60.0,"latency_not_bar_safe,same_minute_gate_to_v2b,top_gap_through_stop_cost",required_not_available_in_bar_replay
mym_v2b_prior_opposed_stpmc_only_S_1_1_3_20240808_01,2024-08-08,long,2024-08-08 09:46:00-04:00,749.875,safe,120.0,top_20_winner,required_not_available_in_bar_replay
mym_v2b_prior_opposed_stpmc_only_S_1_1_3_20240813_01,2024-08-13,long,2024-08-13 09:45:00-04:00,-440.625,ambiguous_same_1m_bar,60.0,latency_not_bar_safe,required_not_available_in_bar_replay
mym_v2b_prior_opposed_stpmc_only_S_1_1_3_20240816_138,2024-08-16,long,2024-08-16 12:02:00-04:00,120.5,pre_arm_breakout_touch,60.0,"latency_not_bar_safe,same_minute_gate_to_v2b",required_not_available_in_bar_replay
mym_v2b_prior_opposed_stpmc_only_S_1_1_3_20240822_01,2024-08-22,long,2024-08-22 09:45:00-04:00,-263.125,ambiguous_same_1m_bar,60.0,latency_not_bar_safe,required_not_available_in_bar_replay
mym_v2b_prior_opposed_stpmc_only_S_1_1_3_20240826_198,2024-08-26,short,2024-08-26 13:32:00-04:00,-25.625,pre_arm_breakout_touch,1860.0,"latency_not_bar_safe,same_minute_gate_to_v2b",required_not_available_in_bar_replay
mym_v2b_prior_opposed_stpmc_only_S_1_1_3_20240829_01,2024-08-29,short,2024-08-29 09:46:00-04:00,-648.125,safe,120.0,worst_20_loser,required_not_available_in_bar_replay
mym_v2b_prior_opposed_stpmc_only_S_1_1_3_20240830_78,2024-08-30,short,2024-08-30 11:02:00-04:00,46.0,pre_arm_breakout_touch,60.0,"latency_not_bar_safe,same_minute_gate_to_v2b",required_not_available_in_bar_replay
mym_v2b_prior_opposed_stpmc_only_S_1_1_3_20240904_01,2024-09-04,long,2024-09-04 10:08:00-04:00,-518.125,safe,1440.0,worst_20_loser,required_not_available_in_bar_replay
mym_v2b_prior_opposed_stpmc_only_S_1_1_3_20240906_01,2024-09-06,long,2024-09-06 09:47:00-04:00,-573.125,safe,180.0,worst_20_loser,required_not_available_in_bar_replay
mym_v2b_prior_opposed_stpmc_only_S_1_1_3_20240909_18,2024-09-09,long,2024-09-09 10:03:00-04:00,58.875,pre_arm_breakout_touch,120.0,"latency_not_bar_safe,same_minute_gate_to_v2b",required_not_available_in_bar_replay
mym_v2b_prior_opposed_stpmc_only_S_1_1_3_20240911_198,2024-09-11,long,2024-09-11 13:47:00-04:00,499.375,safe,2760.0,same_minute_gate_to_v2b,required_not_available_in_bar_replay
mym_v2b_prior_opposed_stpmc_only_S_1_1_3_20240912_318,2024-09-12,long,2024-09-12 15:02:00-04:00,222.5,pre_arm_breakout_touch,60.0,"latency_not_bar_safe,same_minute_gate_to_v2b",required_not_available_in_bar_replay
mym_v2b_prior_opposed_stpmc_only_S_1_1_3_20240917_138,2024-09-17,short,2024-09-17 12:16:00-04:00,167.875,pre_arm_breakout_touch,900.0,"latency_not_bar_safe,same_minute_gate_to_v2b",required_not_available_in_bar_replay
mym_v2b_prior_opposed_stpmc_only_S_1_1_3_20240920_18,2024-09-20,short,2024-09-20 10:04:00-04:00,-288.125,safe,180.0,same_minute_gate_to_v2b,required_not_available_in_bar_replay
mym_v2b_prior_opposed_stpmc_only_S_1_1_3_20240925_18,2024-09-25,short,2024-09-25 10:02:00-04:00,454.5,pre_arm_breakout_touch,60.0,"latency_not_bar_safe,same_minute_gate_to_v2b",required_not_available_in_bar_replay
mym_v2b_prior_opposed_stpmc_only_S_1_1_3_20241001_258,2024-10-01,long,2024-10-01 14:15:00-04:00,-298.125,safe,840.0,same_minute_gate_to_v2b,required_not_available_in_bar_replay
mym_v2b_prior_opposed_stpmc_only_S_1_1_3_20241009_01,2024-10-09,long,2024-10-09 09:45:00-04:00,701.875,ambiguous_same_1m_bar,60.0,"latency_not_bar_safe,top_20_winner",required_not_available_in_bar_replay
mym_v2b_prior_opposed_stpmc_only_S_1_1_3_20241010_18,2024-10-10,short,2024-10-10 10:49:00-04:00,-263.125,safe,2880.0,same_minute_gate_to_v2b,required_not_available_in_bar_replay
mym_v2b_prior_opposed_stpmc_only_S_1_1_3_20241015_01,2024-10-15,short,2024-10-15 09:45:00-04:00,71.875,ambiguous_same_1m_bar,60.0,latency_not_bar_safe,required_not_available_in_bar_replay
mym_v2b_prior_opposed_stpmc_only_S_1_1_3_20241018_01,2024-10-18,short,2024-10-18 09:54:00-04:00,-500.625,safe,600.0,worst_20_loser,required_not_available_in_bar_replay
mym_v2b_prior_opposed_stpmc_only_S_1_1_3_20241029_18,2024-10-29,long,2024-10-29 10:02:00-04:00,42.875,pre_arm_breakout_touch,60.0,"latency_not_bar_safe,same_minute_gate_to_v2b",required_not_available_in_bar_replay
mym_v2b_prior_opposed_stpmc_only_S_1_1_3_20241030_18,2024-10-30,long,2024-10-30 10:02:00-04:00,-173.625,pre_arm_breakout_touch,60.0,"latency_not_bar_safe,same_minute_gate_to_v2b,top_gap_through_stop_cost",required_not_available_in_bar_replay
mym_v2b_prior_opposed_stpmc_only_S_1_1_3_20241112_18,2024-11-12,short,2024-11-12 10:02:00-05:00,561.5,pre_arm_breakout_touch,60.0,"latency_not_bar_safe,same_minute_gate_to_v2b",required_not_available_in_bar_replay
mym_v2b_prior_opposed_stpmc_only_S_1_1_3_20241114_18,2024-11-14,short,2024-11-14 10:12:00-05:00,346.875,safe,660.0,same_minute_gate_to_v2b,required_not_available_in_bar_replay
mym_v2b_prior_opposed_stpmc_only_S_1_1_3_20241120_18,2024-11-20,short,2024-11-20 10:05:00-05:00,-455.625,safe,240.0,"same_minute_gate_to_v2b,worst_20_loser",required_not_available_in_bar_replay
mym_v2b_prior_opposed_stpmc_only_S_1_1_3_20241127_198,2024-11-27,short,2024-11-27 13:02:00-05:00,66.5,pre_arm_breakout_touch,60.0,"latency_not_bar_safe,same_minute_gate_to_v2b,top_gap_through_stop_cost",required_not_available_in_bar_replay
mym_v2b_prior_opposed_stpmc_only_S_1_1_3_20241205_18,2024-12-05,short,2024-12-05 10:30:00-05:00,322.375,safe,1740.0,same_minute_gate_to_v2b,required_not_available_in_bar_replay
mym_v2b_prior_opposed_stpmc_only_S_1_1_3_20241210_78,2024-12-10,long,2024-12-10 11:02:00-05:00,-435.0,pre_arm_breakout_touch,60.0,"latency_not_bar_safe,same_minute_gate_to_v2b",required_not_available_in_bar_replay
mym_v2b_prior_opposed_stpmc_only_S_1_1_3_20241220_18,2024-12-20,long,2024-12-20 10:13:00-05:00,1049.875,safe,720.0,"same_minute_gate_to_v2b,top_20_winner",required_not_available_in_bar_replay
mym_v2b_prior_opposed_stpmc_only_S_1_1_3_20241223_318,2024-12-23,long,2024-12-23 15:03:00-05:00,241.875,pre_arm_breakout_touch,120.0,"latency_not_bar_safe,same_minute_gate_to_v2b",required_not_available_in_bar_replay
mym_v2b_prior_opposed_stpmc_only_S_1_1_3_20241230_138,2024-12-30,long,2024-12-30 12:02:00-05:00,-51.5,pre_arm_breakout_touch,60.0,"latency_not_bar_safe,same_minute_gate_to_v2b",required_not_available_in_bar_replay
mym_v2b_prior_opposed_stpmc_only_S_1_1_3_20250102_18,2025-01-02,short,2025-01-02 10:22:00-05:00,746.875,safe,1260.0,"same_minute_gate_to_v2b,top_20_winner",required_not_available_in_bar_replay
mym_v2b_prior_opposed_stpmc_only_S_1_1_3_20250106_258,2025-01-06,short,2025-01-06 14:02:00-05:00,31.0,pre_arm_breakout_touch,60.0,"latency_not_bar_safe,same_minute_gate_to_v2b",required_not_available_in_bar_replay
mym_v2b_prior_opposed_stpmc_only_S_1_1_3_20250129_198,2025-01-29,short,2025-01-29 13:02:00-05:00,-129.0,pre_arm_breakout_touch,60.0,"latency_not_bar_safe,same_minute_gate_to_v2b",required_not_available_in_bar_replay
mym_v2b_prior_opposed_stpmc_only_S_1_1_3_20250131_138,2025-01-31,short,2025-01-31 12:02:00-05:00,-82.5,pre_arm_breakout_touch,60.0,"latency_not_bar_safe,same_minute_gate_to_v2b",required_not_available_in_bar_replay
mym_v2b_prior_opposed_stpmc_only_S_1_1_3_20250203_18,2025-02-03,long,2025-02-03 10:24:00-05:00,609.875,safe,1380.0,same_minute_gate_to_v2b,required_not_available_in_bar_replay
mym_v2b_prior_opposed_stpmc_only_S_1_1_3_20250206_18,2025-02-06,short,2025-02-06 10:02:00-05:00,298.5,pre_arm_breakout_touch,60.0,"latency_not_bar_safe,same_minute_gate_to_v2b",required_not_available_in_bar_replay
mym_v2b_prior_opposed_stpmc_only_S_1_1_3_20250211_78,2025-02-11,long,2025-02-11 11:02:00-05:00,169.5,pre_arm_breakout_touch,60.0,"latency_not_bar_safe,same_minute_gate_to_v2b,top_gap_through_stop_cost",required_not_available_in_bar_replay
mym_v2b_prior_opposed_stpmc_only_S_1_1_3_20250212_138,2025-02-12,long,2025-02-12 12:02:00-05:00,-81.5,pre_arm_breakout_touch,60.0,"latency_not_bar_safe,same_minute_gate_to_v2b,top_gap_through_stop_cost",required_not_available_in_bar_replay
mym_v2b_prior_opposed_stpmc_only_S_1_1_3_20250214_138,2025-02-14,short,2025-02-14 12:03:00-05:00,233.875,pre_arm_breakout_touch,120.0,"latency_not_bar_safe,same_minute_gate_to_v2b",required_not_available_in_bar_replay
mym_v2b_prior_opposed_stpmc_only_S_1_1_3_20250227_18,2025-02-27,long,2025-02-27 10:13:00-05:00,95.875,pre_arm_breakout_touch,720.0,"latency_not_bar_safe,same_minute_gate_to_v2b",required_not_available_in_bar_replay
mym_v2b_prior_opposed_stpmc_only_S_1_1_3_20250228_318,2025-02-28,long,2025-02-28 15:02:00-05:00,728.0,pre_arm_breakout_touch,60.0,"latency_not_bar_safe,same_minute_gate_to_v2b,top_20_winner",required_not_available_in_bar_replay
mym_v2b_prior_opposed_stpmc_only_S_1_1_3_20250303_78,2025-03-03,short,2025-03-03 11:02:00-05:00,1013.5,pre_arm_breakout_touch,60.0,"latency_not_bar_safe,same_minute_gate_to_v2b,top_20_winner,top_gap_through_stop_cost",required_not_available_in_bar_replay
mym_v2b_prior_opposed_stpmc_only_S_1_1_3_20250304_258,2025-03-04,long,2025-03-04 14:46:00-05:00,-598.125,safe,2700.0,"same_minute_gate_to_v2b,worst_20_loser",required_not_available_in_bar_replay
mym_v2b_prior_opposed_stpmc_only_S_1_1_3_20250306_78,2025-03-06,long,2025-03-06 11:02:00-05:00,-527.5,pre_arm_breakout_touch,60.0,"latency_not_bar_safe,same_minute_gate_to_v2b,top_gap_through_stop_cost,worst_20_loser",required_not_available_in_bar_replay
mym_v2b_prior_opposed_stpmc_only_S_1_1_3_20250307_258,2025-03-07,long,2025-03-07 14:02:00-05:00,-63.0,pre_arm_breakout_touch,60.0,"latency_not_bar_safe,same_minute_gate_to_v2b,top_gap_through_stop_cost",required_not_available_in_bar_replay
mym_v2b_prior_opposed_stpmc_only_S_1_1_3_20250314_78,2025-03-14,long,2025-03-14 11:02:00-04:00,267.0,pre_arm_breakout_touch,60.0,"latency_not_bar_safe,same_minute_gate_to_v2b,top_gap_through_stop_cost",required_not_available_in_bar_replay
mym_v2b_prior_opposed_stpmc_only_S_1_1_3_20250320_18,2025-03-20,long,2025-03-20 10:02:00-04:00,-267.125,pre_arm_breakout_touch,60.0,"latency_not_bar_safe,same_minute_gate_to_v2b,top_gap_through_stop_cost",required_not_available_in_bar_replay
mym_v2b_prior_opposed_stpmc_only_S_1_1_3_20250321_138,2025-03-21,long,2025-03-21 12:02:00-04:00,624.5,pre_arm_breakout_touch,60.0,"latency_not_bar_safe,same_minute_gate_to_v2b",required_not_available_in_bar_replay
mym_v2b_prior_opposed_stpmc_only_S_1_1_3_20250707_18,2025-07-07,short,2025-07-07 10:08:00-04:00,577.375,safe,420.0,same_minute_gate_to_v2b,required_not_available_in_bar_replay
mym_v2b_prior_opposed_stpmc_only_S_1_1_3_20250709_78,2025-07-09,short,2025-07-09 11:02:00-04:00,-236.0,pre_arm_breakout_touch,60.0,"latency_not_bar_safe,same_minute_gate_to_v2b,top_gap_through_stop_cost",required_not_available_in_bar_replay
mym_v2b_prior_opposed_stpmc_only_S_1_1_3_20250715_18,2025-07-15,short,2025-07-15 10:04:00-04:00,640.875,safe,180.0,same_minute_gate_to_v2b,required_not_available_in_bar_replay
mym_v2b_prior_opposed_stpmc_only_S_1_1_3_20250721_318,2025-07-21,short,2025-07-21 15:45:00-04:00,4.375,safe,2640.0,same_minute_gate_to_v2b,required_not_available_in_bar_replay
mym_v2b_prior_opposed_stpmc_only_S_1_1_3_20250804_01,2025-08-04,long,2025-08-04 09:45:00-04:00,583.375,ambiguous_same_1m_bar,60.0,latency_not_bar_safe,required_not_available_in_bar_replay
mym_v2b_prior_opposed_stpmc_only_S_1_1_3_20250805_18,2025-08-05,short,2025-08-05 10:02:00-04:00,-98.0,pre_arm_breakout_touch,60.0,"latency_not_bar_safe,same_minute_gate_to_v2b",required_not_available_in_bar_replay
mym_v2b_prior_opposed_stpmc_only_S_1_1_3_20250807_18,2025-08-07,short,2025-08-07 10:02:00-04:00,655.0,pre_arm_breakout_touch,60.0,"latency_not_bar_safe,same_minute_gate_to_v2b",required_not_available_in_bar_replay
mym_v2b_prior_opposed_stpmc_only_S_1_1_3_20250808_138,2025-08-08,long,2025-08-08 12:05:00-04:00,59.375,pre_arm_breakout_touch,240.0,"latency_not_bar_safe,same_minute_gate_to_v2b",required_not_available_in_bar_replay
mym_v2b_prior_opposed_stpmc_only_S_1_1_3_20250811_01,2025-08-11,short,2025-08-11 09:45:00-04:00,41.875,ambiguous_same_1m_bar,60.0,latency_not_bar_safe,required_not_available_in_bar_replay
mym_v2b_prior_opposed_stpmc_only_S_1_1_3_20250819_78,2025-08-19,short,2025-08-19 11:45:00-04:00,54.375,safe,2640.0,same_minute_gate_to_v2b,required_not_available_in_bar_replay
mym_v2b_prior_opposed_stpmc_only_S_1_1_3_20250825_78,2025-08-25,short,2025-08-25 11:02:00-04:00,232.0,pre_arm_breakout_touch,60.0,"latency_not_bar_safe,same_minute_gate_to_v2b",required_not_available_in_bar_replay
mym_v2b_prior_opposed_stpmc_only_S_1_1_3_20250904_18,2025-09-04,long,2025-09-04 10:02:00-04:00,607.0,pre_arm_breakout_touch,60.0,"latency_not_bar_safe,same_minute_gate_to_v2b",required_not_available_in_bar_replay
mym_v2b_prior_opposed_stpmc_only_S_1_1_3_20250909_78,2025-09-09,long,2025-09-09 11:02:00-04:00,33.375,pre_arm_breakout_touch,60.0,"latency_not_bar_safe,same_minute_gate_to_v2b",required_not_available_in_bar_replay
mym_v2b_prior_opposed_stpmc_only_S_1_1_3_20250910_18,2025-09-10,short,2025-09-10 10:32:00-04:00,223.375,safe,1860.0,same_minute_gate_to_v2b,required_not_available_in_bar_replay
mym_v2b_prior_opposed_stpmc_only_S_1_1_3_20250912_18,2025-09-12,short,2025-09-12 10:19:00-04:00,331.875,pre_arm_breakout_touch,1080.0,"latency_not_bar_safe,same_minute_gate_to_v2b",required_not_available_in_bar_replay
mym_v2b_prior_opposed_stpmc_only_S_1_1_3_20250916_01,2025-09-16,short,2025-09-16 09:45:00-04:00,39.375,ambiguous_same_1m_bar,60.0,latency_not_bar_safe,required_not_available_in_bar_replay
mym_v2b_prior_opposed_stpmc_only_S_1_1_3_20250917_258,2025-09-17,short,2025-09-17 14:42:00-04:00,-413.125,safe,2460.0,same_minute_gate_to_v2b,required_not_available_in_bar_replay
mym_v2b_prior_opposed_stpmc_only_S_1_1_3_20250918_01,2025-09-18,short,2025-09-18 09:45:00-04:00,-310.625,ambiguous_same_1m_bar,60.0,latency_not_bar_safe,required_not_available_in_bar_replay
mym_v2b_prior_opposed_stpmc_only_S_1_1_3_20250923_78,2025-09-23,short,2025-09-23 11:59:00-04:00,329.375,safe,3480.0,same_minute_gate_to_v2b,required_not_available_in_bar_replay
mym_v2b_prior_opposed_stpmc_only_S_1_1_3_20251002_78,2025-10-02,short,2025-10-02 11:02:00-04:00,-582.5,pre_arm_breakout_touch,60.0,"latency_not_bar_safe,same_minute_gate_to_v2b,worst_20_loser",required_not_available_in_bar_replay
mym_v2b_prior_opposed_stpmc_only_S_1_1_3_20251006_01,2025-10-06,short,2025-10-06 09:45:00-04:00,69.375,ambiguous_same_1m_bar,60.0,latency_not_bar_safe,required_not_available_in_bar_replay
mym_v2b_prior_opposed_stpmc_only_S_1_1_3_20251014_78,2025-10-14,long,2025-10-14 11:02:00-04:00,477.5,pre_arm_breakout_touch,60.0,"latency_not_bar_safe,same_minute_gate_to_v2b,top_gap_through_stop_cost",required_not_available_in_bar_replay
mym_v2b_prior_opposed_stpmc_only_S_1_1_3_20251015_198,2025-10-15,short,2025-10-15 13:02:00-04:00,67.0,pre_arm_breakout_touch,60.0,"latency_not_bar_safe,same_minute_gate_to_v2b,top_gap_through_stop_cost",required_not_available_in_bar_replay
mym_v2b_prior_opposed_stpmc_only_S_1_1_3_20251017_01,2025-10-17,long,2025-10-17 09:51:00-04:00,-523.125,safe,420.0,worst_20_loser,required_not_available_in_bar_replay
mym_v2b_prior_opposed_stpmc_only_S_1_1_3_20251031_78,2025-10-31,short,2025-10-31 11:44:00-04:00,-360.625,safe,2580.0,same_minute_gate_to_v2b,required_not_available_in_bar_replay
mym_v2b_prior_opposed_stpmc_only_S_1_1_3_20251104_18,2025-11-04,long,2025-11-04 10:02:00-05:00,-126.0,pre_arm_breakout_touch,60.0,"latency_not_bar_safe,same_minute_gate_to_v2b",required_not_available_in_bar_replay
mym_v2b_prior_opposed_stpmc_only_S_1_1_3_20251107_258,2025-11-07,long,2025-11-07 14:31:00-05:00,386.875,pre_arm_breakout_touch,1800.0,"latency_not_bar_safe,same_minute_gate_to_v2b",required_not_available_in_bar_replay
mym_v2b_prior_opposed_stpmc_only_S_1_1_3_20251113_01,2025-11-13,short,2025-11-13 09:56:00-05:00,1142.875,safe,720.0,top_20_winner,required_not_available_in_bar_replay
mym_v2b_prior_opposed_stpmc_only_S_1_1_3_20251121_78,2025-11-21,long,2025-11-21 11:24:00-05:00,646.375,pre_arm_breakout_touch,1380.0,"latency_not_bar_safe,same_minute_gate_to_v2b",required_not_available_in_bar_replay
mym_v2b_prior_opposed_stpmc_only_S_1_1_3_20251202_18,2025-12-02,long,2025-12-02 10:05:00-05:00,34.375,safe,240.0,same_minute_gate_to_v2b,required_not_available_in_bar_replay
mym_v2b_prior_opposed_stpmc_only_S_1_1_3_20251204_258,2025-12-04,short,2025-12-04 14:07:00-05:00,9.375,pre_arm_breakout_touch,360.0,"latency_not_bar_safe,same_minute_gate_to_v2b",required_not_available_in_bar_replay
mym_v2b_prior_opposed_stpmc_only_S_1_1_3_20251212_18,2025-12-12,short,2025-12-12 10:13:00-05:00,34.375,safe,720.0,same_minute_gate_to_v2b,required_not_available_in_bar_replay
mym_v2b_prior_opposed_stpmc_only_S_1_1_3_20251215_18,2025-12-15,short,2025-12-15 10:02:00-05:00,171.5,pre_arm_breakout_touch,60.0,"latency_not_bar_safe,same_minute_gate_to_v2b",required_not_available_in_bar_replay
mym_v2b_prior_opposed_stpmc_only_S_1_1_3_20251218_138,2025-12-18,short,2025-12-18 12:07:00-05:00,244.375,pre_arm_breakout_touch,360.0,"latency_not_bar_safe,same_minute_gate_to_v2b",required_not_available_in_bar_replay
mym_v2b_prior_opposed_stpmc_only_S_1_1_3_20251226_198,2025-12-26,short,2025-12-26 13:02:00-05:00,-202.5,pre_arm_breakout_touch,60.0,"latency_not_bar_safe,same_minute_gate_to_v2b",required_not_available_in_bar_replay
mym_v2b_prior_opposed_stpmc_only_S_1_1_3_20251229_01,2025-12-29,short,2025-12-29 09:45:00-05:00,64.375,ambiguous_same_1m_bar,60.0,latency_not_bar_safe,required_not_available_in_bar_replay
mym_v2b_prior_opposed_stpmc_only_S_1_1_3_20260107_01,2026-01-07,short,2026-01-07 09:47:00-05:00,944.875,safe,180.0,top_20_winner,required_not_available_in_bar_replay
mym_v2b_prior_opposed_stpmc_only_S_1_1_3_20260113_01,2026-01-13,short,2026-01-13 09:45:00-05:00,472.375,ambiguous_same_1m_bar,60.0,latency_not_bar_safe,required_not_available_in_bar_replay
mym_v2b_prior_opposed_stpmc_only_S_1_1_3_20260120_318,2026-01-20,short,2026-01-20 15:02:00-05:00,-160.0,pre_arm_breakout_touch,60.0,"latency_not_bar_safe,same_minute_gate_to_v2b,top_gap_through_stop_cost",required_not_available_in_bar_replay
mym_v2b_prior_opposed_stpmc_only_S_1_1_3_20260127_01,2026-01-27,short,2026-01-27 10:05:00-05:00,-465.625,safe,1260.0,worst_20_loser,required_not_available_in_bar_replay
mym_v2b_prior_opposed_stpmc_only_S_1_1_3_20260203_138,2026-02-03,short,2026-02-03 12:02:00-05:00,297.5,pre_arm_breakout_touch,60.0,"latency_not_bar_safe,same_minute_gate_to_v2b",required_not_available_in_bar_replay
mym_v2b_prior_opposed_stpmc_only_S_1_1_3_20260204_198,2026-02-04,short,2026-02-04 13:02:00-05:00,-390.0,pre_arm_breakout_touch,60.0,"latency_not_bar_safe,same_minute_gate_to_v2b,top_gap_through_stop_cost",required_not_available_in_bar_replay
mym_v2b_prior_opposed_stpmc_only_S_1_1_3_20260205_18,2026-02-05,short,2026-02-05 10:02:00-05:00,35.5,pre_arm_breakout_touch,60.0,"latency_not_bar_safe,same_minute_gate_to_v2b",required_not_available_in_bar_replay
mym_v2b_prior_opposed_stpmc_only_S_1_1_3_20260209_01,2026-02-09,short,2026-02-09 09:45:00-05:00,-365.625,ambiguous_same_1m_bar,60.0,latency_not_bar_safe,required_not_available_in_bar_replay
mym_v2b_prior_opposed_stpmc_only_S_1_1_3_20260211_18,2026-02-11,short,2026-02-11 10:02:00-05:00,456.5,pre_arm_breakout_touch,60.0,"latency_not_bar_safe,same_minute_gate_to_v2b",required_not_available_in_bar_replay
mym_v2b_prior_opposed_stpmc_only_S_1_1_3_20260223_01,2026-02-23,short,2026-02-23 09:46:00-05:00,1337.875,safe,120.0,top_20_winner,required_not_available_in_bar_replay
mym_v2b_prior_opposed_stpmc_only_S_1_1_3_20260226_18,2026-02-26,short,2026-02-26 10:02:00-05:00,262.5,pre_arm_breakout_touch,60.0,"latency_not_bar_safe,same_minute_gate_to_v2b",required_not_available_in_bar_replay
mym_v2b_prior_opposed_stpmc_only_S_1_1_3_20260302_01,2026-03-02,long,2026-03-02 09:45:00-05:00,655.375,ambiguous_same_1m_bar,60.0,"latency_not_bar_safe,top_20_winner",required_not_available_in_bar_replay
mym_v2b_prior_opposed_stpmc_only_S_1_1_3_20260303_198,2026-03-03,long,2026-03-03 13:02:00-05:00,268.0,pre_arm_breakout_touch,60.0,"latency_not_bar_safe,same_minute_gate_to_v2b,top_gap_through_stop_cost",required_not_available_in_bar_replay
