strategy_id,instrument,level_name,price,active_from,active_to,metadata_json
mnq_yorb_sizing_O_4_2_1_rc20,MNQ,yearly_orb_high,8783.75,2020-01-01,,{}
mnq_yorb_sizing_O_4_2_1_rc20,MNQ,yearly_orb_low,8769.25,2020-01-01,,{}
mnq_yorb_sizing_O_4_2_1_rc20,MNQ,yearly_orb_high,8907.0,2020-01-02,,{}
mnq_yorb_sizing_O_4_2_1_rc20,MNQ,yearly_orb_low,8769.25,2020-01-02,,{}
mnq_yorb_sizing_O_4_2_1_rc20,MNQ,yearly_orb_high,8907.75,2020-01-03,,{}
mnq_yorb_sizing_O_4_2_1_rc20,MNQ,yearly_orb_low,8735.25,2020-01-03,,{}
mnq_yorb_sizing_O_4_2_1_rc20,MNQ,yearly_orb_high,8907.75,2020-01-05,,{}
mnq_yorb_sizing_O_4_2_1_rc20,MNQ,yearly_orb_low,8735.25,2020-01-05,,{}
mnq_yorb_sizing_O_4_2_1_rc20,MNQ,yearly_orb_high,8907.75,2020-01-06,,{}
mnq_yorb_sizing_O_4_2_1_rc20,MNQ,yearly_orb_low,8723.0,2020-01-06,,{}
mnq_yorb_sizing_O_4_2_1_rc20,MNQ,yearly_orb_high,8907.75,2020-01-07,,{}
mnq_yorb_sizing_O_4_2_1_rc20,MNQ,yearly_orb_low,8723.0,2020-01-07,,{}
mnq_yorb_sizing_O_4_2_1_rc20,MNQ,yearly_orb_high,8972.5,2020-01-08,,{}
mnq_yorb_sizing_O_4_2_1_rc20,MNQ,yearly_orb_low,8678.25,2020-01-08,,{}
mnq_yorb_sizing_O_4_2_1_rc20,MNQ,yearly_orb_high,9022.25,2020-01-09,,{}
mnq_yorb_sizing_O_4_2_1_rc20,MNQ,yearly_orb_low,8678.25,2020-01-09,,{}
mnq_yorb_sizing_O_4_2_1_rc20,MNQ,yearly_orb_high,9055.25,2020-01-10,,{}
mnq_yorb_sizing_O_4_2_1_rc20,MNQ,yearly_orb_low,8678.25,2020-01-10,,{}
mnq_yorb_sizing_O_4_2_1_rc20,MNQ,yearly_orb_high,9055.25,2020-01-12,,{}
mnq_yorb_sizing_O_4_2_1_rc20,MNQ,yearly_orb_low,8678.25,2020-01-12,,{}
mnq_yorb_sizing_O_4_2_1_rc20,MNQ,yearly_orb_high,9107.25,2020-01-13,,{}
mnq_yorb_sizing_O_4_2_1_rc20,MNQ,yearly_orb_low,8678.25,2020-01-13,,{}
mnq_yorb_sizing_O_4_2_1_rc20,MNQ,yearly_orb_high,9114.75,2020-01-14,,{}
mnq_yorb_sizing_O_4_2_1_rc20,MNQ,yearly_orb_low,8678.25,2020-01-14,,{}
mnq_yorb_sizing_O_4_2_1_rc20,MNQ,yearly_orb_high,9114.75,2020-01-15,,{}
mnq_yorb_sizing_O_4_2_1_rc20,MNQ,yearly_orb_low,8678.25,2020-01-15,,{}
mnq_yorb_sizing_O_4_2_1_rc20,MNQ,yearly_orb_high,9157.75,2020-01-16,,{}
mnq_yorb_sizing_O_4_2_1_rc20,MNQ,yearly_orb_low,8678.25,2020-01-16,,{}
mnq_yorb_sizing_O_4_2_1_rc20,MNQ,yearly_orb_high,9189.25,2020-01-17,,{}
mnq_yorb_sizing_O_4_2_1_rc20,MNQ,yearly_orb_low,8678.25,2020-01-17,,{}
mnq_yorb_sizing_O_4_2_1_rc20,MNQ,yearly_orb_high,9189.25,2020-01-19,,{}
mnq_yorb_sizing_O_4_2_1_rc20,MNQ,yearly_orb_low,8678.25,2020-01-19,,{}
mnq_yorb_sizing_O_4_2_1_rc20,MNQ,yearly_orb_high,9189.25,2020-01-20,,{}
mnq_yorb_sizing_O_4_2_1_rc20,MNQ,yearly_orb_low,8678.25,2020-01-20,,{}
mnq_yorb_sizing_O_4_2_1_rc20,MNQ,yearly_orb_high,9199.75,2020-01-21,,{}
mnq_yorb_sizing_O_4_2_1_rc20,MNQ,yearly_orb_low,8678.25,2020-01-21,,{}
mnq_yorb_sizing_O_4_2_1_rc20,MNQ,yearly_orb_high,9254.0,2020-01-22,,{}
mnq_yorb_sizing_O_4_2_1_rc20,MNQ,yearly_orb_low,8678.25,2020-01-22,,{}
mnq_yorb_sizing_O_4_2_1_rc20,MNQ,yearly_orb_high,9272.25,2020-01-23,,{}
mnq_yorb_sizing_O_4_2_1_rc20,MNQ,yearly_orb_low,8678.25,2020-01-23,,{}
mnq_yorb_sizing_O_4_2_1_rc20,MNQ,yearly_orb_high,9287.5,2020-01-24,,{}
mnq_yorb_sizing_O_4_2_1_rc20,MNQ,yearly_orb_low,8678.25,2020-01-24,,{}
mnq_yorb_sizing_O_4_2_1_rc20,MNQ,yearly_orb_high,9287.5,2020-01-26,,{}
mnq_yorb_sizing_O_4_2_1_rc20,MNQ,yearly_orb_low,8678.25,2020-01-26,,{}
mnq_yorb_sizing_O_4_2_1_rc20,MNQ,yearly_orb_high,9287.5,2020-01-27,,{}
mnq_yorb_sizing_O_4_2_1_rc20,MNQ,yearly_orb_low,8678.25,2020-01-27,,{}
mnq_yorb_sizing_O_4_2_1_rc20,MNQ,yearly_orb_high,9287.5,2020-01-28,,{}
mnq_yorb_sizing_O_4_2_1_rc20,MNQ,yearly_orb_low,8678.25,2020-01-28,,{}
mnq_yorb_sizing_O_4_2_1_rc20,MNQ,yearly_orb_high,9287.5,2020-01-29,,{}
mnq_yorb_sizing_O_4_2_1_rc20,MNQ,yearly_orb_low,8678.25,2020-01-29,,{}
mnq_yorb_sizing_O_4_2_1_rc20,MNQ,yearly_orb_high,9287.5,2020-01-30,,{}
mnq_yorb_sizing_O_4_2_1_rc20,MNQ,yearly_orb_low,8678.25,2020-01-30,,{}
mnq_yorb_sizing_O_4_2_1_rc20,MNQ,yearly_orb_high,9287.5,2020-01-31,,{}
mnq_yorb_sizing_O_4_2_1_rc20,MNQ,yearly_orb_low,8678.25,2020-01-31,,{}
mnq_yorb_sizing_O_4_2_1_rc20,MNQ,yearly_orb_high,9287.5,2020-02-02,,{}
mnq_yorb_sizing_O_4_2_1_rc20,MNQ,yearly_orb_low,8678.25,2020-02-02,,{}
mnq_yorb_sizing_O_4_2_1_rc20,MNQ,yearly_orb_high,9287.5,2020-02-03,,{}
mnq_yorb_sizing_O_4_2_1_rc20,MNQ,yearly_orb_low,8678.25,2020-02-03,,{}
mnq_yorb_sizing_O_4_2_1_rc20,MNQ,yearly_orb_high,9369.0,2020-02-04,,{}
mnq_yorb_sizing_O_4_2_1_rc20,MNQ,yearly_orb_low,8678.25,2020-02-04,,{}
mnq_yorb_sizing_O_4_2_1_rc20,MNQ,yearly_orb_high,9464.25,2020-02-05,,{}
mnq_yorb_sizing_O_4_2_1_rc20,MNQ,yearly_orb_low,8678.25,2020-02-05,,{}
mnq_yorb_sizing_O_4_2_1_rc20,MNQ,yearly_orb_high,9477.0,2020-02-06,,{}
mnq_yorb_sizing_O_4_2_1_rc20,MNQ,yearly_orb_low,8678.25,2020-02-06,,{}
mnq_yorb_sizing_O_4_2_1_rc20,MNQ,yearly_orb_high,9477.0,2020-02-07,,{}
mnq_yorb_sizing_O_4_2_1_rc20,MNQ,yearly_orb_low,8678.25,2020-02-07,,{}
mnq_yorb_sizing_O_4_2_1_rc20,MNQ,yearly_orb_high,9477.0,2020-02-09,,{}
mnq_yorb_sizing_O_4_2_1_rc20,MNQ,yearly_orb_low,8678.25,2020-02-09,,{}
mnq_yorb_sizing_O_4_2_1_rc20,MNQ,yearly_orb_high,9531.75,2020-02-10,,{}
mnq_yorb_sizing_O_4_2_1_rc20,MNQ,yearly_orb_low,8678.25,2020-02-10,,{}
mnq_yorb_sizing_O_4_2_1_rc20,MNQ,yearly_orb_high,9609.5,2020-02-11,,{}
mnq_yorb_sizing_O_4_2_1_rc20,MNQ,yearly_orb_low,8678.25,2020-02-11,,{}
mnq_yorb_sizing_O_4_2_1_rc20,MNQ,yearly_orb_high,9628.0,2020-02-12,,{}
mnq_yorb_sizing_O_4_2_1_rc20,MNQ,yearly_orb_low,8678.25,2020-02-12,,{}
mnq_yorb_sizing_O_4_2_1_rc20,MNQ,yearly_orb_high,9644.75,2020-02-13,,{}
mnq_yorb_sizing_O_4_2_1_rc20,MNQ,yearly_orb_low,8678.25,2020-02-13,,{}
mnq_yorb_sizing_O_4_2_1_rc20,MNQ,yearly_orb_high,9659.25,2020-02-14,,{}
mnq_yorb_sizing_O_4_2_1_rc20,MNQ,yearly_orb_low,8678.25,2020-02-14,,{}
mnq_yorb_sizing_O_4_2_1_rc20,MNQ,yearly_orb_high,9668.75,2020-02-16,,{}
mnq_yorb_sizing_O_4_2_1_rc20,MNQ,yearly_orb_low,8678.25,2020-02-16,,{}
mnq_yorb_sizing_O_4_2_1_rc20,MNQ,yearly_orb_high,9687.25,2020-02-17,,{}
mnq_yorb_sizing_O_4_2_1_rc20,MNQ,yearly_orb_low,8678.25,2020-02-17,,{}
mnq_yorb_sizing_O_4_2_1_rc20,MNQ,yearly_orb_high,9687.25,2020-02-18,,{}
mnq_yorb_sizing_O_4_2_1_rc20,MNQ,yearly_orb_low,8678.25,2020-02-18,,{}
mnq_yorb_sizing_O_4_2_1_rc20,MNQ,yearly_orb_high,9748.75,2020-02-19,,{}
mnq_yorb_sizing_O_4_2_1_rc20,MNQ,yearly_orb_low,8678.25,2020-02-19,,{}
mnq_yorb_sizing_O_4_2_1_rc20,MNQ,yearly_orb_high,9763.0,2020-02-20,,{}
mnq_yorb_sizing_O_4_2_1_rc20,MNQ,yearly_orb_low,8678.25,2020-02-20,,{}
mnq_yorb_sizing_O_4_2_1_rc20,MNQ,yearly_orb_high,9763.0,2020-02-21,,{}
mnq_yorb_sizing_O_4_2_1_rc20,MNQ,yearly_orb_low,8678.25,2020-02-21,,{}
mnq_yorb_sizing_O_4_2_1_rc20,MNQ,yearly_orb_high,9763.0,2020-02-23,,{}
mnq_yorb_sizing_O_4_2_1_rc20,MNQ,yearly_orb_low,8678.25,2020-02-23,,{}
mnq_yorb_sizing_O_4_2_1_rc20,MNQ,yearly_orb_high,9763.0,2020-02-24,,{}
mnq_yorb_sizing_O_4_2_1_rc20,MNQ,yearly_orb_low,8678.25,2020-02-24,,{}
mnq_yorb_sizing_O_4_2_1_rc20,MNQ,yearly_orb_high,9763.0,2020-02-25,,{}
mnq_yorb_sizing_O_4_2_1_rc20,MNQ,yearly_orb_low,8678.25,2020-02-25,,{}
mnq_yorb_sizing_O_4_2_1_rc20,MNQ,yearly_orb_high,9763.0,2020-02-26,,{}
mnq_yorb_sizing_O_4_2_1_rc20,MNQ,yearly_orb_low,8678.25,2020-02-26,,{}
mnq_yorb_sizing_O_4_2_1_rc20,MNQ,yearly_orb_high,9763.0,2020-02-27,,{}
mnq_yorb_sizing_O_4_2_1_rc20,MNQ,yearly_orb_low,8313.0,2020-02-27,,{}
mnq_yorb_sizing_O_4_2_1_rc20,MNQ,yearly_orb_high,9763.0,2020-02-28,,{}
mnq_yorb_sizing_O_4_2_1_rc20,MNQ,yearly_orb_low,8124.25,2020-02-28,,{}
mnq_yorb_sizing_O_4_2_1_rc20,MNQ,yearly_orb_high,9763.0,2020-03-01,,{}
mnq_yorb_sizing_O_4_2_1_rc20,MNQ,yearly_orb_low,8124.25,2020-03-01,,{}
mnq_yorb_sizing_O_4_2_1_rc20,MNQ,yearly_orb_high,9763.0,2020-03-02,,{}
mnq_yorb_sizing_O_4_2_1_rc20,MNQ,yearly_orb_low,8124.25,2020-03-02,,{}
mnq_yorb_sizing_O_4_2_1_rc20,MNQ,yearly_orb_high,9763.0,2020-03-03,,{}
mnq_yorb_sizing_O_4_2_1_rc20,MNQ,yearly_orb_low,8124.25,2020-03-03,,{}
mnq_yorb_sizing_O_4_2_1_rc20,MNQ,yearly_orb_high,9763.0,2020-03-04,,{}
mnq_yorb_sizing_O_4_2_1_rc20,MNQ,yearly_orb_low,8124.25,2020-03-04,,{}
mnq_yorb_sizing_O_4_2_1_rc20,MNQ,yearly_orb_high,9763.0,2020-03-05,,{}
mnq_yorb_sizing_O_4_2_1_rc20,MNQ,yearly_orb_low,8124.25,2020-03-05,,{}
mnq_yorb_sizing_O_4_2_1_rc20,MNQ,yearly_orb_high,9763.0,2020-03-06,,{}
mnq_yorb_sizing_O_4_2_1_rc20,MNQ,yearly_orb_low,8124.25,2020-03-06,,{}
mnq_yorb_sizing_O_4_2_1_rc20,MNQ,yearly_orb_high,9763.0,2020-03-08,,{}
mnq_yorb_sizing_O_4_2_1_rc20,MNQ,yearly_orb_low,8101.25,2020-03-08,,{}
mnq_yorb_sizing_O_4_2_1_rc20,MNQ,yearly_orb_high,9763.0,2020-03-09,,{}
mnq_yorb_sizing_O_4_2_1_rc20,MNQ,yearly_orb_low,7801.0,2020-03-09,,{}
mnq_yorb_sizing_O_4_2_1_rc20,MNQ,yearly_orb_high,9763.0,2020-03-10,,{}
mnq_yorb_sizing_O_4_2_1_rc20,MNQ,yearly_orb_low,7801.0,2020-03-10,,{}
mnq_yorb_sizing_O_4_2_1_rc20,MNQ,yearly_orb_high,9763.0,2020-03-11,,{}
mnq_yorb_sizing_O_4_2_1_rc20,MNQ,yearly_orb_low,7801.0,2020-03-11,,{}
mnq_yorb_sizing_O_4_2_1_rc20,MNQ,yearly_orb_high,9763.0,2020-03-12,,{}
mnq_yorb_sizing_O_4_2_1_rc20,MNQ,yearly_orb_low,7058.5,2020-03-12,,{}
mnq_yorb_sizing_O_4_2_1_rc20,MNQ,yearly_orb_high,9763.0,2020-03-13,,{}
mnq_yorb_sizing_O_4_2_1_rc20,MNQ,yearly_orb_low,6922.5,2020-03-13,,{}
mnq_yorb_sizing_O_4_2_1_rc20,MNQ,yearly_orb_high,9763.0,2020-03-15,,{}
mnq_yorb_sizing_O_4_2_1_rc20,MNQ,yearly_orb_low,6922.5,2020-03-15,,{}
mnq_yorb_sizing_O_4_2_1_rc20,MNQ,yearly_orb_high,9763.0,2020-03-16,,{}
mnq_yorb_sizing_O_4_2_1_rc20,MNQ,yearly_orb_low,6906.0,2020-03-16,,{}
mnq_yorb_sizing_O_4_2_1_rc20,MNQ,yearly_orb_high,9763.0,2020-03-17,,{}
mnq_yorb_sizing_O_4_2_1_rc20,MNQ,yearly_orb_low,6906.0,2020-03-17,,{}
mnq_yorb_sizing_O_4_2_1_rc20,MNQ,yearly_orb_high,9763.0,2020-03-18,,{}
mnq_yorb_sizing_O_4_2_1_rc20,MNQ,yearly_orb_low,6810.0,2020-03-18,,{}
mnq_yorb_sizing_O_4_2_1_rc20,MNQ,yearly_orb_high,9763.0,2020-03-19,,{}
mnq_yorb_sizing_O_4_2_1_rc20,MNQ,yearly_orb_low,6810.0,2020-03-19,,{}
mnq_yorb_sizing_O_4_2_1_rc20,MNQ,yearly_orb_high,9763.0,2020-03-20,,{}
mnq_yorb_sizing_O_4_2_1_rc20,MNQ,yearly_orb_low,6810.0,2020-03-20,,{}
mnq_yorb_sizing_O_4_2_1_rc20,MNQ,yearly_orb_high,9763.0,2020-03-22,,{}
mnq_yorb_sizing_O_4_2_1_rc20,MNQ,yearly_orb_low,6628.75,2020-03-22,,{}
mnq_yorb_sizing_O_4_2_1_rc20,MNQ,yearly_orb_high,9763.0,2020-03-23,,{}
mnq_yorb_sizing_O_4_2_1_rc20,MNQ,yearly_orb_low,6628.75,2020-03-23,,{}
mnq_yorb_sizing_O_4_2_1_rc20,MNQ,yearly_orb_high,9763.0,2020-03-24,,{}
mnq_yorb_sizing_O_4_2_1_rc20,MNQ,yearly_orb_low,6628.75,2020-03-24,,{}
mnq_yorb_sizing_O_4_2_1_rc20,MNQ,yearly_orb_high,9763.0,2020-03-25,,{}
mnq_yorb_sizing_O_4_2_1_rc20,MNQ,yearly_orb_low,6628.75,2020-03-25,,{}
mnq_yorb_sizing_O_4_2_1_rc20,MNQ,yearly_orb_high,9763.0,2020-03-26,,{}
mnq_yorb_sizing_O_4_2_1_rc20,MNQ,yearly_orb_low,6628.75,2020-03-26,,{}
mnq_yorb_sizing_O_4_2_1_rc20,MNQ,yearly_orb_high,9763.0,2020-03-27,,{}
mnq_yorb_sizing_O_4_2_1_rc20,MNQ,yearly_orb_low,6628.75,2020-03-27,,{}
mnq_yorb_sizing_O_4_2_1_rc20,MNQ,yearly_orb_high,9763.0,2020-03-29,,{}
mnq_yorb_sizing_O_4_2_1_rc20,MNQ,yearly_orb_low,6628.75,2020-03-29,,{}
mnq_yorb_sizing_O_4_2_1_rc20,MNQ,yearly_orb_high,9763.0,2020-03-30,,{}
mnq_yorb_sizing_O_4_2_1_rc20,MNQ,yearly_orb_low,6628.75,2020-03-30,,{}
mnq_yorb_sizing_O_4_2_1_rc20,MNQ,yearly_orb_high,9763.0,2020-03-31,,{}
mnq_yorb_sizing_O_4_2_1_rc20,MNQ,yearly_orb_low,6628.75,2020-03-31,,{}
mnq_yorb_sizing_O_4_2_1_rc20,MNQ,yearly_orb_high,12905.0,2021-01-03,,{}
mnq_yorb_sizing_O_4_2_1_rc20,MNQ,yearly_orb_low,12852.25,2021-01-03,,{}
mnq_yorb_sizing_O_4_2_1_rc20,MNQ,yearly_orb_high,12960.0,2021-01-04,,{}
mnq_yorb_sizing_O_4_2_1_rc20,MNQ,yearly_orb_low,12522.0,2021-01-04,,{}
mnq_yorb_sizing_O_4_2_1_rc20,MNQ,yearly_orb_high,12960.0,2021-01-05,,{}
mnq_yorb_sizing_O_4_2_1_rc20,MNQ,yearly_orb_low,12522.0,2021-01-05,,{}
mnq_yorb_sizing_O_4_2_1_rc20,MNQ,yearly_orb_high,12960.0,2021-01-06,,{}
mnq_yorb_sizing_O_4_2_1_rc20,MNQ,yearly_orb_low,12491.25,2021-01-06,,{}
mnq_yorb_sizing_O_4_2_1_rc20,MNQ,yearly_orb_high,12960.0,2021-01-07,,{}
mnq_yorb_sizing_O_4_2_1_rc20,MNQ,yearly_orb_low,12491.25,2021-01-07,,{}
mnq_yorb_sizing_O_4_2_1_rc20,MNQ,yearly_orb_high,13125.25,2021-01-08,,{}
mnq_yorb_sizing_O_4_2_1_rc20,MNQ,yearly_orb_low,12491.25,2021-01-08,,{}
mnq_yorb_sizing_O_4_2_1_rc20,MNQ,yearly_orb_high,13125.25,2021-01-10,,{}
mnq_yorb_sizing_O_4_2_1_rc20,MNQ,yearly_orb_low,12491.25,2021-01-10,,{}
mnq_yorb_sizing_O_4_2_1_rc20,MNQ,yearly_orb_high,13125.25,2021-01-11,,{}
mnq_yorb_sizing_O_4_2_1_rc20,MNQ,yearly_orb_low,12491.25,2021-01-11,,{}
mnq_yorb_sizing_O_4_2_1_rc20,MNQ,yearly_orb_high,13125.25,2021-01-12,,{}
mnq_yorb_sizing_O_4_2_1_rc20,MNQ,yearly_orb_low,12491.25,2021-01-12,,{}
mnq_yorb_sizing_O_4_2_1_rc20,MNQ,yearly_orb_high,13125.25,2021-01-13,,{}
mnq_yorb_sizing_O_4_2_1_rc20,MNQ,yearly_orb_low,12491.25,2021-01-13,,{}
mnq_yorb_sizing_O_4_2_1_rc20,MNQ,yearly_orb_high,13125.25,2021-01-14,,{}
mnq_yorb_sizing_O_4_2_1_rc20,MNQ,yearly_orb_low,12491.25,2021-01-14,,{}
mnq_yorb_sizing_O_4_2_1_rc20,MNQ,yearly_orb_high,13125.25,2021-01-15,,{}
mnq_yorb_sizing_O_4_2_1_rc20,MNQ,yearly_orb_low,12491.25,2021-01-15,,{}
mnq_yorb_sizing_O_4_2_1_rc20,MNQ,yearly_orb_high,13125.25,2021-01-17,,{}
mnq_yorb_sizing_O_4_2_1_rc20,MNQ,yearly_orb_low,12491.25,2021-01-17,,{}
mnq_yorb_sizing_O_4_2_1_rc20,MNQ,yearly_orb_high,13125.25,2021-01-18,,{}
mnq_yorb_sizing_O_4_2_1_rc20,MNQ,yearly_orb_low,12491.25,2021-01-18,,{}
mnq_yorb_sizing_O_4_2_1_rc20,MNQ,yearly_orb_high,13125.25,2021-01-19,,{}
mnq_yorb_sizing_O_4_2_1_rc20,MNQ,yearly_orb_low,12491.25,2021-01-19,,{}
mnq_yorb_sizing_O_4_2_1_rc20,MNQ,yearly_orb_high,13327.25,2021-01-20,,{}
mnq_yorb_sizing_O_4_2_1_rc20,MNQ,yearly_orb_low,12491.25,2021-01-20,,{}
mnq_yorb_sizing_O_4_2_1_rc20,MNQ,yearly_orb_high,13423.75,2021-01-21,,{}
mnq_yorb_sizing_O_4_2_1_rc20,MNQ,yearly_orb_low,12491.25,2021-01-21,,{}
mnq_yorb_sizing_O_4_2_1_rc20,MNQ,yearly_orb_high,13423.75,2021-01-22,,{}
mnq_yorb_sizing_O_4_2_1_rc20,MNQ,yearly_orb_low,12491.25,2021-01-22,,{}
mnq_yorb_sizing_O_4_2_1_rc20,MNQ,yearly_orb_high,13423.75,2021-01-24,,{}
mnq_yorb_sizing_O_4_2_1_rc20,MNQ,yearly_orb_low,12491.25,2021-01-24,,{}
mnq_yorb_sizing_O_4_2_1_rc20,MNQ,yearly_orb_high,13555.0,2021-01-25,,{}
mnq_yorb_sizing_O_4_2_1_rc20,MNQ,yearly_orb_low,12491.25,2021-01-25,,{}
mnq_yorb_sizing_O_4_2_1_rc20,MNQ,yearly_orb_high,13599.75,2021-01-26,,{}
mnq_yorb_sizing_O_4_2_1_rc20,MNQ,yearly_orb_low,12491.25,2021-01-26,,{}
mnq_yorb_sizing_O_4_2_1_rc20,MNQ,yearly_orb_high,13599.75,2021-01-27,,{}
mnq_yorb_sizing_O_4_2_1_rc20,MNQ,yearly_orb_low,12491.25,2021-01-27,,{}
mnq_yorb_sizing_O_4_2_1_rc20,MNQ,yearly_orb_high,13599.75,2021-01-28,,{}
mnq_yorb_sizing_O_4_2_1_rc20,MNQ,yearly_orb_low,12491.25,2021-01-28,,{}
mnq_yorb_sizing_O_4_2_1_rc20,MNQ,yearly_orb_high,13599.75,2021-01-29,,{}
mnq_yorb_sizing_O_4_2_1_rc20,MNQ,yearly_orb_low,12491.25,2021-01-29,,{}
mnq_yorb_sizing_O_4_2_1_rc20,MNQ,yearly_orb_high,13599.75,2021-01-31,,{}
mnq_yorb_sizing_O_4_2_1_rc20,MNQ,yearly_orb_low,12491.25,2021-01-31,,{}
mnq_yorb_sizing_O_4_2_1_rc20,MNQ,yearly_orb_high,13599.75,2021-02-01,,{}
mnq_yorb_sizing_O_4_2_1_rc20,MNQ,yearly_orb_low,12491.25,2021-02-01,,{}
mnq_yorb_sizing_O_4_2_1_rc20,MNQ,yearly_orb_high,13599.75,2021-02-02,,{}
mnq_yorb_sizing_O_4_2_1_rc20,MNQ,yearly_orb_low,12491.25,2021-02-02,,{}
mnq_yorb_sizing_O_4_2_1_rc20,MNQ,yearly_orb_high,13599.75,2021-02-03,,{}
mnq_yorb_sizing_O_4_2_1_rc20,MNQ,yearly_orb_low,12491.25,2021-02-03,,{}
mnq_yorb_sizing_O_4_2_1_rc20,MNQ,yearly_orb_high,13599.75,2021-02-04,,{}
mnq_yorb_sizing_O_4_2_1_rc20,MNQ,yearly_orb_low,12491.25,2021-02-04,,{}
mnq_yorb_sizing_O_4_2_1_rc20,MNQ,yearly_orb_high,13638.5,2021-02-05,,{}
mnq_yorb_sizing_O_4_2_1_rc20,MNQ,yearly_orb_low,12491.25,2021-02-05,,{}
mnq_yorb_sizing_O_4_2_1_rc20,MNQ,yearly_orb_high,13646.5,2021-02-07,,{}
mnq_yorb_sizing_O_4_2_1_rc20,MNQ,yearly_orb_low,12491.25,2021-02-07,,{}
mnq_yorb_sizing_O_4_2_1_rc20,MNQ,yearly_orb_high,13698.0,2021-02-08,,{}
mnq_yorb_sizing_O_4_2_1_rc20,MNQ,yearly_orb_low,12491.25,2021-02-08,,{}
mnq_yorb_sizing_O_4_2_1_rc20,MNQ,yearly_orb_high,13735.25,2021-02-09,,{}
mnq_yorb_sizing_O_4_2_1_rc20,MNQ,yearly_orb_low,12491.25,2021-02-09,,{}
mnq_yorb_sizing_O_4_2_1_rc20,MNQ,yearly_orb_high,13769.25,2021-02-10,,{}
mnq_yorb_sizing_O_4_2_1_rc20,MNQ,yearly_orb_low,12491.25,2021-02-10,,{}
mnq_yorb_sizing_O_4_2_1_rc20,MNQ,yearly_orb_high,13769.25,2021-02-11,,{}
mnq_yorb_sizing_O_4_2_1_rc20,MNQ,yearly_orb_low,12491.25,2021-02-11,,{}
mnq_yorb_sizing_O_4_2_1_rc20,MNQ,yearly_orb_high,13822.5,2021-02-12,,{}
mnq_yorb_sizing_O_4_2_1_rc20,MNQ,yearly_orb_low,12491.25,2021-02-12,,{}
mnq_yorb_sizing_O_4_2_1_rc20,MNQ,yearly_orb_high,13848.0,2021-02-14,,{}
mnq_yorb_sizing_O_4_2_1_rc20,MNQ,yearly_orb_low,12491.25,2021-02-14,,{}
mnq_yorb_sizing_O_4_2_1_rc20,MNQ,yearly_orb_high,13879.25,2021-02-15,,{}
mnq_yorb_sizing_O_4_2_1_rc20,MNQ,yearly_orb_low,12491.25,2021-02-15,,{}
mnq_yorb_sizing_O_4_2_1_rc20,MNQ,yearly_orb_high,13900.75,2021-02-16,,{}
mnq_yorb_sizing_O_4_2_1_rc20,MNQ,yearly_orb_low,12491.25,2021-02-16,,{}
mnq_yorb_sizing_O_4_2_1_rc20,MNQ,yearly_orb_high,13900.75,2021-02-17,,{}
mnq_yorb_sizing_O_4_2_1_rc20,MNQ,yearly_orb_low,12491.25,2021-02-17,,{}
mnq_yorb_sizing_O_4_2_1_rc20,MNQ,yearly_orb_high,13900.75,2021-02-18,,{}
mnq_yorb_sizing_O_4_2_1_rc20,MNQ,yearly_orb_low,12491.25,2021-02-18,,{}
mnq_yorb_sizing_O_4_2_1_rc20,MNQ,yearly_orb_high,13900.75,2021-02-19,,{}
mnq_yorb_sizing_O_4_2_1_rc20,MNQ,yearly_orb_low,12491.25,2021-02-19,,{}
mnq_yorb_sizing_O_4_2_1_rc20,MNQ,yearly_orb_high,13900.75,2021-02-21,,{}
mnq_yorb_sizing_O_4_2_1_rc20,MNQ,yearly_orb_low,12491.25,2021-02-21,,{}
mnq_yorb_sizing_O_4_2_1_rc20,MNQ,yearly_orb_high,13900.75,2021-02-22,,{}
mnq_yorb_sizing_O_4_2_1_rc20,MNQ,yearly_orb_low,12491.25,2021-02-22,,{}
mnq_yorb_sizing_O_4_2_1_rc20,MNQ,yearly_orb_high,13900.75,2021-02-23,,{}
mnq_yorb_sizing_O_4_2_1_rc20,MNQ,yearly_orb_low,12491.25,2021-02-23,,{}
mnq_yorb_sizing_O_4_2_1_rc20,MNQ,yearly_orb_high,13900.75,2021-02-24,,{}
mnq_yorb_sizing_O_4_2_1_rc20,MNQ,yearly_orb_low,12491.25,2021-02-24,,{}
mnq_yorb_sizing_O_4_2_1_rc20,MNQ,yearly_orb_high,13900.75,2021-02-25,,{}
mnq_yorb_sizing_O_4_2_1_rc20,MNQ,yearly_orb_low,12491.25,2021-02-25,,{}
mnq_yorb_sizing_O_4_2_1_rc20,MNQ,yearly_orb_high,13900.75,2021-02-26,,{}
mnq_yorb_sizing_O_4_2_1_rc20,MNQ,yearly_orb_low,12491.25,2021-02-26,,{}
mnq_yorb_sizing_O_4_2_1_rc20,MNQ,yearly_orb_high,13900.75,2021-02-28,,{}
mnq_yorb_sizing_O_4_2_1_rc20,MNQ,yearly_orb_low,12491.25,2021-02-28,,{}
mnq_yorb_sizing_O_4_2_1_rc20,MNQ,yearly_orb_high,13900.75,2021-03-01,,{}
mnq_yorb_sizing_O_4_2_1_rc20,MNQ,yearly_orb_low,12491.25,2021-03-01,,{}
mnq_yorb_sizing_O_4_2_1_rc20,MNQ,yearly_orb_high,13900.75,2021-03-02,,{}
mnq_yorb_sizing_O_4_2_1_rc20,MNQ,yearly_orb_low,12491.25,2021-03-02,,{}
mnq_yorb_sizing_O_4_2_1_rc20,MNQ,yearly_orb_high,13900.75,2021-03-03,,{}
mnq_yorb_sizing_O_4_2_1_rc20,MNQ,yearly_orb_low,12491.25,2021-03-03,,{}
mnq_yorb_sizing_O_4_2_1_rc20,MNQ,yearly_orb_high,13900.75,2021-03-04,,{}
mnq_yorb_sizing_O_4_2_1_rc20,MNQ,yearly_orb_low,12306.25,2021-03-04,,{}
mnq_yorb_sizing_O_4_2_1_rc20,MNQ,yearly_orb_high,13900.75,2021-03-05,,{}
mnq_yorb_sizing_O_4_2_1_rc20,MNQ,yearly_orb_low,12207.5,2021-03-05,,{}
mnq_yorb_sizing_O_4_2_1_rc20,MNQ,yearly_orb_high,13900.75,2021-03-07,,{}
mnq_yorb_sizing_O_4_2_1_rc20,MNQ,yearly_orb_low,12207.5,2021-03-07,,{}
mnq_yorb_sizing_O_4_2_1_rc20,MNQ,yearly_orb_high,13900.75,2021-03-08,,{}
mnq_yorb_sizing_O_4_2_1_rc20,MNQ,yearly_orb_low,12207.5,2021-03-08,,{}
mnq_yorb_sizing_O_4_2_1_rc20,MNQ,yearly_orb_high,13900.75,2021-03-09,,{}
mnq_yorb_sizing_O_4_2_1_rc20,MNQ,yearly_orb_low,12207.5,2021-03-09,,{}
mnq_yorb_sizing_O_4_2_1_rc20,MNQ,yearly_orb_high,13900.75,2021-03-10,,{}
mnq_yorb_sizing_O_4_2_1_rc20,MNQ,yearly_orb_low,12207.5,2021-03-10,,{}
mnq_yorb_sizing_O_4_2_1_rc20,MNQ,yearly_orb_high,13900.75,2021-03-11,,{}
mnq_yorb_sizing_O_4_2_1_rc20,MNQ,yearly_orb_low,12207.5,2021-03-11,,{}
mnq_yorb_sizing_O_4_2_1_rc20,MNQ,yearly_orb_high,13900.75,2021-03-12,,{}
mnq_yorb_sizing_O_4_2_1_rc20,MNQ,yearly_orb_low,12207.5,2021-03-12,,{}
mnq_yorb_sizing_O_4_2_1_rc20,MNQ,yearly_orb_high,13900.75,2021-03-14,,{}
mnq_yorb_sizing_O_4_2_1_rc20,MNQ,yearly_orb_low,12207.5,2021-03-14,,{}
mnq_yorb_sizing_O_4_2_1_rc20,MNQ,yearly_orb_high,13900.75,2021-03-15,,{}
mnq_yorb_sizing_O_4_2_1_rc20,MNQ,yearly_orb_low,12207.5,2021-03-15,,{}
mnq_yorb_sizing_O_4_2_1_rc20,MNQ,yearly_orb_high,13900.75,2021-03-16,,{}
mnq_yorb_sizing_O_4_2_1_rc20,MNQ,yearly_orb_low,12207.5,2021-03-16,,{}
mnq_yorb_sizing_O_4_2_1_rc20,MNQ,yearly_orb_high,13900.75,2021-03-17,,{}
mnq_yorb_sizing_O_4_2_1_rc20,MNQ,yearly_orb_low,12207.5,2021-03-17,,{}
mnq_yorb_sizing_O_4_2_1_rc20,MNQ,yearly_orb_high,13900.75,2021-03-18,,{}
mnq_yorb_sizing_O_4_2_1_rc20,MNQ,yearly_orb_low,12207.5,2021-03-18,,{}
mnq_yorb_sizing_O_4_2_1_rc20,MNQ,yearly_orb_high,13900.75,2021-03-19,,{}
mnq_yorb_sizing_O_4_2_1_rc20,MNQ,yearly_orb_low,12207.5,2021-03-19,,{}
mnq_yorb_sizing_O_4_2_1_rc20,MNQ,yearly_orb_high,13900.75,2021-03-21,,{}
mnq_yorb_sizing_O_4_2_1_rc20,MNQ,yearly_orb_low,12207.5,2021-03-21,,{}
mnq_yorb_sizing_O_4_2_1_rc20,MNQ,yearly_orb_high,13900.75,2021-03-22,,{}
mnq_yorb_sizing_O_4_2_1_rc20,MNQ,yearly_orb_low,12207.5,2021-03-22,,{}
mnq_yorb_sizing_O_4_2_1_rc20,MNQ,yearly_orb_high,13900.75,2021-03-23,,{}
mnq_yorb_sizing_O_4_2_1_rc20,MNQ,yearly_orb_low,12207.5,2021-03-23,,{}
mnq_yorb_sizing_O_4_2_1_rc20,MNQ,yearly_orb_high,13900.75,2021-03-24,,{}
mnq_yorb_sizing_O_4_2_1_rc20,MNQ,yearly_orb_low,12207.5,2021-03-24,,{}
mnq_yorb_sizing_O_4_2_1_rc20,MNQ,yearly_orb_high,13900.75,2021-03-25,,{}
mnq_yorb_sizing_O_4_2_1_rc20,MNQ,yearly_orb_low,12207.5,2021-03-25,,{}
mnq_yorb_sizing_O_4_2_1_rc20,MNQ,yearly_orb_high,13900.75,2021-03-26,,{}
mnq_yorb_sizing_O_4_2_1_rc20,MNQ,yearly_orb_low,12207.5,2021-03-26,,{}
mnq_yorb_sizing_O_4_2_1_rc20,MNQ,yearly_orb_high,13900.75,2021-03-28,,{}
mnq_yorb_sizing_O_4_2_1_rc20,MNQ,yearly_orb_low,12207.5,2021-03-28,,{}
mnq_yorb_sizing_O_4_2_1_rc20,MNQ,yearly_orb_high,13900.75,2021-03-29,,{}
mnq_yorb_sizing_O_4_2_1_rc20,MNQ,yearly_orb_low,12207.5,2021-03-29,,{}
mnq_yorb_sizing_O_4_2_1_rc20,MNQ,yearly_orb_high,13900.75,2021-03-30,,{}
mnq_yorb_sizing_O_4_2_1_rc20,MNQ,yearly_orb_low,12207.5,2021-03-30,,{}
mnq_yorb_sizing_O_4_2_1_rc20,MNQ,yearly_orb_high,13900.75,2021-03-31,,{}
mnq_yorb_sizing_O_4_2_1_rc20,MNQ,yearly_orb_low,12207.5,2021-03-31,,{}
mnq_yorb_sizing_O_4_2_1_rc20,MNQ,yearly_orb_high,16420.0,2022-01-02,,{}
mnq_yorb_sizing_O_4_2_1_rc20,MNQ,yearly_orb_low,16355.0,2022-01-02,,{}
mnq_yorb_sizing_O_4_2_1_rc20,MNQ,yearly_orb_high,16509.5,2022-01-03,,{}
mnq_yorb_sizing_O_4_2_1_rc20,MNQ,yearly_orb_low,16291.5,2022-01-03,,{}
mnq_yorb_sizing_O_4_2_1_rc20,MNQ,yearly_orb_high,16564.0,2022-01-04,,{}
mnq_yorb_sizing_O_4_2_1_rc20,MNQ,yearly_orb_low,16139.75,2022-01-04,,{}
mnq_yorb_sizing_O_4_2_1_rc20,MNQ,yearly_orb_high,16564.0,2022-01-05,,{}
mnq_yorb_sizing_O_4_2_1_rc20,MNQ,yearly_orb_low,15712.0,2022-01-05,,{}
mnq_yorb_sizing_O_4_2_1_rc20,MNQ,yearly_orb_high,16564.0,2022-01-06,,{}
mnq_yorb_sizing_O_4_2_1_rc20,MNQ,yearly_orb_low,15598.5,2022-01-06,,{}
mnq_yorb_sizing_O_4_2_1_rc20,MNQ,yearly_orb_high,16564.0,2022-01-07,,{}
mnq_yorb_sizing_O_4_2_1_rc20,MNQ,yearly_orb_low,15510.25,2022-01-07,,{}
mnq_yorb_sizing_O_4_2_1_rc20,MNQ,yearly_orb_high,16564.0,2022-01-09,,{}
mnq_yorb_sizing_O_4_2_1_rc20,MNQ,yearly_orb_low,15510.25,2022-01-09,,{}
mnq_yorb_sizing_O_4_2_1_rc20,MNQ,yearly_orb_high,16564.0,2022-01-10,,{}
mnq_yorb_sizing_O_4_2_1_rc20,MNQ,yearly_orb_low,15152.5,2022-01-10,,{}
mnq_yorb_sizing_O_4_2_1_rc20,MNQ,yearly_orb_high,16564.0,2022-01-11,,{}
mnq_yorb_sizing_O_4_2_1_rc20,MNQ,yearly_orb_low,15152.5,2022-01-11,,{}
mnq_yorb_sizing_O_4_2_1_rc20,MNQ,yearly_orb_high,16564.0,2022-01-12,,{}
mnq_yorb_sizing_O_4_2_1_rc20,MNQ,yearly_orb_low,15152.5,2022-01-12,,{}
mnq_yorb_sizing_O_4_2_1_rc20,MNQ,yearly_orb_high,16564.0,2022-01-13,,{}
mnq_yorb_sizing_O_4_2_1_rc20,MNQ,yearly_orb_low,15152.5,2022-01-13,,{}
mnq_yorb_sizing_O_4_2_1_rc20,MNQ,yearly_orb_high,16564.0,2022-01-14,,{}
mnq_yorb_sizing_O_4_2_1_rc20,MNQ,yearly_orb_low,15152.5,2022-01-14,,{}
mnq_yorb_sizing_O_4_2_1_rc20,MNQ,yearly_orb_high,16564.0,2022-01-16,,{}
mnq_yorb_sizing_O_4_2_1_rc20,MNQ,yearly_orb_low,15152.5,2022-01-16,,{}
mnq_yorb_sizing_O_4_2_1_rc20,MNQ,yearly_orb_high,16564.0,2022-01-17,,{}
mnq_yorb_sizing_O_4_2_1_rc20,MNQ,yearly_orb_low,15152.5,2022-01-17,,{}
mnq_yorb_sizing_O_4_2_1_rc20,MNQ,yearly_orb_high,16564.0,2022-01-18,,{}
mnq_yorb_sizing_O_4_2_1_rc20,MNQ,yearly_orb_low,15152.5,2022-01-18,,{}
mnq_yorb_sizing_O_4_2_1_rc20,MNQ,yearly_orb_high,16564.0,2022-01-19,,{}
mnq_yorb_sizing_O_4_2_1_rc20,MNQ,yearly_orb_low,14993.25,2022-01-19,,{}
mnq_yorb_sizing_O_4_2_1_rc20,MNQ,yearly_orb_high,16564.0,2022-01-20,,{}
mnq_yorb_sizing_O_4_2_1_rc20,MNQ,yearly_orb_low,14646.75,2022-01-20,,{}
mnq_yorb_sizing_O_4_2_1_rc20,MNQ,yearly_orb_high,16564.0,2022-01-21,,{}
mnq_yorb_sizing_O_4_2_1_rc20,MNQ,yearly_orb_low,14408.25,2022-01-21,,{}
mnq_yorb_sizing_O_4_2_1_rc20,MNQ,yearly_orb_high,16564.0,2022-01-23,,{}
mnq_yorb_sizing_O_4_2_1_rc20,MNQ,yearly_orb_low,14377.75,2022-01-23,,{}
mnq_yorb_sizing_O_4_2_1_rc20,MNQ,yearly_orb_high,16564.0,2022-01-24,,{}
mnq_yorb_sizing_O_4_2_1_rc20,MNQ,yearly_orb_low,13706.25,2022-01-24,,{}
mnq_yorb_sizing_O_4_2_1_rc20,MNQ,yearly_orb_high,16564.0,2022-01-25,,{}
mnq_yorb_sizing_O_4_2_1_rc20,MNQ,yearly_orb_low,13706.25,2022-01-25,,{}
mnq_yorb_sizing_O_4_2_1_rc20,MNQ,yearly_orb_high,16564.0,2022-01-26,,{}
mnq_yorb_sizing_O_4_2_1_rc20,MNQ,yearly_orb_low,13706.25,2022-01-26,,{}
mnq_yorb_sizing_O_4_2_1_rc20,MNQ,yearly_orb_high,16564.0,2022-01-27,,{}
mnq_yorb_sizing_O_4_2_1_rc20,MNQ,yearly_orb_low,13706.25,2022-01-27,,{}
mnq_yorb_sizing_O_4_2_1_rc20,MNQ,yearly_orb_high,16564.0,2022-01-28,,{}
mnq_yorb_sizing_O_4_2_1_rc20,MNQ,yearly_orb_low,13706.25,2022-01-28,,{}
mnq_yorb_sizing_O_4_2_1_rc20,MNQ,yearly_orb_high,16564.0,2022-01-30,,{}
mnq_yorb_sizing_O_4_2_1_rc20,MNQ,yearly_orb_low,13706.25,2022-01-30,,{}
mnq_yorb_sizing_O_4_2_1_rc20,MNQ,yearly_orb_high,16564.0,2022-01-31,,{}
mnq_yorb_sizing_O_4_2_1_rc20,MNQ,yearly_orb_low,13706.25,2022-01-31,,{}
mnq_yorb_sizing_O_4_2_1_rc20,MNQ,yearly_orb_high,16564.0,2022-02-01,,{}
mnq_yorb_sizing_O_4_2_1_rc20,MNQ,yearly_orb_low,13706.25,2022-02-01,,{}
mnq_yorb_sizing_O_4_2_1_rc20,MNQ,yearly_orb_high,16564.0,2022-02-02,,{}
mnq_yorb_sizing_O_4_2_1_rc20,MNQ,yearly_orb_low,13706.25,2022-02-02,,{}
mnq_yorb_sizing_O_4_2_1_rc20,MNQ,yearly_orb_high,16564.0,2022-02-03,,{}
mnq_yorb_sizing_O_4_2_1_rc20,MNQ,yearly_orb_low,13706.25,2022-02-03,,{}
mnq_yorb_sizing_O_4_2_1_rc20,MNQ,yearly_orb_high,16564.0,2022-02-04,,{}
mnq_yorb_sizing_O_4_2_1_rc20,MNQ,yearly_orb_low,13706.25,2022-02-04,,{}
mnq_yorb_sizing_O_4_2_1_rc20,MNQ,yearly_orb_high,16564.0,2022-02-06,,{}
mnq_yorb_sizing_O_4_2_1_rc20,MNQ,yearly_orb_low,13706.25,2022-02-06,,{}
mnq_yorb_sizing_O_4_2_1_rc20,MNQ,yearly_orb_high,16564.0,2022-02-07,,{}
mnq_yorb_sizing_O_4_2_1_rc20,MNQ,yearly_orb_low,13706.25,2022-02-07,,{}
mnq_yorb_sizing_O_4_2_1_rc20,MNQ,yearly_orb_high,16564.0,2022-02-08,,{}
mnq_yorb_sizing_O_4_2_1_rc20,MNQ,yearly_orb_low,13706.25,2022-02-08,,{}
mnq_yorb_sizing_O_4_2_1_rc20,MNQ,yearly_orb_high,16564.0,2022-02-09,,{}
mnq_yorb_sizing_O_4_2_1_rc20,MNQ,yearly_orb_low,13706.25,2022-02-09,,{}
mnq_yorb_sizing_O_4_2_1_rc20,MNQ,yearly_orb_high,16564.0,2022-02-10,,{}
mnq_yorb_sizing_O_4_2_1_rc20,MNQ,yearly_orb_low,13706.25,2022-02-10,,{}
mnq_yorb_sizing_O_4_2_1_rc20,MNQ,yearly_orb_high,16564.0,2022-02-11,,{}
mnq_yorb_sizing_O_4_2_1_rc20,MNQ,yearly_orb_low,13706.25,2022-02-11,,{}
mnq_yorb_sizing_O_4_2_1_rc20,MNQ,yearly_orb_high,16564.0,2022-02-13,,{}
mnq_yorb_sizing_O_4_2_1_rc20,MNQ,yearly_orb_low,13706.25,2022-02-13,,{}
mnq_yorb_sizing_O_4_2_1_rc20,MNQ,yearly_orb_high,16564.0,2022-02-14,,{}
mnq_yorb_sizing_O_4_2_1_rc20,MNQ,yearly_orb_low,13706.25,2022-02-14,,{}
mnq_yorb_sizing_O_4_2_1_rc20,MNQ,yearly_orb_high,16564.0,2022-02-15,,{}
mnq_yorb_sizing_O_4_2_1_rc20,MNQ,yearly_orb_low,13706.25,2022-02-15,,{}
mnq_yorb_sizing_O_4_2_1_rc20,MNQ,yearly_orb_high,16564.0,2022-02-16,,{}
mnq_yorb_sizing_O_4_2_1_rc20,MNQ,yearly_orb_low,13706.25,2022-02-16,,{}
mnq_yorb_sizing_O_4_2_1_rc20,MNQ,yearly_orb_high,16564.0,2022-02-17,,{}
mnq_yorb_sizing_O_4_2_1_rc20,MNQ,yearly_orb_low,13706.25,2022-02-17,,{}
mnq_yorb_sizing_O_4_2_1_rc20,MNQ,yearly_orb_high,16564.0,2022-02-18,,{}
mnq_yorb_sizing_O_4_2_1_rc20,MNQ,yearly_orb_low,13706.25,2022-02-18,,{}
mnq_yorb_sizing_O_4_2_1_rc20,MNQ,yearly_orb_high,16564.0,2022-02-20,,{}
mnq_yorb_sizing_O_4_2_1_rc20,MNQ,yearly_orb_low,13706.25,2022-02-20,,{}
mnq_yorb_sizing_O_4_2_1_rc20,MNQ,yearly_orb_high,16564.0,2022-02-21,,{}
mnq_yorb_sizing_O_4_2_1_rc20,MNQ,yearly_orb_low,13592.25,2022-02-21,,{}
mnq_yorb_sizing_O_4_2_1_rc20,MNQ,yearly_orb_high,16564.0,2022-02-22,,{}
mnq_yorb_sizing_O_4_2_1_rc20,MNQ,yearly_orb_low,13592.25,2022-02-22,,{}
mnq_yorb_sizing_O_4_2_1_rc20,MNQ,yearly_orb_high,16564.0,2022-02-23,,{}
mnq_yorb_sizing_O_4_2_1_rc20,MNQ,yearly_orb_low,13457.25,2022-02-23,,{}
mnq_yorb_sizing_O_4_2_1_rc20,MNQ,yearly_orb_high,16564.0,2022-02-24,,{}
mnq_yorb_sizing_O_4_2_1_rc20,MNQ,yearly_orb_low,13025.75,2022-02-24,,{}
mnq_yorb_sizing_O_4_2_1_rc20,MNQ,yearly_orb_high,16564.0,2022-02-25,,{}
mnq_yorb_sizing_O_4_2_1_rc20,MNQ,yearly_orb_low,13025.75,2022-02-25,,{}
mnq_yorb_sizing_O_4_2_1_rc20,MNQ,yearly_orb_high,16564.0,2022-02-27,,{}
mnq_yorb_sizing_O_4_2_1_rc20,MNQ,yearly_orb_low,13025.75,2022-02-27,,{}
mnq_yorb_sizing_O_4_2_1_rc20,MNQ,yearly_orb_high,16564.0,2022-02-28,,{}
mnq_yorb_sizing_O_4_2_1_rc20,MNQ,yearly_orb_low,13025.75,2022-02-28,,{}
mnq_yorb_sizing_O_4_2_1_rc20,MNQ,yearly_orb_high,16564.0,2022-03-01,,{}
mnq_yorb_sizing_O_4_2_1_rc20,MNQ,yearly_orb_low,13025.75,2022-03-01,,{}
mnq_yorb_sizing_O_4_2_1_rc20,MNQ,yearly_orb_high,16564.0,2022-03-02,,{}
mnq_yorb_sizing_O_4_2_1_rc20,MNQ,yearly_orb_low,13025.75,2022-03-02,,{}
mnq_yorb_sizing_O_4_2_1_rc20,MNQ,yearly_orb_high,16564.0,2022-03-03,,{}
mnq_yorb_sizing_O_4_2_1_rc20,MNQ,yearly_orb_low,13025.75,2022-03-03,,{}
mnq_yorb_sizing_O_4_2_1_rc20,MNQ,yearly_orb_high,16564.0,2022-03-04,,{}
mnq_yorb_sizing_O_4_2_1_rc20,MNQ,yearly_orb_low,13025.75,2022-03-04,,{}
mnq_yorb_sizing_O_4_2_1_rc20,MNQ,yearly_orb_high,16564.0,2022-03-06,,{}
mnq_yorb_sizing_O_4_2_1_rc20,MNQ,yearly_orb_low,13025.75,2022-03-06,,{}
mnq_yorb_sizing_O_4_2_1_rc20,MNQ,yearly_orb_high,16564.0,2022-03-07,,{}
mnq_yorb_sizing_O_4_2_1_rc20,MNQ,yearly_orb_low,13025.75,2022-03-07,,{}
mnq_yorb_sizing_O_4_2_1_rc20,MNQ,yearly_orb_high,16564.0,2022-03-08,,{}
mnq_yorb_sizing_O_4_2_1_rc20,MNQ,yearly_orb_low,13025.75,2022-03-08,,{}
mnq_yorb_sizing_O_4_2_1_rc20,MNQ,yearly_orb_high,16564.0,2022-03-09,,{}
mnq_yorb_sizing_O_4_2_1_rc20,MNQ,yearly_orb_low,13025.75,2022-03-09,,{}
mnq_yorb_sizing_O_4_2_1_rc20,MNQ,yearly_orb_high,16564.0,2022-03-10,,{}
mnq_yorb_sizing_O_4_2_1_rc20,MNQ,yearly_orb_low,13025.75,2022-03-10,,{}
mnq_yorb_sizing_O_4_2_1_rc20,MNQ,yearly_orb_high,16564.0,2022-03-11,,{}
mnq_yorb_sizing_O_4_2_1_rc20,MNQ,yearly_orb_low,13025.75,2022-03-11,,{}
mnq_yorb_sizing_O_4_2_1_rc20,MNQ,yearly_orb_high,16564.0,2022-03-13,,{}
mnq_yorb_sizing_O_4_2_1_rc20,MNQ,yearly_orb_low,13025.75,2022-03-13,,{}
mnq_yorb_sizing_O_4_2_1_rc20,MNQ,yearly_orb_high,16564.0,2022-03-14,,{}
mnq_yorb_sizing_O_4_2_1_rc20,MNQ,yearly_orb_low,13013.5,2022-03-14,,{}
mnq_yorb_sizing_O_4_2_1_rc20,MNQ,yearly_orb_high,16564.0,2022-03-15,,{}
mnq_yorb_sizing_O_4_2_1_rc20,MNQ,yearly_orb_low,12941.75,2022-03-15,,{}
mnq_yorb_sizing_O_4_2_1_rc20,MNQ,yearly_orb_high,16564.0,2022-03-16,,{}
mnq_yorb_sizing_O_4_2_1_rc20,MNQ,yearly_orb_low,12941.75,2022-03-16,,{}
mnq_yorb_sizing_O_4_2_1_rc20,MNQ,yearly_orb_high,16564.0,2022-03-17,,{}
mnq_yorb_sizing_O_4_2_1_rc20,MNQ,yearly_orb_low,12941.75,2022-03-17,,{}
mnq_yorb_sizing_O_4_2_1_rc20,MNQ,yearly_orb_high,16564.0,2022-03-18,,{}
mnq_yorb_sizing_O_4_2_1_rc20,MNQ,yearly_orb_low,12941.75,2022-03-18,,{}
mnq_yorb_sizing_O_4_2_1_rc20,MNQ,yearly_orb_high,16564.0,2022-03-20,,{}
mnq_yorb_sizing_O_4_2_1_rc20,MNQ,yearly_orb_low,12941.75,2022-03-20,,{}
mnq_yorb_sizing_O_4_2_1_rc20,MNQ,yearly_orb_high,16564.0,2022-03-21,,{}
mnq_yorb_sizing_O_4_2_1_rc20,MNQ,yearly_orb_low,12941.75,2022-03-21,,{}
mnq_yorb_sizing_O_4_2_1_rc20,MNQ,yearly_orb_high,16564.0,2022-03-22,,{}
mnq_yorb_sizing_O_4_2_1_rc20,MNQ,yearly_orb_low,12941.75,2022-03-22,,{}
mnq_yorb_sizing_O_4_2_1_rc20,MNQ,yearly_orb_high,16564.0,2022-03-23,,{}
mnq_yorb_sizing_O_4_2_1_rc20,MNQ,yearly_orb_low,12941.75,2022-03-23,,{}
mnq_yorb_sizing_O_4_2_1_rc20,MNQ,yearly_orb_high,16564.0,2022-03-24,,{}
mnq_yorb_sizing_O_4_2_1_rc20,MNQ,yearly_orb_low,12941.75,2022-03-24,,{}
mnq_yorb_sizing_O_4_2_1_rc20,MNQ,yearly_orb_high,16564.0,2022-03-25,,{}
mnq_yorb_sizing_O_4_2_1_rc20,MNQ,yearly_orb_low,12941.75,2022-03-25,,{}
mnq_yorb_sizing_O_4_2_1_rc20,MNQ,yearly_orb_high,16564.0,2022-03-27,,{}
mnq_yorb_sizing_O_4_2_1_rc20,MNQ,yearly_orb_low,12941.75,2022-03-27,,{}
mnq_yorb_sizing_O_4_2_1_rc20,MNQ,yearly_orb_high,16564.0,2022-03-28,,{}
mnq_yorb_sizing_O_4_2_1_rc20,MNQ,yearly_orb_low,12941.75,2022-03-28,,{}
mnq_yorb_sizing_O_4_2_1_rc20,MNQ,yearly_orb_high,16564.0,2022-03-29,,{}
mnq_yorb_sizing_O_4_2_1_rc20,MNQ,yearly_orb_low,12941.75,2022-03-29,,{}
mnq_yorb_sizing_O_4_2_1_rc20,MNQ,yearly_orb_high,16564.0,2022-03-30,,{}
mnq_yorb_sizing_O_4_2_1_rc20,MNQ,yearly_orb_low,12941.75,2022-03-30,,{}
mnq_yorb_sizing_O_4_2_1_rc20,MNQ,yearly_orb_high,16564.0,2022-03-31,,{}
mnq_yorb_sizing_O_4_2_1_rc20,MNQ,yearly_orb_low,12941.75,2022-03-31,,{}
mnq_yorb_sizing_O_4_2_1_rc20,MNQ,yearly_orb_high,11151.0,2023-01-02,,{}
mnq_yorb_sizing_O_4_2_1_rc20,MNQ,yearly_orb_low,11037.5,2023-01-02,,{}
mnq_yorb_sizing_O_4_2_1_rc20,MNQ,yearly_orb_high,11181.75,2023-01-03,,{}
mnq_yorb_sizing_O_4_2_1_rc20,MNQ,yearly_orb_low,10844.25,2023-01-03,,{}
mnq_yorb_sizing_O_4_2_1_rc20,MNQ,yearly_orb_high,11181.75,2023-01-04,,{}
mnq_yorb_sizing_O_4_2_1_rc20,MNQ,yearly_orb_low,10844.25,2023-01-04,,{}
mnq_yorb_sizing_O_4_2_1_rc20,MNQ,yearly_orb_high,11181.75,2023-01-05,,{}
mnq_yorb_sizing_O_4_2_1_rc20,MNQ,yearly_orb_low,10804.75,2023-01-05,,{}
mnq_yorb_sizing_O_4_2_1_rc20,MNQ,yearly_orb_high,11181.75,2023-01-06,,{}
mnq_yorb_sizing_O_4_2_1_rc20,MNQ,yearly_orb_low,10751.0,2023-01-06,,{}
mnq_yorb_sizing_O_4_2_1_rc20,MNQ,yearly_orb_high,11181.75,2023-01-08,,{}
mnq_yorb_sizing_O_4_2_1_rc20,MNQ,yearly_orb_low,10751.0,2023-01-08,,{}
mnq_yorb_sizing_O_4_2_1_rc20,MNQ,yearly_orb_high,11385.5,2023-01-09,,{}
mnq_yorb_sizing_O_4_2_1_rc20,MNQ,yearly_orb_low,10751.0,2023-01-09,,{}
mnq_yorb_sizing_O_4_2_1_rc20,MNQ,yearly_orb_high,11385.5,2023-01-10,,{}
mnq_yorb_sizing_O_4_2_1_rc20,MNQ,yearly_orb_low,10751.0,2023-01-10,,{}
mnq_yorb_sizing_O_4_2_1_rc20,MNQ,yearly_orb_high,11480.0,2023-01-11,,{}
mnq_yorb_sizing_O_4_2_1_rc20,MNQ,yearly_orb_low,10751.0,2023-01-11,,{}
mnq_yorb_sizing_O_4_2_1_rc20,MNQ,yearly_orb_high,11580.0,2023-01-12,,{}
mnq_yorb_sizing_O_4_2_1_rc20,MNQ,yearly_orb_low,10751.0,2023-01-12,,{}
mnq_yorb_sizing_O_4_2_1_rc20,MNQ,yearly_orb_high,11619.25,2023-01-13,,{}
mnq_yorb_sizing_O_4_2_1_rc20,MNQ,yearly_orb_low,10751.0,2023-01-13,,{}
mnq_yorb_sizing_O_4_2_1_rc20,MNQ,yearly_orb_high,11620.0,2023-01-15,,{}
mnq_yorb_sizing_O_4_2_1_rc20,MNQ,yearly_orb_low,10751.0,2023-01-15,,{}
mnq_yorb_sizing_O_4_2_1_rc20,MNQ,yearly_orb_high,11638.25,2023-01-16,,{}
mnq_yorb_sizing_O_4_2_1_rc20,MNQ,yearly_orb_low,10751.0,2023-01-16,,{}
mnq_yorb_sizing_O_4_2_1_rc20,MNQ,yearly_orb_high,11685.0,2023-01-17,,{}
mnq_yorb_sizing_O_4_2_1_rc20,MNQ,yearly_orb_low,10751.0,2023-01-17,,{}
mnq_yorb_sizing_O_4_2_1_rc20,MNQ,yearly_orb_high,11759.5,2023-01-18,,{}
mnq_yorb_sizing_O_4_2_1_rc20,MNQ,yearly_orb_low,10751.0,2023-01-18,,{}
mnq_yorb_sizing_O_4_2_1_rc20,MNQ,yearly_orb_high,11759.5,2023-01-19,,{}
mnq_yorb_sizing_O_4_2_1_rc20,MNQ,yearly_orb_low,10751.0,2023-01-19,,{}
mnq_yorb_sizing_O_4_2_1_rc20,MNQ,yearly_orb_high,11759.5,2023-01-20,,{}
mnq_yorb_sizing_O_4_2_1_rc20,MNQ,yearly_orb_low,10751.0,2023-01-20,,{}
mnq_yorb_sizing_O_4_2_1_rc20,MNQ,yearly_orb_high,11759.5,2023-01-22,,{}
mnq_yorb_sizing_O_4_2_1_rc20,MNQ,yearly_orb_low,10751.0,2023-01-22,,{}
mnq_yorb_sizing_O_4_2_1_rc20,MNQ,yearly_orb_high,11983.0,2023-01-23,,{}
mnq_yorb_sizing_O_4_2_1_rc20,MNQ,yearly_orb_low,10751.0,2023-01-23,,{}
mnq_yorb_sizing_O_4_2_1_rc20,MNQ,yearly_orb_high,12010.0,2023-01-24,,{}
mnq_yorb_sizing_O_4_2_1_rc20,MNQ,yearly_orb_low,10751.0,2023-01-24,,{}
mnq_yorb_sizing_O_4_2_1_rc20,MNQ,yearly_orb_high,12010.0,2023-01-25,,{}
mnq_yorb_sizing_O_4_2_1_rc20,MNQ,yearly_orb_low,10751.0,2023-01-25,,{}
mnq_yorb_sizing_O_4_2_1_rc20,MNQ,yearly_orb_high,12113.25,2023-01-26,,{}
mnq_yorb_sizing_O_4_2_1_rc20,MNQ,yearly_orb_low,10751.0,2023-01-26,,{}
mnq_yorb_sizing_O_4_2_1_rc20,MNQ,yearly_orb_high,12308.0,2023-01-27,,{}
mnq_yorb_sizing_O_4_2_1_rc20,MNQ,yearly_orb_low,10751.0,2023-01-27,,{}
mnq_yorb_sizing_O_4_2_1_rc20,MNQ,yearly_orb_high,12308.0,2023-01-29,,{}
mnq_yorb_sizing_O_4_2_1_rc20,MNQ,yearly_orb_low,10751.0,2023-01-29,,{}
mnq_yorb_sizing_O_4_2_1_rc20,MNQ,yearly_orb_high,12308.0,2023-01-30,,{}
mnq_yorb_sizing_O_4_2_1_rc20,MNQ,yearly_orb_low,10751.0,2023-01-30,,{}
mnq_yorb_sizing_O_4_2_1_rc20,MNQ,yearly_orb_high,12308.0,2023-01-31,,{}
mnq_yorb_sizing_O_4_2_1_rc20,MNQ,yearly_orb_low,10751.0,2023-01-31,,{}
mnq_yorb_sizing_O_4_2_1_rc20,MNQ,yearly_orb_high,12559.75,2023-02-01,,{}
mnq_yorb_sizing_O_4_2_1_rc20,MNQ,yearly_orb_low,10751.0,2023-02-01,,{}
mnq_yorb_sizing_O_4_2_1_rc20,MNQ,yearly_orb_high,12950.0,2023-02-02,,{}
mnq_yorb_sizing_O_4_2_1_rc20,MNQ,yearly_orb_low,10751.0,2023-02-02,,{}
mnq_yorb_sizing_O_4_2_1_rc20,MNQ,yearly_orb_high,12950.0,2023-02-03,,{}
mnq_yorb_sizing_O_4_2_1_rc20,MNQ,yearly_orb_low,10751.0,2023-02-03,,{}
mnq_yorb_sizing_O_4_2_1_rc20,MNQ,yearly_orb_high,12950.0,2023-02-05,,{}
mnq_yorb_sizing_O_4_2_1_rc20,MNQ,yearly_orb_low,10751.0,2023-02-05,,{}
mnq_yorb_sizing_O_4_2_1_rc20,MNQ,yearly_orb_high,12950.0,2023-02-06,,{}
mnq_yorb_sizing_O_4_2_1_rc20,MNQ,yearly_orb_low,10751.0,2023-02-06,,{}
mnq_yorb_sizing_O_4_2_1_rc20,MNQ,yearly_orb_high,12950.0,2023-02-07,,{}
mnq_yorb_sizing_O_4_2_1_rc20,MNQ,yearly_orb_low,10751.0,2023-02-07,,{}
mnq_yorb_sizing_O_4_2_1_rc20,MNQ,yearly_orb_high,12950.0,2023-02-08,,{}
mnq_yorb_sizing_O_4_2_1_rc20,MNQ,yearly_orb_low,10751.0,2023-02-08,,{}
mnq_yorb_sizing_O_4_2_1_rc20,MNQ,yearly_orb_high,12950.0,2023-02-09,,{}
mnq_yorb_sizing_O_4_2_1_rc20,MNQ,yearly_orb_low,10751.0,2023-02-09,,{}
mnq_yorb_sizing_O_4_2_1_rc20,MNQ,yearly_orb_high,12950.0,2023-02-10,,{}
mnq_yorb_sizing_O_4_2_1_rc20,MNQ,yearly_orb_low,10751.0,2023-02-10,,{}
mnq_yorb_sizing_O_4_2_1_rc20,MNQ,yearly_orb_high,12950.0,2023-02-12,,{}
mnq_yorb_sizing_O_4_2_1_rc20,MNQ,yearly_orb_low,10751.0,2023-02-12,,{}
mnq_yorb_sizing_O_4_2_1_rc20,MNQ,yearly_orb_high,12950.0,2023-02-13,,{}
mnq_yorb_sizing_O_4_2_1_rc20,MNQ,yearly_orb_low,10751.0,2023-02-13,,{}
mnq_yorb_sizing_O_4_2_1_rc20,MNQ,yearly_orb_high,12950.0,2023-02-14,,{}
mnq_yorb_sizing_O_4_2_1_rc20,MNQ,yearly_orb_low,10751.0,2023-02-14,,{}
mnq_yorb_sizing_O_4_2_1_rc20,MNQ,yearly_orb_high,12950.0,2023-02-15,,{}
mnq_yorb_sizing_O_4_2_1_rc20,MNQ,yearly_orb_low,10751.0,2023-02-15,,{}
mnq_yorb_sizing_O_4_2_1_rc20,MNQ,yearly_orb_high,12950.0,2023-02-16,,{}
mnq_yorb_sizing_O_4_2_1_rc20,MNQ,yearly_orb_low,10751.0,2023-02-16,,{}
mnq_yorb_sizing_O_4_2_1_rc20,MNQ,yearly_orb_high,12950.0,2023-02-17,,{}
mnq_yorb_sizing_O_4_2_1_rc20,MNQ,yearly_orb_low,10751.0,2023-02-17,,{}
mnq_yorb_sizing_O_4_2_1_rc20,MNQ,yearly_orb_high,12950.0,2023-02-19,,{}
mnq_yorb_sizing_O_4_2_1_rc20,MNQ,yearly_orb_low,10751.0,2023-02-19,,{}
mnq_yorb_sizing_O_4_2_1_rc20,MNQ,yearly_orb_high,12950.0,2023-02-20,,{}
mnq_yorb_sizing_O_4_2_1_rc20,MNQ,yearly_orb_low,10751.0,2023-02-20,,{}
mnq_yorb_sizing_O_4_2_1_rc20,MNQ,yearly_orb_high,12950.0,2023-02-21,,{}
mnq_yorb_sizing_O_4_2_1_rc20,MNQ,yearly_orb_low,10751.0,2023-02-21,,{}
mnq_yorb_sizing_O_4_2_1_rc20,MNQ,yearly_orb_high,12950.0,2023-02-22,,{}
mnq_yorb_sizing_O_4_2_1_rc20,MNQ,yearly_orb_low,10751.0,2023-02-22,,{}
mnq_yorb_sizing_O_4_2_1_rc20,MNQ,yearly_orb_high,12950.0,2023-02-23,,{}
mnq_yorb_sizing_O_4_2_1_rc20,MNQ,yearly_orb_low,10751.0,2023-02-23,,{}
mnq_yorb_sizing_O_4_2_1_rc20,MNQ,yearly_orb_high,12950.0,2023-02-24,,{}
mnq_yorb_sizing_O_4_2_1_rc20,MNQ,yearly_orb_low,10751.0,2023-02-24,,{}
mnq_yorb_sizing_O_4_2_1_rc20,MNQ,yearly_orb_high,12950.0,2023-02-26,,{}
mnq_yorb_sizing_O_4_2_1_rc20,MNQ,yearly_orb_low,10751.0,2023-02-26,,{}
mnq_yorb_sizing_O_4_2_1_rc20,MNQ,yearly_orb_high,12950.0,2023-02-27,,{}
mnq_yorb_sizing_O_4_2_1_rc20,MNQ,yearly_orb_low,10751.0,2023-02-27,,{}
mnq_yorb_sizing_O_4_2_1_rc20,MNQ,yearly_orb_high,12950.0,2023-02-28,,{}
mnq_yorb_sizing_O_4_2_1_rc20,MNQ,yearly_orb_low,10751.0,2023-02-28,,{}
mnq_yorb_sizing_O_4_2_1_rc20,MNQ,yearly_orb_high,12950.0,2023-03-01,,{}
mnq_yorb_sizing_O_4_2_1_rc20,MNQ,yearly_orb_low,10751.0,2023-03-01,,{}
mnq_yorb_sizing_O_4_2_1_rc20,MNQ,yearly_orb_high,12950.0,2023-03-02,,{}
mnq_yorb_sizing_O_4_2_1_rc20,MNQ,yearly_orb_low,10751.0,2023-03-02,,{}
mnq_yorb_sizing_O_4_2_1_rc20,MNQ,yearly_orb_high,12950.0,2023-03-03,,{}
mnq_yorb_sizing_O_4_2_1_rc20,MNQ,yearly_orb_low,10751.0,2023-03-03,,{}
mnq_yorb_sizing_O_4_2_1_rc20,MNQ,yearly_orb_high,12950.0,2023-03-05,,{}
mnq_yorb_sizing_O_4_2_1_rc20,MNQ,yearly_orb_low,10751.0,2023-03-05,,{}
mnq_yorb_sizing_O_4_2_1_rc20,MNQ,yearly_orb_high,12950.0,2023-03-06,,{}
mnq_yorb_sizing_O_4_2_1_rc20,MNQ,yearly_orb_low,10751.0,2023-03-06,,{}
mnq_yorb_sizing_O_4_2_1_rc20,MNQ,yearly_orb_high,12950.0,2023-03-07,,{}
mnq_yorb_sizing_O_4_2_1_rc20,MNQ,yearly_orb_low,10751.0,2023-03-07,,{}
mnq_yorb_sizing_O_4_2_1_rc20,MNQ,yearly_orb_high,12950.0,2023-03-08,,{}
mnq_yorb_sizing_O_4_2_1_rc20,MNQ,yearly_orb_low,10751.0,2023-03-08,,{}
mnq_yorb_sizing_O_4_2_1_rc20,MNQ,yearly_orb_high,12950.0,2023-03-09,,{}
mnq_yorb_sizing_O_4_2_1_rc20,MNQ,yearly_orb_low,10751.0,2023-03-09,,{}
mnq_yorb_sizing_O_4_2_1_rc20,MNQ,yearly_orb_high,12950.0,2023-03-10,,{}
mnq_yorb_sizing_O_4_2_1_rc20,MNQ,yearly_orb_low,10751.0,2023-03-10,,{}
mnq_yorb_sizing_O_4_2_1_rc20,MNQ,yearly_orb_high,12950.0,2023-03-12,,{}
mnq_yorb_sizing_O_4_2_1_rc20,MNQ,yearly_orb_low,10751.0,2023-03-12,,{}
mnq_yorb_sizing_O_4_2_1_rc20,MNQ,yearly_orb_high,12950.0,2023-03-13,,{}
mnq_yorb_sizing_O_4_2_1_rc20,MNQ,yearly_orb_low,10751.0,2023-03-13,,{}
mnq_yorb_sizing_O_4_2_1_rc20,MNQ,yearly_orb_high,12950.0,2023-03-14,,{}
mnq_yorb_sizing_O_4_2_1_rc20,MNQ,yearly_orb_low,10751.0,2023-03-14,,{}
mnq_yorb_sizing_O_4_2_1_rc20,MNQ,yearly_orb_high,12950.0,2023-03-15,,{}
mnq_yorb_sizing_O_4_2_1_rc20,MNQ,yearly_orb_low,10751.0,2023-03-15,,{}
mnq_yorb_sizing_O_4_2_1_rc20,MNQ,yearly_orb_high,12950.0,2023-03-16,,{}
mnq_yorb_sizing_O_4_2_1_rc20,MNQ,yearly_orb_low,10751.0,2023-03-16,,{}
mnq_yorb_sizing_O_4_2_1_rc20,MNQ,yearly_orb_high,12950.0,2023-03-17,,{}
mnq_yorb_sizing_O_4_2_1_rc20,MNQ,yearly_orb_low,10751.0,2023-03-17,,{}
mnq_yorb_sizing_O_4_2_1_rc20,MNQ,yearly_orb_high,12950.0,2023-03-19,,{}
mnq_yorb_sizing_O_4_2_1_rc20,MNQ,yearly_orb_low,10751.0,2023-03-19,,{}
mnq_yorb_sizing_O_4_2_1_rc20,MNQ,yearly_orb_high,12950.0,2023-03-20,,{}
mnq_yorb_sizing_O_4_2_1_rc20,MNQ,yearly_orb_low,10751.0,2023-03-20,,{}
mnq_yorb_sizing_O_4_2_1_rc20,MNQ,yearly_orb_high,12950.0,2023-03-21,,{}
mnq_yorb_sizing_O_4_2_1_rc20,MNQ,yearly_orb_low,10751.0,2023-03-21,,{}
mnq_yorb_sizing_O_4_2_1_rc20,MNQ,yearly_orb_high,13081.75,2023-03-22,,{}
mnq_yorb_sizing_O_4_2_1_rc20,MNQ,yearly_orb_low,10751.0,2023-03-22,,{}
mnq_yorb_sizing_O_4_2_1_rc20,MNQ,yearly_orb_high,13081.75,2023-03-23,,{}
mnq_yorb_sizing_O_4_2_1_rc20,MNQ,yearly_orb_low,10751.0,2023-03-23,,{}
mnq_yorb_sizing_O_4_2_1_rc20,MNQ,yearly_orb_high,13081.75,2023-03-24,,{}
mnq_yorb_sizing_O_4_2_1_rc20,MNQ,yearly_orb_low,10751.0,2023-03-24,,{}
mnq_yorb_sizing_O_4_2_1_rc20,MNQ,yearly_orb_high,13081.75,2023-03-26,,{}
mnq_yorb_sizing_O_4_2_1_rc20,MNQ,yearly_orb_low,10751.0,2023-03-26,,{}
mnq_yorb_sizing_O_4_2_1_rc20,MNQ,yearly_orb_high,13081.75,2023-03-27,,{}
mnq_yorb_sizing_O_4_2_1_rc20,MNQ,yearly_orb_low,10751.0,2023-03-27,,{}
mnq_yorb_sizing_O_4_2_1_rc20,MNQ,yearly_orb_high,13081.75,2023-03-28,,{}
mnq_yorb_sizing_O_4_2_1_rc20,MNQ,yearly_orb_low,10751.0,2023-03-28,,{}
mnq_yorb_sizing_O_4_2_1_rc20,MNQ,yearly_orb_high,13081.75,2023-03-29,,{}
mnq_yorb_sizing_O_4_2_1_rc20,MNQ,yearly_orb_low,10751.0,2023-03-29,,{}
mnq_yorb_sizing_O_4_2_1_rc20,MNQ,yearly_orb_high,13112.0,2023-03-30,,{}
mnq_yorb_sizing_O_4_2_1_rc20,MNQ,yearly_orb_low,10751.0,2023-03-30,,{}
mnq_yorb_sizing_O_4_2_1_rc20,MNQ,yearly_orb_high,13311.5,2023-03-31,,{}
mnq_yorb_sizing_O_4_2_1_rc20,MNQ,yearly_orb_low,10751.0,2023-03-31,,{}
mnq_yorb_sizing_O_4_2_1_rc20,MNQ,yearly_orb_high,17037.0,2024-01-01,,{}
mnq_yorb_sizing_O_4_2_1_rc20,MNQ,yearly_orb_low,17013.75,2024-01-01,,{}
mnq_yorb_sizing_O_4_2_1_rc20,MNQ,yearly_orb_high,17038.5,2024-01-02,,{}
mnq_yorb_sizing_O_4_2_1_rc20,MNQ,yearly_orb_low,16622.0,2024-01-02,,{}
mnq_yorb_sizing_O_4_2_1_rc20,MNQ,yearly_orb_high,17038.5,2024-01-03,,{}
mnq_yorb_sizing_O_4_2_1_rc20,MNQ,yearly_orb_low,16522.25,2024-01-03,,{}
mnq_yorb_sizing_O_4_2_1_rc20,MNQ,yearly_orb_high,17038.5,2024-01-04,,{}
mnq_yorb_sizing_O_4_2_1_rc20,MNQ,yearly_orb_low,16435.75,2024-01-04,,{}
mnq_yorb_sizing_O_4_2_1_rc20,MNQ,yearly_orb_high,17038.5,2024-01-05,,{}
mnq_yorb_sizing_O_4_2_1_rc20,MNQ,yearly_orb_low,16334.25,2024-01-05,,{}
mnq_yorb_sizing_O_4_2_1_rc20,MNQ,yearly_orb_high,17038.5,2024-01-07,,{}
mnq_yorb_sizing_O_4_2_1_rc20,MNQ,yearly_orb_low,16334.25,2024-01-07,,{}
mnq_yorb_sizing_O_4_2_1_rc20,MNQ,yearly_orb_high,17038.5,2024-01-08,,{}
mnq_yorb_sizing_O_4_2_1_rc20,MNQ,yearly_orb_low,16334.25,2024-01-08,,{}
mnq_yorb_sizing_O_4_2_1_rc20,MNQ,yearly_orb_high,17038.5,2024-01-09,,{}
mnq_yorb_sizing_O_4_2_1_rc20,MNQ,yearly_orb_low,16334.25,2024-01-09,,{}
mnq_yorb_sizing_O_4_2_1_rc20,MNQ,yearly_orb_high,17038.5,2024-01-10,,{}
mnq_yorb_sizing_O_4_2_1_rc20,MNQ,yearly_orb_low,16334.25,2024-01-10,,{}
mnq_yorb_sizing_O_4_2_1_rc20,MNQ,yearly_orb_high,17056.0,2024-01-11,,{}
mnq_yorb_sizing_O_4_2_1_rc20,MNQ,yearly_orb_low,16334.25,2024-01-11,,{}
mnq_yorb_sizing_O_4_2_1_rc20,MNQ,yearly_orb_high,17056.0,2024-01-12,,{}
mnq_yorb_sizing_O_4_2_1_rc20,MNQ,yearly_orb_low,16334.25,2024-01-12,,{}
mnq_yorb_sizing_O_4_2_1_rc20,MNQ,yearly_orb_high,17056.0,2024-01-14,,{}
mnq_yorb_sizing_O_4_2_1_rc20,MNQ,yearly_orb_low,16334.25,2024-01-14,,{}
mnq_yorb_sizing_O_4_2_1_rc20,MNQ,yearly_orb_high,17056.0,2024-01-15,,{}
mnq_yorb_sizing_O_4_2_1_rc20,MNQ,yearly_orb_low,16334.25,2024-01-15,,{}
mnq_yorb_sizing_O_4_2_1_rc20,MNQ,yearly_orb_high,17056.0,2024-01-16,,{}
mnq_yorb_sizing_O_4_2_1_rc20,MNQ,yearly_orb_low,16334.25,2024-01-16,,{}
mnq_yorb_sizing_O_4_2_1_rc20,MNQ,yearly_orb_high,17056.0,2024-01-17,,{}
mnq_yorb_sizing_O_4_2_1_rc20,MNQ,yearly_orb_low,16334.25,2024-01-17,,{}
mnq_yorb_sizing_O_4_2_1_rc20,MNQ,yearly_orb_high,17152.0,2024-01-18,,{}
mnq_yorb_sizing_O_4_2_1_rc20,MNQ,yearly_orb_low,16334.25,2024-01-18,,{}
mnq_yorb_sizing_O_4_2_1_rc20,MNQ,yearly_orb_high,17472.0,2024-01-19,,{}
mnq_yorb_sizing_O_4_2_1_rc20,MNQ,yearly_orb_low,16334.25,2024-01-19,,{}
mnq_yorb_sizing_O_4_2_1_rc20,MNQ,yearly_orb_high,17501.5,2024-01-21,,{}
mnq_yorb_sizing_O_4_2_1_rc20,MNQ,yearly_orb_low,16334.25,2024-01-21,,{}
mnq_yorb_sizing_O_4_2_1_rc20,MNQ,yearly_orb_high,17584.75,2024-01-22,,{}
mnq_yorb_sizing_O_4_2_1_rc20,MNQ,yearly_orb_low,16334.25,2024-01-22,,{}
mnq_yorb_sizing_O_4_2_1_rc20,MNQ,yearly_orb_high,17584.75,2024-01-23,,{}
mnq_yorb_sizing_O_4_2_1_rc20,MNQ,yearly_orb_low,16334.25,2024-01-23,,{}
mnq_yorb_sizing_O_4_2_1_rc20,MNQ,yearly_orb_high,17794.0,2024-01-24,,{}
mnq_yorb_sizing_O_4_2_1_rc20,MNQ,yearly_orb_low,16334.25,2024-01-24,,{}
mnq_yorb_sizing_O_4_2_1_rc20,MNQ,yearly_orb_high,17794.0,2024-01-25,,{}
mnq_yorb_sizing_O_4_2_1_rc20,MNQ,yearly_orb_low,16334.25,2024-01-25,,{}
mnq_yorb_sizing_O_4_2_1_rc20,MNQ,yearly_orb_high,17794.0,2024-01-26,,{}
mnq_yorb_sizing_O_4_2_1_rc20,MNQ,yearly_orb_low,16334.25,2024-01-26,,{}
mnq_yorb_sizing_O_4_2_1_rc20,MNQ,yearly_orb_high,17794.0,2024-01-28,,{}
mnq_yorb_sizing_O_4_2_1_rc20,MNQ,yearly_orb_low,16334.25,2024-01-28,,{}
mnq_yorb_sizing_O_4_2_1_rc20,MNQ,yearly_orb_high,17794.0,2024-01-29,,{}
mnq_yorb_sizing_O_4_2_1_rc20,MNQ,yearly_orb_low,16334.25,2024-01-29,,{}
mnq_yorb_sizing_O_4_2_1_rc20,MNQ,yearly_orb_high,17794.0,2024-01-30,,{}
mnq_yorb_sizing_O_4_2_1_rc20,MNQ,yearly_orb_low,16334.25,2024-01-30,,{}
mnq_yorb_sizing_O_4_2_1_rc20,MNQ,yearly_orb_high,17794.0,2024-01-31,,{}
mnq_yorb_sizing_O_4_2_1_rc20,MNQ,yearly_orb_low,16334.25,2024-01-31,,{}
mnq_yorb_sizing_O_4_2_1_rc20,MNQ,yearly_orb_high,17794.0,2024-02-01,,{}
mnq_yorb_sizing_O_4_2_1_rc20,MNQ,yearly_orb_low,16334.25,2024-02-01,,{}
mnq_yorb_sizing_O_4_2_1_rc20,MNQ,yearly_orb_high,17794.0,2024-02-02,,{}
mnq_yorb_sizing_O_4_2_1_rc20,MNQ,yearly_orb_low,16334.25,2024-02-02,,{}
mnq_yorb_sizing_O_4_2_1_rc20,MNQ,yearly_orb_high,17794.0,2024-02-04,,{}
mnq_yorb_sizing_O_4_2_1_rc20,MNQ,yearly_orb_low,16334.25,2024-02-04,,{}
mnq_yorb_sizing_O_4_2_1_rc20,MNQ,yearly_orb_high,17794.0,2024-02-05,,{}
mnq_yorb_sizing_O_4_2_1_rc20,MNQ,yearly_orb_low,16334.25,2024-02-05,,{}
mnq_yorb_sizing_O_4_2_1_rc20,MNQ,yearly_orb_high,17794.0,2024-02-06,,{}
mnq_yorb_sizing_O_4_2_1_rc20,MNQ,yearly_orb_low,16334.25,2024-02-06,,{}
mnq_yorb_sizing_O_4_2_1_rc20,MNQ,yearly_orb_high,17876.0,2024-02-07,,{}
mnq_yorb_sizing_O_4_2_1_rc20,MNQ,yearly_orb_low,16334.25,2024-02-07,,{}
mnq_yorb_sizing_O_4_2_1_rc20,MNQ,yearly_orb_high,17896.5,2024-02-08,,{}
mnq_yorb_sizing_O_4_2_1_rc20,MNQ,yearly_orb_low,16334.25,2024-02-08,,{}
mnq_yorb_sizing_O_4_2_1_rc20,MNQ,yearly_orb_high,18071.0,2024-02-09,,{}
mnq_yorb_sizing_O_4_2_1_rc20,MNQ,yearly_orb_low,16334.25,2024-02-09,,{}
mnq_yorb_sizing_O_4_2_1_rc20,MNQ,yearly_orb_high,18071.0,2024-02-11,,{}
mnq_yorb_sizing_O_4_2_1_rc20,MNQ,yearly_orb_low,16334.25,2024-02-11,,{}
mnq_yorb_sizing_O_4_2_1_rc20,MNQ,yearly_orb_high,18121.5,2024-02-12,,{}
mnq_yorb_sizing_O_4_2_1_rc20,MNQ,yearly_orb_low,16334.25,2024-02-12,,{}
mnq_yorb_sizing_O_4_2_1_rc20,MNQ,yearly_orb_high,18121.5,2024-02-13,,{}
mnq_yorb_sizing_O_4_2_1_rc20,MNQ,yearly_orb_low,16334.25,2024-02-13,,{}
mnq_yorb_sizing_O_4_2_1_rc20,MNQ,yearly_orb_high,18121.5,2024-02-14,,{}
mnq_yorb_sizing_O_4_2_1_rc20,MNQ,yearly_orb_low,16334.25,2024-02-14,,{}
mnq_yorb_sizing_O_4_2_1_rc20,MNQ,yearly_orb_high,18121.5,2024-02-15,,{}
mnq_yorb_sizing_O_4_2_1_rc20,MNQ,yearly_orb_low,16334.25,2024-02-15,,{}
mnq_yorb_sizing_O_4_2_1_rc20,MNQ,yearly_orb_high,18121.5,2024-02-16,,{}
mnq_yorb_sizing_O_4_2_1_rc20,MNQ,yearly_orb_low,16334.25,2024-02-16,,{}
mnq_yorb_sizing_O_4_2_1_rc20,MNQ,yearly_orb_high,18121.5,2024-02-18,,{}
mnq_yorb_sizing_O_4_2_1_rc20,MNQ,yearly_orb_low,16334.25,2024-02-18,,{}
mnq_yorb_sizing_O_4_2_1_rc20,MNQ,yearly_orb_high,18121.5,2024-02-19,,{}
mnq_yorb_sizing_O_4_2_1_rc20,MNQ,yearly_orb_low,16334.25,2024-02-19,,{}
mnq_yorb_sizing_O_4_2_1_rc20,MNQ,yearly_orb_high,18121.5,2024-02-20,,{}
mnq_yorb_sizing_O_4_2_1_rc20,MNQ,yearly_orb_low,16334.25,2024-02-20,,{}
mnq_yorb_sizing_O_4_2_1_rc20,MNQ,yearly_orb_high,18121.5,2024-02-21,,{}
mnq_yorb_sizing_O_4_2_1_rc20,MNQ,yearly_orb_low,16334.25,2024-02-21,,{}
mnq_yorb_sizing_O_4_2_1_rc20,MNQ,yearly_orb_high,18121.5,2024-02-22,,{}
mnq_yorb_sizing_O_4_2_1_rc20,MNQ,yearly_orb_low,16334.25,2024-02-22,,{}
mnq_yorb_sizing_O_4_2_1_rc20,MNQ,yearly_orb_high,18145.0,2024-02-23,,{}
mnq_yorb_sizing_O_4_2_1_rc20,MNQ,yearly_orb_low,16334.25,2024-02-23,,{}
mnq_yorb_sizing_O_4_2_1_rc20,MNQ,yearly_orb_high,18145.0,2024-02-25,,{}
mnq_yorb_sizing_O_4_2_1_rc20,MNQ,yearly_orb_low,16334.25,2024-02-25,,{}
mnq_yorb_sizing_O_4_2_1_rc20,MNQ,yearly_orb_high,18145.0,2024-02-26,,{}
mnq_yorb_sizing_O_4_2_1_rc20,MNQ,yearly_orb_low,16334.25,2024-02-26,,{}
mnq_yorb_sizing_O_4_2_1_rc20,MNQ,yearly_orb_high,18145.0,2024-02-27,,{}
mnq_yorb_sizing_O_4_2_1_rc20,MNQ,yearly_orb_low,16334.25,2024-02-27,,{}
mnq_yorb_sizing_O_4_2_1_rc20,MNQ,yearly_orb_high,18145.0,2024-02-28,,{}
mnq_yorb_sizing_O_4_2_1_rc20,MNQ,yearly_orb_low,16334.25,2024-02-28,,{}
mnq_yorb_sizing_O_4_2_1_rc20,MNQ,yearly_orb_high,18145.0,2024-02-29,,{}
mnq_yorb_sizing_O_4_2_1_rc20,MNQ,yearly_orb_low,16334.25,2024-02-29,,{}
mnq_yorb_sizing_O_4_2_1_rc20,MNQ,yearly_orb_high,18372.5,2024-03-01,,{}
mnq_yorb_sizing_O_4_2_1_rc20,MNQ,yearly_orb_low,16334.25,2024-03-01,,{}
mnq_yorb_sizing_O_4_2_1_rc20,MNQ,yearly_orb_high,18372.5,2024-03-03,,{}
mnq_yorb_sizing_O_4_2_1_rc20,MNQ,yearly_orb_low,16334.25,2024-03-03,,{}
mnq_yorb_sizing_O_4_2_1_rc20,MNQ,yearly_orb_high,18378.25,2024-03-04,,{}
mnq_yorb_sizing_O_4_2_1_rc20,MNQ,yearly_orb_low,16334.25,2024-03-04,,{}
mnq_yorb_sizing_O_4_2_1_rc20,MNQ,yearly_orb_high,18378.25,2024-03-05,,{}
mnq_yorb_sizing_O_4_2_1_rc20,MNQ,yearly_orb_low,16334.25,2024-03-05,,{}
mnq_yorb_sizing_O_4_2_1_rc20,MNQ,yearly_orb_high,18378.25,2024-03-06,,{}
mnq_yorb_sizing_O_4_2_1_rc20,MNQ,yearly_orb_low,16334.25,2024-03-06,,{}
mnq_yorb_sizing_O_4_2_1_rc20,MNQ,yearly_orb_high,18378.25,2024-03-07,,{}
mnq_yorb_sizing_O_4_2_1_rc20,MNQ,yearly_orb_low,16334.25,2024-03-07,,{}
mnq_yorb_sizing_O_4_2_1_rc20,MNQ,yearly_orb_high,18436.25,2024-03-08,,{}
mnq_yorb_sizing_O_4_2_1_rc20,MNQ,yearly_orb_low,16334.25,2024-03-08,,{}
mnq_yorb_sizing_O_4_2_1_rc20,MNQ,yearly_orb_high,18436.25,2024-03-10,,{}
mnq_yorb_sizing_O_4_2_1_rc20,MNQ,yearly_orb_low,16334.25,2024-03-10,,{}
mnq_yorb_sizing_O_4_2_1_rc20,MNQ,yearly_orb_high,18436.25,2024-03-11,,{}
mnq_yorb_sizing_O_4_2_1_rc20,MNQ,yearly_orb_low,16334.25,2024-03-11,,{}
mnq_yorb_sizing_O_4_2_1_rc20,MNQ,yearly_orb_high,18491.0,2024-03-12,,{}
mnq_yorb_sizing_O_4_2_1_rc20,MNQ,yearly_orb_low,16334.25,2024-03-12,,{}
mnq_yorb_sizing_O_4_2_1_rc20,MNQ,yearly_orb_high,18506.75,2024-03-13,,{}
mnq_yorb_sizing_O_4_2_1_rc20,MNQ,yearly_orb_low,16334.25,2024-03-13,,{}
mnq_yorb_sizing_O_4_2_1_rc20,MNQ,yearly_orb_high,18506.75,2024-03-14,,{}
mnq_yorb_sizing_O_4_2_1_rc20,MNQ,yearly_orb_low,16334.25,2024-03-14,,{}
mnq_yorb_sizing_O_4_2_1_rc20,MNQ,yearly_orb_high,18506.75,2024-03-15,,{}
mnq_yorb_sizing_O_4_2_1_rc20,MNQ,yearly_orb_low,16334.25,2024-03-15,,{}
mnq_yorb_sizing_O_4_2_1_rc20,MNQ,yearly_orb_high,18506.75,2024-03-17,,{}
mnq_yorb_sizing_O_4_2_1_rc20,MNQ,yearly_orb_low,16334.25,2024-03-17,,{}
mnq_yorb_sizing_O_4_2_1_rc20,MNQ,yearly_orb_high,18506.75,2024-03-18,,{}
mnq_yorb_sizing_O_4_2_1_rc20,MNQ,yearly_orb_low,16334.25,2024-03-18,,{}
mnq_yorb_sizing_O_4_2_1_rc20,MNQ,yearly_orb_high,18506.75,2024-03-19,,{}
mnq_yorb_sizing_O_4_2_1_rc20,MNQ,yearly_orb_low,16334.25,2024-03-19,,{}
mnq_yorb_sizing_O_4_2_1_rc20,MNQ,yearly_orb_high,18589.25,2024-03-20,,{}
mnq_yorb_sizing_O_4_2_1_rc20,MNQ,yearly_orb_low,16334.25,2024-03-20,,{}
mnq_yorb_sizing_O_4_2_1_rc20,MNQ,yearly_orb_high,18708.5,2024-03-21,,{}
mnq_yorb_sizing_O_4_2_1_rc20,MNQ,yearly_orb_low,16334.25,2024-03-21,,{}
mnq_yorb_sizing_O_4_2_1_rc20,MNQ,yearly_orb_high,18708.5,2024-03-22,,{}
mnq_yorb_sizing_O_4_2_1_rc20,MNQ,yearly_orb_low,16334.25,2024-03-22,,{}
mnq_yorb_sizing_O_4_2_1_rc20,MNQ,yearly_orb_high,18708.5,2024-03-24,,{}
mnq_yorb_sizing_O_4_2_1_rc20,MNQ,yearly_orb_low,16334.25,2024-03-24,,{}
mnq_yorb_sizing_O_4_2_1_rc20,MNQ,yearly_orb_high,18708.5,2024-03-25,,{}
mnq_yorb_sizing_O_4_2_1_rc20,MNQ,yearly_orb_low,16334.25,2024-03-25,,{}
mnq_yorb_sizing_O_4_2_1_rc20,MNQ,yearly_orb_high,18708.5,2024-03-26,,{}
mnq_yorb_sizing_O_4_2_1_rc20,MNQ,yearly_orb_low,16334.25,2024-03-26,,{}
mnq_yorb_sizing_O_4_2_1_rc20,MNQ,yearly_orb_high,18708.5,2024-03-27,,{}
mnq_yorb_sizing_O_4_2_1_rc20,MNQ,yearly_orb_low,16334.25,2024-03-27,,{}
mnq_yorb_sizing_O_4_2_1_rc20,MNQ,yearly_orb_high,18708.5,2024-03-28,,{}
mnq_yorb_sizing_O_4_2_1_rc20,MNQ,yearly_orb_low,16334.25,2024-03-28,,{}
mnq_yorb_sizing_O_4_2_1_rc20,MNQ,yearly_orb_high,18708.5,2024-03-31,,{}
mnq_yorb_sizing_O_4_2_1_rc20,MNQ,yearly_orb_low,16334.25,2024-03-31,,{}
mnq_yorb_sizing_O_4_2_1_rc20,MNQ,yearly_orb_high,21320.0,2025-01-01,,{}
mnq_yorb_sizing_O_4_2_1_rc20,MNQ,yearly_orb_low,21243.75,2025-01-01,,{}
mnq_yorb_sizing_O_4_2_1_rc20,MNQ,yearly_orb_high,21490.75,2025-01-02,,{}
mnq_yorb_sizing_O_4_2_1_rc20,MNQ,yearly_orb_low,20983.25,2025-01-02,,{}
mnq_yorb_sizing_O_4_2_1_rc20,MNQ,yearly_orb_high,21559.25,2025-01-03,,{}
mnq_yorb_sizing_O_4_2_1_rc20,MNQ,yearly_orb_low,20983.25,2025-01-03,,{}
mnq_yorb_sizing_O_4_2_1_rc20,MNQ,yearly_orb_high,21559.25,2025-01-05,,{}
mnq_yorb_sizing_O_4_2_1_rc20,MNQ,yearly_orb_low,20983.25,2025-01-05,,{}
mnq_yorb_sizing_O_4_2_1_rc20,MNQ,yearly_orb_high,21897.0,2025-01-06,,{}
mnq_yorb_sizing_O_4_2_1_rc20,MNQ,yearly_orb_low,20983.25,2025-01-06,,{}
mnq_yorb_sizing_O_4_2_1_rc20,MNQ,yearly_orb_high,21897.0,2025-01-07,,{}
mnq_yorb_sizing_O_4_2_1_rc20,MNQ,yearly_orb_low,20983.25,2025-01-07,,{}
mnq_yorb_sizing_O_4_2_1_rc20,MNQ,yearly_orb_high,21897.0,2025-01-08,,{}
mnq_yorb_sizing_O_4_2_1_rc20,MNQ,yearly_orb_low,20983.25,2025-01-08,,{}
mnq_yorb_sizing_O_4_2_1_rc20,MNQ,yearly_orb_high,21897.0,2025-01-09,,{}
mnq_yorb_sizing_O_4_2_1_rc20,MNQ,yearly_orb_low,20983.25,2025-01-09,,{}
mnq_yorb_sizing_O_4_2_1_rc20,MNQ,yearly_orb_high,21897.0,2025-01-10,,{}
mnq_yorb_sizing_O_4_2_1_rc20,MNQ,yearly_orb_low,20874.75,2025-01-10,,{}
mnq_yorb_sizing_O_4_2_1_rc20,MNQ,yearly_orb_high,21897.0,2025-01-12,,{}
mnq_yorb_sizing_O_4_2_1_rc20,MNQ,yearly_orb_low,20874.75,2025-01-12,,{}
mnq_yorb_sizing_O_4_2_1_rc20,MNQ,yearly_orb_high,21897.0,2025-01-13,,{}
mnq_yorb_sizing_O_4_2_1_rc20,MNQ,yearly_orb_low,20693.5,2025-01-13,,{}
mnq_yorb_sizing_O_4_2_1_rc20,MNQ,yearly_orb_high,21897.0,2025-01-14,,{}
mnq_yorb_sizing_O_4_2_1_rc20,MNQ,yearly_orb_low,20693.5,2025-01-14,,{}
mnq_yorb_sizing_O_4_2_1_rc20,MNQ,yearly_orb_high,21897.0,2025-01-15,,{}
mnq_yorb_sizing_O_4_2_1_rc20,MNQ,yearly_orb_low,20693.5,2025-01-15,,{}
mnq_yorb_sizing_O_4_2_1_rc20,MNQ,yearly_orb_high,21897.0,2025-01-16,,{}
mnq_yorb_sizing_O_4_2_1_rc20,MNQ,yearly_orb_low,20693.5,2025-01-16,,{}
mnq_yorb_sizing_O_4_2_1_rc20,MNQ,yearly_orb_high,21897.0,2025-01-17,,{}
mnq_yorb_sizing_O_4_2_1_rc20,MNQ,yearly_orb_low,20693.5,2025-01-17,,{}
mnq_yorb_sizing_O_4_2_1_rc20,MNQ,yearly_orb_high,21897.0,2025-01-19,,{}
mnq_yorb_sizing_O_4_2_1_rc20,MNQ,yearly_orb_low,20693.5,2025-01-19,,{}
mnq_yorb_sizing_O_4_2_1_rc20,MNQ,yearly_orb_high,21897.0,2025-01-20,,{}
mnq_yorb_sizing_O_4_2_1_rc20,MNQ,yearly_orb_low,20693.5,2025-01-20,,{}
mnq_yorb_sizing_O_4_2_1_rc20,MNQ,yearly_orb_high,21897.0,2025-01-21,,{}
mnq_yorb_sizing_O_4_2_1_rc20,MNQ,yearly_orb_low,20693.5,2025-01-21,,{}
mnq_yorb_sizing_O_4_2_1_rc20,MNQ,yearly_orb_high,22094.0,2025-01-22,,{}
mnq_yorb_sizing_O_4_2_1_rc20,MNQ,yearly_orb_low,20693.5,2025-01-22,,{}
mnq_yorb_sizing_O_4_2_1_rc20,MNQ,yearly_orb_high,22094.0,2025-01-23,,{}
mnq_yorb_sizing_O_4_2_1_rc20,MNQ,yearly_orb_low,20693.5,2025-01-23,,{}
mnq_yorb_sizing_O_4_2_1_rc20,MNQ,yearly_orb_high,22094.0,2025-01-24,,{}
mnq_yorb_sizing_O_4_2_1_rc20,MNQ,yearly_orb_low,20693.5,2025-01-24,,{}
mnq_yorb_sizing_O_4_2_1_rc20,MNQ,yearly_orb_high,22094.0,2025-01-26,,{}
mnq_yorb_sizing_O_4_2_1_rc20,MNQ,yearly_orb_low,20693.5,2025-01-26,,{}
mnq_yorb_sizing_O_4_2_1_rc20,MNQ,yearly_orb_high,22094.0,2025-01-27,,{}
mnq_yorb_sizing_O_4_2_1_rc20,MNQ,yearly_orb_low,20693.5,2025-01-27,,{}
mnq_yorb_sizing_O_4_2_1_rc20,MNQ,yearly_orb_high,22094.0,2025-01-28,,{}
mnq_yorb_sizing_O_4_2_1_rc20,MNQ,yearly_orb_low,20693.5,2025-01-28,,{}
mnq_yorb_sizing_O_4_2_1_rc20,MNQ,yearly_orb_high,22094.0,2025-01-29,,{}
mnq_yorb_sizing_O_4_2_1_rc20,MNQ,yearly_orb_low,20693.5,2025-01-29,,{}
mnq_yorb_sizing_O_4_2_1_rc20,MNQ,yearly_orb_high,22094.0,2025-01-30,,{}
mnq_yorb_sizing_O_4_2_1_rc20,MNQ,yearly_orb_low,20693.5,2025-01-30,,{}
mnq_yorb_sizing_O_4_2_1_rc20,MNQ,yearly_orb_high,22094.0,2025-01-31,,{}
mnq_yorb_sizing_O_4_2_1_rc20,MNQ,yearly_orb_low,20693.5,2025-01-31,,{}
mnq_yorb_sizing_O_4_2_1_rc20,MNQ,yearly_orb_high,22094.0,2025-02-02,,{}
mnq_yorb_sizing_O_4_2_1_rc20,MNQ,yearly_orb_low,20693.5,2025-02-02,,{}
mnq_yorb_sizing_O_4_2_1_rc20,MNQ,yearly_orb_high,22094.0,2025-02-03,,{}
mnq_yorb_sizing_O_4_2_1_rc20,MNQ,yearly_orb_low,20693.5,2025-02-03,,{}
mnq_yorb_sizing_O_4_2_1_rc20,MNQ,yearly_orb_high,22094.0,2025-02-04,,{}
mnq_yorb_sizing_O_4_2_1_rc20,MNQ,yearly_orb_low,20693.5,2025-02-04,,{}
mnq_yorb_sizing_O_4_2_1_rc20,MNQ,yearly_orb_high,22094.0,2025-02-05,,{}
mnq_yorb_sizing_O_4_2_1_rc20,MNQ,yearly_orb_low,20693.5,2025-02-05,,{}
mnq_yorb_sizing_O_4_2_1_rc20,MNQ,yearly_orb_high,22094.0,2025-02-06,,{}
mnq_yorb_sizing_O_4_2_1_rc20,MNQ,yearly_orb_low,20693.5,2025-02-06,,{}
mnq_yorb_sizing_O_4_2_1_rc20,MNQ,yearly_orb_high,22094.0,2025-02-07,,{}
mnq_yorb_sizing_O_4_2_1_rc20,MNQ,yearly_orb_low,20693.5,2025-02-07,,{}
mnq_yorb_sizing_O_4_2_1_rc20,MNQ,yearly_orb_high,22094.0,2025-02-09,,{}
mnq_yorb_sizing_O_4_2_1_rc20,MNQ,yearly_orb_low,20693.5,2025-02-09,,{}
mnq_yorb_sizing_O_4_2_1_rc20,MNQ,yearly_orb_high,22094.0,2025-02-10,,{}
mnq_yorb_sizing_O_4_2_1_rc20,MNQ,yearly_orb_low,20693.5,2025-02-10,,{}
mnq_yorb_sizing_O_4_2_1_rc20,MNQ,yearly_orb_high,22094.0,2025-02-11,,{}
mnq_yorb_sizing_O_4_2_1_rc20,MNQ,yearly_orb_low,20693.5,2025-02-11,,{}
mnq_yorb_sizing_O_4_2_1_rc20,MNQ,yearly_orb_high,22094.0,2025-02-12,,{}
mnq_yorb_sizing_O_4_2_1_rc20,MNQ,yearly_orb_low,20693.5,2025-02-12,,{}
mnq_yorb_sizing_O_4_2_1_rc20,MNQ,yearly_orb_high,22123.75,2025-02-13,,{}
mnq_yorb_sizing_O_4_2_1_rc20,MNQ,yearly_orb_low,20693.5,2025-02-13,,{}
mnq_yorb_sizing_O_4_2_1_rc20,MNQ,yearly_orb_high,22224.0,2025-02-14,,{}
mnq_yorb_sizing_O_4_2_1_rc20,MNQ,yearly_orb_low,20693.5,2025-02-14,,{}
mnq_yorb_sizing_O_4_2_1_rc20,MNQ,yearly_orb_high,22240.0,2025-02-16,,{}
mnq_yorb_sizing_O_4_2_1_rc20,MNQ,yearly_orb_low,20693.5,2025-02-16,,{}
mnq_yorb_sizing_O_4_2_1_rc20,MNQ,yearly_orb_high,22281.75,2025-02-17,,{}
mnq_yorb_sizing_O_4_2_1_rc20,MNQ,yearly_orb_low,20693.5,2025-02-17,,{}
mnq_yorb_sizing_O_4_2_1_rc20,MNQ,yearly_orb_high,22320.0,2025-02-18,,{}
mnq_yorb_sizing_O_4_2_1_rc20,MNQ,yearly_orb_low,20693.5,2025-02-18,,{}
mnq_yorb_sizing_O_4_2_1_rc20,MNQ,yearly_orb_high,22320.0,2025-02-19,,{}
mnq_yorb_sizing_O_4_2_1_rc20,MNQ,yearly_orb_low,20693.5,2025-02-19,,{}
mnq_yorb_sizing_O_4_2_1_rc20,MNQ,yearly_orb_high,22320.0,2025-02-20,,{}
mnq_yorb_sizing_O_4_2_1_rc20,MNQ,yearly_orb_low,20693.5,2025-02-20,,{}
mnq_yorb_sizing_O_4_2_1_rc20,MNQ,yearly_orb_high,22320.0,2025-02-21,,{}
mnq_yorb_sizing_O_4_2_1_rc20,MNQ,yearly_orb_low,20693.5,2025-02-21,,{}
mnq_yorb_sizing_O_4_2_1_rc20,MNQ,yearly_orb_high,22320.0,2025-02-23,,{}
mnq_yorb_sizing_O_4_2_1_rc20,MNQ,yearly_orb_low,20693.5,2025-02-23,,{}
mnq_yorb_sizing_O_4_2_1_rc20,MNQ,yearly_orb_high,22320.0,2025-02-24,,{}
mnq_yorb_sizing_O_4_2_1_rc20,MNQ,yearly_orb_low,20693.5,2025-02-24,,{}
mnq_yorb_sizing_O_4_2_1_rc20,MNQ,yearly_orb_high,22320.0,2025-02-25,,{}
mnq_yorb_sizing_O_4_2_1_rc20,MNQ,yearly_orb_low,20693.5,2025-02-25,,{}
mnq_yorb_sizing_O_4_2_1_rc20,MNQ,yearly_orb_high,22320.0,2025-02-26,,{}
mnq_yorb_sizing_O_4_2_1_rc20,MNQ,yearly_orb_low,20693.5,2025-02-26,,{}
mnq_yorb_sizing_O_4_2_1_rc20,MNQ,yearly_orb_high,22320.0,2025-02-27,,{}
mnq_yorb_sizing_O_4_2_1_rc20,MNQ,yearly_orb_low,20582.5,2025-02-27,,{}
mnq_yorb_sizing_O_4_2_1_rc20,MNQ,yearly_orb_high,22320.0,2025-02-28,,{}
mnq_yorb_sizing_O_4_2_1_rc20,MNQ,yearly_orb_low,20460.25,2025-02-28,,{}
mnq_yorb_sizing_O_4_2_1_rc20,MNQ,yearly_orb_high,22320.0,2025-03-02,,{}
mnq_yorb_sizing_O_4_2_1_rc20,MNQ,yearly_orb_low,20460.25,2025-03-02,,{}
mnq_yorb_sizing_O_4_2_1_rc20,MNQ,yearly_orb_high,22320.0,2025-03-03,,{}
mnq_yorb_sizing_O_4_2_1_rc20,MNQ,yearly_orb_low,20317.5,2025-03-03,,{}
mnq_yorb_sizing_O_4_2_1_rc20,MNQ,yearly_orb_high,22320.0,2025-03-04,,{}
mnq_yorb_sizing_O_4_2_1_rc20,MNQ,yearly_orb_low,20075.75,2025-03-04,,{}
mnq_yorb_sizing_O_4_2_1_rc20,MNQ,yearly_orb_high,22320.0,2025-03-05,,{}
mnq_yorb_sizing_O_4_2_1_rc20,MNQ,yearly_orb_low,20075.75,2025-03-05,,{}
mnq_yorb_sizing_O_4_2_1_rc20,MNQ,yearly_orb_high,22320.0,2025-03-06,,{}
mnq_yorb_sizing_O_4_2_1_rc20,MNQ,yearly_orb_low,20002.75,2025-03-06,,{}
mnq_yorb_sizing_O_4_2_1_rc20,MNQ,yearly_orb_high,22320.0,2025-03-07,,{}
mnq_yorb_sizing_O_4_2_1_rc20,MNQ,yearly_orb_low,19766.0,2025-03-07,,{}
mnq_yorb_sizing_O_4_2_1_rc20,MNQ,yearly_orb_high,22320.0,2025-03-09,,{}
mnq_yorb_sizing_O_4_2_1_rc20,MNQ,yearly_orb_low,19766.0,2025-03-09,,{}
mnq_yorb_sizing_O_4_2_1_rc20,MNQ,yearly_orb_high,22320.0,2025-03-10,,{}
mnq_yorb_sizing_O_4_2_1_rc20,MNQ,yearly_orb_low,19228.75,2025-03-10,,{}
mnq_yorb_sizing_O_4_2_1_rc20,MNQ,yearly_orb_high,22320.0,2025-03-11,,{}
mnq_yorb_sizing_O_4_2_1_rc20,MNQ,yearly_orb_low,19140.0,2025-03-11,,{}
mnq_yorb_sizing_O_4_2_1_rc20,MNQ,yearly_orb_high,22320.0,2025-03-12,,{}
mnq_yorb_sizing_O_4_2_1_rc20,MNQ,yearly_orb_low,19140.0,2025-03-12,,{}
mnq_yorb_sizing_O_4_2_1_rc20,MNQ,yearly_orb_high,22320.0,2025-03-13,,{}
mnq_yorb_sizing_O_4_2_1_rc20,MNQ,yearly_orb_low,19140.0,2025-03-13,,{}
mnq_yorb_sizing_O_4_2_1_rc20,MNQ,yearly_orb_high,22320.0,2025-03-14,,{}
mnq_yorb_sizing_O_4_2_1_rc20,MNQ,yearly_orb_low,19140.0,2025-03-14,,{}
mnq_yorb_sizing_O_4_2_1_rc20,MNQ,yearly_orb_high,22320.0,2025-03-16,,{}
mnq_yorb_sizing_O_4_2_1_rc20,MNQ,yearly_orb_low,19140.0,2025-03-16,,{}
mnq_yorb_sizing_O_4_2_1_rc20,MNQ,yearly_orb_high,22320.0,2025-03-17,,{}
mnq_yorb_sizing_O_4_2_1_rc20,MNQ,yearly_orb_low,19140.0,2025-03-17,,{}
mnq_yorb_sizing_O_4_2_1_rc20,MNQ,yearly_orb_high,22320.0,2025-03-18,,{}
mnq_yorb_sizing_O_4_2_1_rc20,MNQ,yearly_orb_low,19140.0,2025-03-18,,{}
mnq_yorb_sizing_O_4_2_1_rc20,MNQ,yearly_orb_high,22320.0,2025-03-19,,{}
mnq_yorb_sizing_O_4_2_1_rc20,MNQ,yearly_orb_low,19140.0,2025-03-19,,{}
mnq_yorb_sizing_O_4_2_1_rc20,MNQ,yearly_orb_high,22320.0,2025-03-20,,{}
mnq_yorb_sizing_O_4_2_1_rc20,MNQ,yearly_orb_low,19140.0,2025-03-20,,{}
mnq_yorb_sizing_O_4_2_1_rc20,MNQ,yearly_orb_high,22320.0,2025-03-21,,{}
mnq_yorb_sizing_O_4_2_1_rc20,MNQ,yearly_orb_low,19140.0,2025-03-21,,{}
mnq_yorb_sizing_O_4_2_1_rc20,MNQ,yearly_orb_high,22320.0,2025-03-23,,{}
mnq_yorb_sizing_O_4_2_1_rc20,MNQ,yearly_orb_low,19140.0,2025-03-23,,{}
mnq_yorb_sizing_O_4_2_1_rc20,MNQ,yearly_orb_high,22320.0,2025-03-24,,{}
mnq_yorb_sizing_O_4_2_1_rc20,MNQ,yearly_orb_low,19140.0,2025-03-24,,{}
mnq_yorb_sizing_O_4_2_1_rc20,MNQ,yearly_orb_high,22320.0,2025-03-25,,{}
mnq_yorb_sizing_O_4_2_1_rc20,MNQ,yearly_orb_low,19140.0,2025-03-25,,{}
mnq_yorb_sizing_O_4_2_1_rc20,MNQ,yearly_orb_high,22320.0,2025-03-26,,{}
mnq_yorb_sizing_O_4_2_1_rc20,MNQ,yearly_orb_low,19140.0,2025-03-26,,{}
mnq_yorb_sizing_O_4_2_1_rc20,MNQ,yearly_orb_high,22320.0,2025-03-27,,{}
mnq_yorb_sizing_O_4_2_1_rc20,MNQ,yearly_orb_low,19140.0,2025-03-27,,{}
mnq_yorb_sizing_O_4_2_1_rc20,MNQ,yearly_orb_high,22320.0,2025-03-28,,{}
mnq_yorb_sizing_O_4_2_1_rc20,MNQ,yearly_orb_low,19140.0,2025-03-28,,{}
mnq_yorb_sizing_O_4_2_1_rc20,MNQ,yearly_orb_high,22320.0,2025-03-30,,{}
mnq_yorb_sizing_O_4_2_1_rc20,MNQ,yearly_orb_low,19140.0,2025-03-30,,{}
mnq_yorb_sizing_O_4_2_1_rc20,MNQ,yearly_orb_high,22320.0,2025-03-31,,{}
mnq_yorb_sizing_O_4_2_1_rc20,MNQ,yearly_orb_low,18976.75,2025-03-31,,{}
mnq_yorb_sizing_O_4_2_1_rc20,MNQ,yearly_orb_high,25503.25,2026-01-01,,{}
mnq_yorb_sizing_O_4_2_1_rc20,MNQ,yearly_orb_low,25449.25,2026-01-01,,{}
mnq_yorb_sizing_O_4_2_1_rc20,MNQ,yearly_orb_high,25803.5,2026-01-02,,{}
mnq_yorb_sizing_O_4_2_1_rc20,MNQ,yearly_orb_low,25265.25,2026-01-02,,{}
mnq_yorb_sizing_O_4_2_1_rc20,MNQ,yearly_orb_high,25803.5,2026-01-04,,{}
mnq_yorb_sizing_O_4_2_1_rc20,MNQ,yearly_orb_low,25265.25,2026-01-04,,{}
mnq_yorb_sizing_O_4_2_1_rc20,MNQ,yearly_orb_high,25803.5,2026-01-05,,{}
mnq_yorb_sizing_O_4_2_1_rc20,MNQ,yearly_orb_low,25265.25,2026-01-05,,{}
mnq_yorb_sizing_O_4_2_1_rc20,MNQ,yearly_orb_high,25844.75,2026-01-06,,{}
mnq_yorb_sizing_O_4_2_1_rc20,MNQ,yearly_orb_low,25265.25,2026-01-06,,{}
mnq_yorb_sizing_O_4_2_1_rc20,MNQ,yearly_orb_high,25998.0,2026-01-07,,{}
mnq_yorb_sizing_O_4_2_1_rc20,MNQ,yearly_orb_low,25265.25,2026-01-07,,{}
mnq_yorb_sizing_O_4_2_1_rc20,MNQ,yearly_orb_high,25998.0,2026-01-08,,{}
mnq_yorb_sizing_O_4_2_1_rc20,MNQ,yearly_orb_low,25265.25,2026-01-08,,{}
mnq_yorb_sizing_O_4_2_1_rc20,MNQ,yearly_orb_high,25998.0,2026-01-09,,{}
mnq_yorb_sizing_O_4_2_1_rc20,MNQ,yearly_orb_low,25265.25,2026-01-09,,{}
mnq_yorb_sizing_O_4_2_1_rc20,MNQ,yearly_orb_high,25998.0,2026-01-11,,{}
mnq_yorb_sizing_O_4_2_1_rc20,MNQ,yearly_orb_low,25265.25,2026-01-11,,{}
mnq_yorb_sizing_O_4_2_1_rc20,MNQ,yearly_orb_high,26020.5,2026-01-12,,{}
mnq_yorb_sizing_O_4_2_1_rc20,MNQ,yearly_orb_low,25265.25,2026-01-12,,{}
mnq_yorb_sizing_O_4_2_1_rc20,MNQ,yearly_orb_high,26046.25,2026-01-13,,{}
mnq_yorb_sizing_O_4_2_1_rc20,MNQ,yearly_orb_low,25265.25,2026-01-13,,{}
mnq_yorb_sizing_O_4_2_1_rc20,MNQ,yearly_orb_high,26046.25,2026-01-14,,{}
mnq_yorb_sizing_O_4_2_1_rc20,MNQ,yearly_orb_low,25265.25,2026-01-14,,{}
mnq_yorb_sizing_O_4_2_1_rc20,MNQ,yearly_orb_high,26046.25,2026-01-15,,{}
mnq_yorb_sizing_O_4_2_1_rc20,MNQ,yearly_orb_low,25265.25,2026-01-15,,{}
mnq_yorb_sizing_O_4_2_1_rc20,MNQ,yearly_orb_high,26046.25,2026-01-16,,{}
mnq_yorb_sizing_O_4_2_1_rc20,MNQ,yearly_orb_low,25265.25,2026-01-16,,{}
mnq_yorb_sizing_O_4_2_1_rc20,MNQ,yearly_orb_high,26046.25,2026-01-18,,{}
mnq_yorb_sizing_O_4_2_1_rc20,MNQ,yearly_orb_low,25265.25,2026-01-18,,{}
mnq_yorb_sizing_O_4_2_1_rc20,MNQ,yearly_orb_high,26046.25,2026-01-19,,{}
mnq_yorb_sizing_O_4_2_1_rc20,MNQ,yearly_orb_low,25236.25,2026-01-19,,{}
mnq_yorb_sizing_O_4_2_1_rc20,MNQ,yearly_orb_high,26046.25,2026-01-20,,{}
mnq_yorb_sizing_O_4_2_1_rc20,MNQ,yearly_orb_low,25095.25,2026-01-20,,{}
mnq_yorb_sizing_O_4_2_1_rc20,MNQ,yearly_orb_high,26046.25,2026-01-21,,{}
mnq_yorb_sizing_O_4_2_1_rc20,MNQ,yearly_orb_low,25026.0,2026-01-21,,{}
mnq_yorb_sizing_O_4_2_1_rc20,MNQ,yearly_orb_high,26046.25,2026-01-22,,{}
mnq_yorb_sizing_O_4_2_1_rc20,MNQ,yearly_orb_low,25026.0,2026-01-22,,{}
mnq_yorb_sizing_O_4_2_1_rc20,MNQ,yearly_orb_high,26046.25,2026-01-23,,{}
mnq_yorb_sizing_O_4_2_1_rc20,MNQ,yearly_orb_low,25026.0,2026-01-23,,{}
mnq_yorb_sizing_O_4_2_1_rc20,MNQ,yearly_orb_high,26046.25,2026-01-25,,{}
mnq_yorb_sizing_O_4_2_1_rc20,MNQ,yearly_orb_low,25026.0,2026-01-25,,{}
mnq_yorb_sizing_O_4_2_1_rc20,MNQ,yearly_orb_high,26046.25,2026-01-26,,{}
mnq_yorb_sizing_O_4_2_1_rc20,MNQ,yearly_orb_low,25026.0,2026-01-26,,{}
mnq_yorb_sizing_O_4_2_1_rc20,MNQ,yearly_orb_high,26147.0,2026-01-27,,{}
mnq_yorb_sizing_O_4_2_1_rc20,MNQ,yearly_orb_low,25026.0,2026-01-27,,{}
mnq_yorb_sizing_O_4_2_1_rc20,MNQ,yearly_orb_high,26349.0,2026-01-28,,{}
mnq_yorb_sizing_O_4_2_1_rc20,MNQ,yearly_orb_low,25026.0,2026-01-28,,{}
mnq_yorb_sizing_O_4_2_1_rc20,MNQ,yearly_orb_high,26349.0,2026-01-29,,{}
mnq_yorb_sizing_O_4_2_1_rc20,MNQ,yearly_orb_low,25026.0,2026-01-29,,{}
mnq_yorb_sizing_O_4_2_1_rc20,MNQ,yearly_orb_high,26349.0,2026-01-30,,{}
mnq_yorb_sizing_O_4_2_1_rc20,MNQ,yearly_orb_low,25026.0,2026-01-30,,{}
mnq_yorb_sizing_O_4_2_1_rc20,MNQ,yearly_orb_high,26349.0,2026-02-01,,{}
mnq_yorb_sizing_O_4_2_1_rc20,MNQ,yearly_orb_low,25026.0,2026-02-01,,{}
mnq_yorb_sizing_O_4_2_1_rc20,MNQ,yearly_orb_high,26349.0,2026-02-02,,{}
mnq_yorb_sizing_O_4_2_1_rc20,MNQ,yearly_orb_low,25026.0,2026-02-02,,{}
mnq_yorb_sizing_O_4_2_1_rc20,MNQ,yearly_orb_high,26349.0,2026-02-03,,{}
mnq_yorb_sizing_O_4_2_1_rc20,MNQ,yearly_orb_low,25026.0,2026-02-03,,{}
mnq_yorb_sizing_O_4_2_1_rc20,MNQ,yearly_orb_high,26349.0,2026-02-04,,{}
mnq_yorb_sizing_O_4_2_1_rc20,MNQ,yearly_orb_low,24784.0,2026-02-04,,{}
mnq_yorb_sizing_O_4_2_1_rc20,MNQ,yearly_orb_high,26349.0,2026-02-05,,{}
mnq_yorb_sizing_O_4_2_1_rc20,MNQ,yearly_orb_low,24293.75,2026-02-05,,{}
mnq_yorb_sizing_O_4_2_1_rc20,MNQ,yearly_orb_high,26349.0,2026-02-06,,{}
mnq_yorb_sizing_O_4_2_1_rc20,MNQ,yearly_orb_low,24240.5,2026-02-06,,{}
mnq_yorb_sizing_O_4_2_1_rc20,MNQ,yearly_orb_high,26349.0,2026-02-08,,{}
mnq_yorb_sizing_O_4_2_1_rc20,MNQ,yearly_orb_low,24240.5,2026-02-08,,{}
mnq_yorb_sizing_O_4_2_1_rc20,MNQ,yearly_orb_high,26349.0,2026-02-09,,{}
mnq_yorb_sizing_O_4_2_1_rc20,MNQ,yearly_orb_low,24240.5,2026-02-09,,{}
mnq_yorb_sizing_O_4_2_1_rc20,MNQ,yearly_orb_high,26349.0,2026-02-10,,{}
mnq_yorb_sizing_O_4_2_1_rc20,MNQ,yearly_orb_low,24240.5,2026-02-10,,{}
mnq_yorb_sizing_O_4_2_1_rc20,MNQ,yearly_orb_high,26349.0,2026-02-11,,{}
mnq_yorb_sizing_O_4_2_1_rc20,MNQ,yearly_orb_low,24240.5,2026-02-11,,{}
mnq_yorb_sizing_O_4_2_1_rc20,MNQ,yearly_orb_high,26349.0,2026-02-12,,{}
mnq_yorb_sizing_O_4_2_1_rc20,MNQ,yearly_orb_low,24240.5,2026-02-12,,{}
mnq_yorb_sizing_O_4_2_1_rc20,MNQ,yearly_orb_high,26349.0,2026-02-13,,{}
mnq_yorb_sizing_O_4_2_1_rc20,MNQ,yearly_orb_low,24240.5,2026-02-13,,{}
mnq_yorb_sizing_O_4_2_1_rc20,MNQ,yearly_orb_high,26349.0,2026-02-15,,{}
mnq_yorb_sizing_O_4_2_1_rc20,MNQ,yearly_orb_low,24240.5,2026-02-15,,{}
mnq_yorb_sizing_O_4_2_1_rc20,MNQ,yearly_orb_high,26349.0,2026-02-16,,{}
mnq_yorb_sizing_O_4_2_1_rc20,MNQ,yearly_orb_low,24240.5,2026-02-16,,{}
mnq_yorb_sizing_O_4_2_1_rc20,MNQ,yearly_orb_high,26349.0,2026-02-17,,{}
mnq_yorb_sizing_O_4_2_1_rc20,MNQ,yearly_orb_low,24240.5,2026-02-17,,{}
mnq_yorb_sizing_O_4_2_1_rc20,MNQ,yearly_orb_high,26349.0,2026-02-18,,{}
mnq_yorb_sizing_O_4_2_1_rc20,MNQ,yearly_orb_low,24240.5,2026-02-18,,{}
mnq_yorb_sizing_O_4_2_1_rc20,MNQ,yearly_orb_high,26349.0,2026-02-19,,{}
mnq_yorb_sizing_O_4_2_1_rc20,MNQ,yearly_orb_low,24240.5,2026-02-19,,{}
mnq_yorb_sizing_O_4_2_1_rc20,MNQ,yearly_orb_high,26349.0,2026-02-20,,{}
mnq_yorb_sizing_O_4_2_1_rc20,MNQ,yearly_orb_low,24240.5,2026-02-20,,{}
mnq_yorb_sizing_O_4_2_1_rc20,MNQ,yearly_orb_high,26349.0,2026-02-22,,{}
mnq_yorb_sizing_O_4_2_1_rc20,MNQ,yearly_orb_low,24240.5,2026-02-22,,{}
mnq_yorb_sizing_O_4_2_1_rc20,MNQ,yearly_orb_high,26349.0,2026-02-23,,{}
mnq_yorb_sizing_O_4_2_1_rc20,MNQ,yearly_orb_low,24240.5,2026-02-23,,{}
mnq_yorb_sizing_O_4_2_1_rc20,MNQ,yearly_orb_high,26349.0,2026-02-24,,{}
mnq_yorb_sizing_O_4_2_1_rc20,MNQ,yearly_orb_low,24240.5,2026-02-24,,{}
mnq_yorb_sizing_O_4_2_1_rc20,MNQ,yearly_orb_high,26349.0,2026-02-25,,{}
mnq_yorb_sizing_O_4_2_1_rc20,MNQ,yearly_orb_low,24240.5,2026-02-25,,{}
mnq_yorb_sizing_O_4_2_1_rc20,MNQ,yearly_orb_high,26349.0,2026-02-26,,{}
mnq_yorb_sizing_O_4_2_1_rc20,MNQ,yearly_orb_low,24240.5,2026-02-26,,{}
mnq_yorb_sizing_O_4_2_1_rc20,MNQ,yearly_orb_high,26349.0,2026-02-27,,{}
mnq_yorb_sizing_O_4_2_1_rc20,MNQ,yearly_orb_low,24240.5,2026-02-27,,{}
mnq_yorb_sizing_O_4_2_1_rc20,MNQ,yearly_orb_high,26349.0,2026-03-01,,{}
mnq_yorb_sizing_O_4_2_1_rc20,MNQ,yearly_orb_low,24240.5,2026-03-01,,{}
mnq_yorb_sizing_O_4_2_1_rc20,MNQ,yearly_orb_high,26349.0,2026-03-02,,{}
mnq_yorb_sizing_O_4_2_1_rc20,MNQ,yearly_orb_low,24240.5,2026-03-02,,{}
mnq_yorb_sizing_O_4_2_1_rc20,MNQ,yearly_orb_high,26349.0,2026-03-03,,{}
mnq_yorb_sizing_O_4_2_1_rc20,MNQ,yearly_orb_low,24240.5,2026-03-03,,{}
mnq_yorb_sizing_O_4_2_1_rc20,MNQ,yearly_orb_high,26349.0,2026-03-04,,{}
mnq_yorb_sizing_O_4_2_1_rc20,MNQ,yearly_orb_low,24240.5,2026-03-04,,{}
mnq_yorb_sizing_O_4_2_1_rc20,MNQ,yearly_orb_high,26349.0,2026-03-05,,{}
mnq_yorb_sizing_O_4_2_1_rc20,MNQ,yearly_orb_low,24240.5,2026-03-05,,{}
mnq_yorb_sizing_O_4_2_1_rc20,MNQ,yearly_orb_high,26349.0,2026-03-06,,{}
mnq_yorb_sizing_O_4_2_1_rc20,MNQ,yearly_orb_low,24240.5,2026-03-06,,{}
mnq_yorb_sizing_O_4_2_1_rc20,MNQ,yearly_orb_high,26349.0,2026-03-08,,{}
mnq_yorb_sizing_O_4_2_1_rc20,MNQ,yearly_orb_low,24167.0,2026-03-08,,{}
