campaign_id,session_date,year,month,dow,entry_hour,strategy_book,base_size,base_realized_pnl,base_path_contribution,hp_flag,extra_size_multiplier,actual_extra_mask,actual_total_size,causal_flag_known_before_entry,condition,bucket,trade_id,entry_ts,net_usd
es_v2b_prior_opposed_stpmc_only_S_1_1_3_20210304_01,2021-03-04,2021,3,Thursday,11,es_prior_opposed_legacy,1.0,-5695.0,-5695.0,False,1.0,False,1.0,True,ST-event age,st_age_gt180m,es_v2b_prior_opposed_stpmc_only_S_1_1_3_20210304_01,2021-03-04 16:41:00+00:00,-5695.0
es_v2b_prior_opposed_stpmc_only_S_1_1_3_20210305_01,2021-03-05,2021,3,Friday,13,es_prior_opposed_legacy,1.0,7255.0,7255.0,True,1.0,True,2.0,True,ST-event age,st_age_gt180m,es_v2b_prior_opposed_stpmc_only_S_1_1_3_20210305_01,2021-03-05 18:22:00+00:00,7255.0
es_v2b_prior_opposed_stpmc_only_S_1_1_3_20210312_01,2021-03-12,2021,3,Friday,10,es_prior_opposed_legacy,1.0,-3132.5,-3132.5,False,1.0,False,1.0,True,ST-event age,st_age_gt180m,es_v2b_prior_opposed_stpmc_only_S_1_1_3_20210312_01,2021-03-12 15:28:00+00:00,-3132.5
es_v2b_prior_opposed_stpmc_only_S_1_1_3_20210323_01,2021-03-23,2021,3,Tuesday,10,es_prior_opposed_legacy,1.0,-1945.0,-1945.0,False,1.0,False,1.0,True,ST-event age,st_age_gt180m,es_v2b_prior_opposed_stpmc_only_S_1_1_3_20210323_01,2021-03-23 14:38:00+00:00,-1945.0
es_v2b_prior_opposed_stpmc_only_S_1_1_3_20210330_18,2021-03-30,2021,3,Tuesday,10,es_prior_opposed_legacy,1.0,-2570.0,-2570.0,False,1.0,False,1.0,True,ST-event age,st_age_gt180m,es_v2b_prior_opposed_stpmc_only_S_1_1_3_20210330_18,2021-03-30 14:04:00+00:00,-2570.0
es_v2b_prior_opposed_stpmc_only_S_1_1_3_20210406_01,2021-04-06,2021,4,Tuesday,15,es_prior_opposed_legacy,1.0,-1632.5,-1632.5,True,1.0,True,2.0,True,ST-event age,st_age_gt180m,es_v2b_prior_opposed_stpmc_only_S_1_1_3_20210406_01,2021-04-06 19:52:00+00:00,-1632.5
es_v2b_prior_opposed_stpmc_only_S_1_1_3_20210414_198,2021-04-14,2021,4,Wednesday,13,es_prior_opposed_legacy,1.0,330.0,330.0,True,1.0,True,2.0,True,ST-event age,st_age_gt180m,es_v2b_prior_opposed_stpmc_only_S_1_1_3_20210414_198,2021-04-14 17:58:00+00:00,330.0
es_v2b_prior_opposed_stpmc_only_S_1_1_3_20210429_18,2021-04-29,2021,4,Thursday,10,es_prior_opposed_legacy,1.0,-70.0,-70.0,False,1.0,False,1.0,True,ST-event age,st_age_gt180m,es_v2b_prior_opposed_stpmc_only_S_1_1_3_20210429_18,2021-04-29 14:02:00+00:00,-70.0
es_v2b_prior_opposed_stpmc_only_S_1_1_3_20210510_258,2021-05-10,2021,5,Monday,14,es_prior_opposed_legacy,1.0,5792.5,5792.5,True,1.0,True,2.0,True,ST-event age,st_age_gt180m,es_v2b_prior_opposed_stpmc_only_S_1_1_3_20210510_258,2021-05-10 18:02:00+00:00,5792.5
es_v2b_prior_opposed_stpmc_only_S_1_1_3_20210513_01,2021-05-13,2021,5,Thursday,9,es_prior_opposed_legacy,1.0,930.0,930.0,False,1.0,False,1.0,True,ST-event age,st_age_gt180m,es_v2b_prior_opposed_stpmc_only_S_1_1_3_20210513_01,2021-05-13 13:51:00+00:00,930.0
es_v2b_prior_opposed_stpmc_only_S_1_1_3_20210519_258,2021-05-19,2021,5,Wednesday,14,es_prior_opposed_legacy,1.0,-4545.0,-4545.0,True,1.0,True,2.0,True,ST-event age,st_age_gt180m,es_v2b_prior_opposed_stpmc_only_S_1_1_3_20210519_258,2021-05-19 18:02:00+00:00,-4545.0
es_v2b_prior_opposed_stpmc_only_S_1_1_3_20210525_78,2021-05-25,2021,5,Tuesday,11,es_prior_opposed_legacy,1.0,1467.5,1467.5,False,1.0,False,1.0,True,ST-event age,st_age_gt180m,es_v2b_prior_opposed_stpmc_only_S_1_1_3_20210525_78,2021-05-25 15:02:00+00:00,1467.5
es_v2b_prior_opposed_stpmc_only_S_1_1_3_20210621_01,2021-06-21,2021,6,Monday,9,es_prior_opposed_legacy,1.0,7217.5,7217.5,False,1.0,False,1.0,True,ST-event age,st_age_gt180m,es_v2b_prior_opposed_stpmc_only_S_1_1_3_20210621_01,2021-06-21 13:52:00+00:00,7217.5
es_v2b_prior_opposed_stpmc_only_S_1_1_3_20210708_01,2021-07-08,2021,7,Thursday,9,es_prior_opposed_legacy,1.0,-4132.5,-4132.5,False,1.0,False,1.0,True,ST-event age,st_age_gt180m,es_v2b_prior_opposed_stpmc_only_S_1_1_3_20210708_01,2021-07-08 13:45:00+00:00,-4132.5
es_v2b_prior_opposed_stpmc_only_S_1_1_3_20210713_01,2021-07-13,2021,7,Tuesday,13,es_prior_opposed_legacy,1.0,180.0,180.0,True,1.0,True,2.0,True,ST-event age,st_age_gt180m,es_v2b_prior_opposed_stpmc_only_S_1_1_3_20210713_01,2021-07-13 17:36:00+00:00,180.0
es_v2b_prior_opposed_stpmc_only_S_1_1_3_20210726_01,2021-07-26,2021,7,Monday,10,es_prior_opposed_legacy,1.0,-2695.0,-2695.0,False,1.0,False,1.0,True,ST-event age,st_age_gt180m,es_v2b_prior_opposed_stpmc_only_S_1_1_3_20210726_01,2021-07-26 14:45:00+00:00,-2695.0
es_v2b_prior_opposed_stpmc_only_S_1_1_3_20210819_01,2021-08-19,2021,8,Thursday,9,es_prior_opposed_legacy,1.0,867.5,867.5,False,1.0,False,1.0,True,ST-event age,st_age_gt180m,es_v2b_prior_opposed_stpmc_only_S_1_1_3_20210819_01,2021-08-19 13:46:00+00:00,867.5
es_v2b_prior_opposed_stpmc_only_S_1_1_3_20210826_01,2021-08-26,2021,8,Thursday,9,es_prior_opposed_legacy,1.0,3730.0,3730.0,False,1.0,False,1.0,True,ST-event age,st_age_gt180m,es_v2b_prior_opposed_stpmc_only_S_1_1_3_20210826_01,2021-08-26 13:59:00+00:00,3730.0
es_v2b_prior_opposed_stpmc_only_S_1_1_3_20210922_01,2021-09-22,2021,9,Wednesday,9,es_prior_opposed_legacy,1.0,3992.5,3992.5,False,1.0,False,1.0,True,ST-event age,st_age_gt180m,es_v2b_prior_opposed_stpmc_only_S_1_1_3_20210922_01,2021-09-22 13:56:00+00:00,3992.5
es_v2b_prior_opposed_stpmc_only_S_1_1_3_20211001_78,2021-10-01,2021,10,Friday,11,es_prior_opposed_legacy,1.0,6155.0,6155.0,False,1.0,False,1.0,True,ST-event age,st_age_gt180m,es_v2b_prior_opposed_stpmc_only_S_1_1_3_20211001_78,2021-10-01 15:43:00+00:00,6155.0
es_v2b_prior_opposed_stpmc_only_S_1_1_3_20211004_18,2021-10-04,2021,10,Monday,10,es_prior_opposed_legacy,1.0,7705.0,7705.0,False,1.0,False,1.0,True,ST-event age,st_age_gt180m,es_v2b_prior_opposed_stpmc_only_S_1_1_3_20211004_18,2021-10-04 14:02:00+00:00,7705.0
es_v2b_prior_opposed_stpmc_only_S_1_1_3_20211006_198,2021-10-06,2021,10,Wednesday,13,es_prior_opposed_legacy,1.0,8192.5,8192.5,True,1.0,True,2.0,True,ST-event age,st_age_gt180m,es_v2b_prior_opposed_stpmc_only_S_1_1_3_20211006_198,2021-10-06 17:30:00+00:00,8192.5
es_v2b_prior_opposed_stpmc_only_S_1_1_3_20211008_198,2021-10-08,2021,10,Friday,13,es_prior_opposed_legacy,1.0,-7.5,-7.5,True,1.0,True,2.0,True,ST-event age,st_age_gt180m,es_v2b_prior_opposed_stpmc_only_S_1_1_3_20211008_198,2021-10-08 17:10:00+00:00,-7.5
es_v2b_prior_opposed_stpmc_only_S_1_1_3_20211011_198,2021-10-11,2021,10,Monday,13,es_prior_opposed_legacy,1.0,5067.5,5067.5,True,1.0,True,2.0,True,ST-event age,st_age_gt180m,es_v2b_prior_opposed_stpmc_only_S_1_1_3_20211011_198,2021-10-11 17:22:00+00:00,5067.5
es_v2b_prior_opposed_stpmc_only_S_1_1_3_20211022_78,2021-10-22,2021,10,Friday,11,es_prior_opposed_legacy,1.0,530.0,530.0,False,1.0,False,1.0,True,ST-event age,st_age_gt180m,es_v2b_prior_opposed_stpmc_only_S_1_1_3_20211022_78,2021-10-22 15:17:00+00:00,530.0
es_v2b_prior_opposed_stpmc_only_S_1_1_3_20211102_01,2021-11-02,2021,11,Tuesday,9,es_prior_opposed_legacy,1.0,2230.0,2230.0,False,1.0,False,1.0,True,ST-event age,st_age_gt180m,es_v2b_prior_opposed_stpmc_only_S_1_1_3_20211102_01,2021-11-02 13:46:00+00:00,2230.0
es_v2b_prior_opposed_stpmc_only_S_1_1_3_20211105_198,2021-11-05,2021,11,Friday,13,es_prior_opposed_legacy,1.0,555.0,555.0,True,1.0,True,2.0,True,ST-event age,st_age_gt180m,es_v2b_prior_opposed_stpmc_only_S_1_1_3_20211105_198,2021-11-05 17:02:00+00:00,555.0
es_v2b_prior_opposed_stpmc_only_S_1_1_3_20211115_78,2021-11-15,2021,11,Monday,11,es_prior_opposed_legacy,1.0,1705.0,1705.0,False,1.0,False,1.0,True,ST-event age,st_age_gt180m,es_v2b_prior_opposed_stpmc_only_S_1_1_3_20211115_78,2021-11-15 16:02:00+00:00,1705.0
es_v2b_prior_opposed_stpmc_only_S_1_1_3_20211130_01,2021-11-30,2021,11,Tuesday,10,es_prior_opposed_legacy,1.0,10255.0,10255.0,False,1.0,False,1.0,True,ST-event age,st_age_gt180m,es_v2b_prior_opposed_stpmc_only_S_1_1_3_20211130_01,2021-11-30 15:49:00+00:00,10255.0
es_v2b_prior_opposed_stpmc_only_S_1_1_3_20211201_198,2021-12-01,2021,12,Wednesday,13,es_prior_opposed_legacy,1.0,16967.5,16967.5,True,1.0,True,2.0,True,ST-event age,st_age_gt180m,es_v2b_prior_opposed_stpmc_only_S_1_1_3_20211201_198,2021-12-01 18:06:00+00:00,16967.5
es_v2b_prior_opposed_stpmc_only_S_1_1_3_20211202_138,2021-12-02,2021,12,Thursday,12,es_prior_opposed_legacy,1.0,2567.5,2567.5,False,1.0,False,1.0,True,ST-event age,st_age_gt180m,es_v2b_prior_opposed_stpmc_only_S_1_1_3_20211202_138,2021-12-02 17:02:00+00:00,2567.5
es_v2b_prior_opposed_stpmc_only_S_1_1_3_20211206_18,2021-12-06,2021,12,Monday,10,es_prior_opposed_legacy,1.0,5530.0,5530.0,False,1.0,False,1.0,True,ST-event age,st_age_gt180m,es_v2b_prior_opposed_stpmc_only_S_1_1_3_20211206_18,2021-12-06 15:11:00+00:00,5530.0
es_v2b_prior_opposed_stpmc_only_S_1_1_3_20211209_318,2021-12-09,2021,12,Thursday,15,es_prior_opposed_legacy,1.0,3292.5,3292.5,True,1.0,True,2.0,True,ST-event age,st_age_gt180m,es_v2b_prior_opposed_stpmc_only_S_1_1_3_20211209_318,2021-12-09 20:02:00+00:00,3292.5
es_v2b_prior_opposed_stpmc_only_S_1_1_3_20211216_18,2021-12-16,2021,12,Thursday,10,es_prior_opposed_legacy,1.0,8492.5,8492.5,False,1.0,False,1.0,True,ST-event age,st_age_gt180m,es_v2b_prior_opposed_stpmc_only_S_1_1_3_20211216_18,2021-12-16 15:02:00+00:00,8492.5
es_v2b_prior_opposed_stpmc_only_S_1_1_3_20211228_138,2021-12-28,2021,12,Tuesday,12,es_prior_opposed_legacy,1.0,355.0,355.0,False,1.0,False,1.0,True,ST-event age,st_age_gt180m,es_v2b_prior_opposed_stpmc_only_S_1_1_3_20211228_138,2021-12-28 17:28:00+00:00,355.0
es_v2b_prior_opposed_stpmc_only_S_1_1_3_20220104_78,2022-01-04,2022,1,Tuesday,11,es_prior_opposed_legacy,1.0,-570.0,-570.0,False,1.0,False,1.0,True,ST-event age,st_age_gt180m,es_v2b_prior_opposed_stpmc_only_S_1_1_3_20220104_78,2022-01-04 16:02:00+00:00,-570.0
es_v2b_prior_opposed_stpmc_only_S_1_1_3_20220106_138,2022-01-06,2022,1,Thursday,12,es_prior_opposed_legacy,1.0,-6882.5,-6882.5,True,1.0,True,2.0,True,ST-event age,st_age_gt180m,es_v2b_prior_opposed_stpmc_only_S_1_1_3_20220106_138,2022-01-06 17:42:00+00:00,-6882.5
es_v2b_prior_opposed_stpmc_only_S_1_1_3_20220110_258,2022-01-10,2022,1,Monday,14,es_prior_opposed_legacy,1.0,6055.0,6055.0,True,1.0,True,2.0,True,ST-event age,st_age_gt180m,es_v2b_prior_opposed_stpmc_only_S_1_1_3_20220110_258,2022-01-10 19:09:00+00:00,6055.0
es_v2b_prior_opposed_stpmc_only_S_1_1_3_20220111_198,2022-01-11,2022,1,Tuesday,13,es_prior_opposed_legacy,1.0,5730.0,5730.0,True,1.0,True,2.0,True,ST-event age,st_age_gt180m,es_v2b_prior_opposed_stpmc_only_S_1_1_3_20220111_198,2022-01-11 18:02:00+00:00,5730.0
es_v2b_prior_opposed_stpmc_only_S_1_1_3_20220124_258,2022-01-24,2022,1,Monday,15,es_prior_opposed_legacy,1.0,14305.0,14305.0,True,1.0,True,2.0,True,ST-event age,st_age_gt180m,es_v2b_prior_opposed_stpmc_only_S_1_1_3_20220124_258,2022-01-24 20:16:00+00:00,14305.0
es_v2b_prior_opposed_stpmc_only_S_1_1_3_20220127_01,2022-01-27,2022,1,Thursday,9,es_prior_opposed_legacy,1.0,-7507.5,-7507.5,False,1.0,False,1.0,True,ST-event age,st_age_gt180m,es_v2b_prior_opposed_stpmc_only_S_1_1_3_20220127_01,2022-01-27 14:45:00+00:00,-7507.5
es_v2b_prior_opposed_stpmc_only_S_1_1_3_20220128_78,2022-01-28,2022,1,Friday,11,es_prior_opposed_legacy,1.0,19655.0,19655.0,False,1.0,False,1.0,True,ST-event age,st_age_gt180m,es_v2b_prior_opposed_stpmc_only_S_1_1_3_20220128_78,2022-01-28 16:03:00+00:00,19655.0
es_v2b_prior_opposed_stpmc_only_S_1_1_3_20220202_78,2022-02-02,2022,2,Wednesday,11,es_prior_opposed_legacy,1.0,-4820.0,-4820.0,False,1.0,False,1.0,True,ST-event age,st_age_gt180m,es_v2b_prior_opposed_stpmc_only_S_1_1_3_20220202_78,2022-02-02 16:02:00+00:00,-4820.0
es_v2b_prior_opposed_stpmc_only_S_1_1_3_20220210_01,2022-02-10,2022,2,Thursday,13,es_prior_opposed_legacy,1.0,5092.5,5092.5,True,1.0,True,2.0,True,ST-event age,st_age_gt180m,es_v2b_prior_opposed_stpmc_only_S_1_1_3_20220210_01,2022-02-10 18:32:00+00:00,5092.5
es_v2b_prior_opposed_stpmc_only_S_1_1_3_20220215_01,2022-02-15,2022,2,Tuesday,9,es_prior_opposed_legacy,1.0,-5507.5,-5507.5,False,1.0,False,1.0,True,ST-event age,st_age_gt180m,es_v2b_prior_opposed_stpmc_only_S_1_1_3_20220215_01,2022-02-15 14:45:00+00:00,-5507.5
es_v2b_prior_opposed_stpmc_only_S_1_1_3_20220222_01,2022-02-22,2022,2,Tuesday,9,es_prior_opposed_legacy,1.0,-6570.0,-6570.0,False,1.0,False,1.0,True,ST-event age,st_age_gt180m,es_v2b_prior_opposed_stpmc_only_S_1_1_3_20220222_01,2022-02-22 14:46:00+00:00,-6570.0
es_v2b_prior_opposed_stpmc_only_S_1_1_3_20220921_258,2022-09-21,2022,9,Wednesday,14,es_prior_opposed_legacy,1.0,555.0,555.0,True,1.0,True,2.0,True,ST-event age,st_age_gt180m,es_v2b_prior_opposed_stpmc_only_S_1_1_3_20220921_258,2022-09-21 18:43:00+00:00,555.0
es_v2b_prior_opposed_stpmc_only_S_1_1_3_20221220_18,2022-12-20,2022,12,Tuesday,10,es_prior_opposed_legacy,1.0,-507.5,-507.5,False,1.0,False,1.0,True,ST-event age,st_age_gt180m,es_v2b_prior_opposed_stpmc_only_S_1_1_3_20221220_18,2022-12-20 15:02:00+00:00,-507.5
es_v2b_prior_opposed_stpmc_only_S_1_1_3_20221229_01,2022-12-29,2022,12,Thursday,9,es_prior_opposed_legacy,1.0,4642.5,4642.5,False,1.0,False,1.0,True,ST-event age,st_age_gt180m,es_v2b_prior_opposed_stpmc_only_S_1_1_3_20221229_01,2022-12-29 14:50:00+00:00,4642.5
es_v2b_prior_opposed_stpmc_only_S_1_1_3_20221230_318,2022-12-30,2022,12,Friday,15,es_prior_opposed_legacy,1.0,1617.5,1617.5,True,1.0,True,2.0,True,ST-event age,st_age_gt180m,es_v2b_prior_opposed_stpmc_only_S_1_1_3_20221230_318,2022-12-30 20:47:00+00:00,1617.5
es_v2b_prior_opposed_stpmc_only_S_1_1_3_20230103_01,2023-01-03,2023,1,Tuesday,9,es_prior_opposed_legacy,1.0,8342.5,8342.5,False,1.0,False,1.0,True,ST-event age,st_age_gt180m,es_v2b_prior_opposed_stpmc_only_S_1_1_3_20230103_01,2023-01-03 14:48:00+00:00,8342.5
es_v2b_prior_opposed_stpmc_only_S_1_1_3_20230104_78,2023-01-04,2023,1,Wednesday,11,es_prior_opposed_legacy,1.0,-5945.0,-5945.0,False,1.0,False,1.0,True,ST-event age,st_age_gt180m,es_v2b_prior_opposed_stpmc_only_S_1_1_3_20230104_78,2023-01-04 16:31:00+00:00,-5945.0
es_v2b_prior_opposed_stpmc_only_S_1_1_3_20230109_258,2023-01-09,2023,1,Monday,14,es_prior_opposed_legacy,1.0,3542.5,3542.5,True,1.0,True,2.0,True,ST-event age,st_age_gt180m,es_v2b_prior_opposed_stpmc_only_S_1_1_3_20230109_258,2023-01-09 19:58:00+00:00,3542.5
es_v2b_prior_opposed_stpmc_only_S_1_1_3_20230112_01,2023-01-12,2023,1,Thursday,9,es_prior_opposed_legacy,1.0,-9320.0,-9320.0,False,1.0,False,1.0,True,ST-event age,st_age_gt180m,es_v2b_prior_opposed_stpmc_only_S_1_1_3_20230112_01,2023-01-12 14:45:00+00:00,-9320.0
es_v2b_prior_opposed_stpmc_only_S_1_1_3_20230124_01,2023-01-24,2023,1,Tuesday,10,es_prior_opposed_legacy,1.0,-3132.5,-3132.5,False,1.0,False,1.0,True,ST-event age,st_age_gt180m,es_v2b_prior_opposed_stpmc_only_S_1_1_3_20230124_01,2023-01-24 15:05:00+00:00,-3132.5
es_v2b_prior_opposed_stpmc_only_S_1_1_3_20230130_01,2023-01-30,2023,1,Monday,10,es_prior_opposed_legacy,1.0,-3257.5,-3257.5,False,1.0,False,1.0,True,ST-event age,st_age_gt180m,es_v2b_prior_opposed_stpmc_only_S_1_1_3_20230130_01,2023-01-30 15:40:00+00:00,-3257.5
es_v2b_prior_opposed_stpmc_only_S_1_1_3_20230203_01,2023-02-03,2023,2,Friday,15,es_prior_opposed_legacy,1.0,-2320.0,-2320.0,True,1.0,True,2.0,True,ST-event age,st_age_gt180m,es_v2b_prior_opposed_stpmc_only_S_1_1_3_20230203_01,2023-02-03 20:00:00+00:00,-2320.0
es_v2b_prior_opposed_stpmc_only_S_1_1_3_20230207_198,2023-02-07,2023,2,Tuesday,13,es_prior_opposed_legacy,1.0,-2757.5,-2757.5,True,1.0,True,2.0,True,ST-event age,st_age_gt180m,es_v2b_prior_opposed_stpmc_only_S_1_1_3_20230207_198,2023-02-07 18:32:00+00:00,-2757.5
es_v2b_prior_opposed_stpmc_only_S_1_1_3_20230208_78,2023-02-08,2023,2,Wednesday,11,es_prior_opposed_legacy,1.0,2942.5,2942.5,False,1.0,False,1.0,True,ST-event age,st_age_gt180m,es_v2b_prior_opposed_stpmc_only_S_1_1_3_20230208_78,2023-02-08 16:02:00+00:00,2942.5
es_v2b_prior_opposed_stpmc_only_S_1_1_3_20230214_01,2023-02-14,2023,2,Tuesday,10,es_prior_opposed_legacy,1.0,-5007.5,-5007.5,False,1.0,False,1.0,True,ST-event age,st_age_gt180m,es_v2b_prior_opposed_stpmc_only_S_1_1_3_20230214_01,2023-02-14 15:46:00+00:00,-5007.5
es_v2b_prior_opposed_stpmc_only_S_1_1_3_20230223_01,2023-02-23,2023,2,Thursday,9,es_prior_opposed_legacy,1.0,-2695.0,-2695.0,False,1.0,False,1.0,True,ST-event age,st_age_gt180m,es_v2b_prior_opposed_stpmc_only_S_1_1_3_20230223_01,2023-02-23 14:47:00+00:00,-2695.0
es_v2b_prior_opposed_stpmc_only_S_1_1_3_20230227_01,2023-02-27,2023,2,Monday,9,es_prior_opposed_legacy,1.0,305.0,305.0,False,1.0,False,1.0,True,ST-event age,st_age_gt180m,es_v2b_prior_opposed_stpmc_only_S_1_1_3_20230227_01,2023-02-27 14:58:00+00:00,305.0
es_v2b_prior_opposed_stpmc_only_S_1_1_3_20230302_198,2023-03-02,2023,3,Thursday,13,es_prior_opposed_legacy,1.0,4805.0,4805.0,True,1.0,True,2.0,True,ST-event age,st_age_gt180m,es_v2b_prior_opposed_stpmc_only_S_1_1_3_20230302_198,2023-03-02 18:02:00+00:00,4805.0
es_v2b_prior_opposed_stpmc_only_S_1_1_3_20230307_18,2023-03-07,2023,3,Tuesday,10,es_prior_opposed_legacy,1.0,3092.5,3092.5,False,1.0,False,1.0,True,ST-event age,st_age_gt180m,es_v2b_prior_opposed_stpmc_only_S_1_1_3_20230307_18,2023-03-07 15:02:00+00:00,3092.5
es_v2b_prior_opposed_stpmc_only_S_1_1_3_20230309_198,2023-03-09,2023,3,Thursday,13,es_prior_opposed_legacy,1.0,9317.5,9317.5,True,1.0,True,2.0,True,ST-event age,st_age_gt180m,es_v2b_prior_opposed_stpmc_only_S_1_1_3_20230309_198,2023-03-09 18:02:00+00:00,9317.5
es_v2b_prior_opposed_stpmc_only_S_1_1_3_20230310_01,2023-03-10,2023,3,Friday,10,es_prior_opposed_legacy,1.0,-7320.0,-7320.0,False,1.0,False,1.0,True,ST-event age,st_age_gt180m,es_v2b_prior_opposed_stpmc_only_S_1_1_3_20230310_01,2023-03-10 15:59:00+00:00,-7320.0
es_v2b_prior_opposed_stpmc_only_S_1_1_3_20230314_01,2023-03-14,2023,3,Tuesday,9,es_prior_opposed_legacy,1.0,705.0,705.0,False,1.0,False,1.0,True,ST-event age,st_age_gt180m,es_v2b_prior_opposed_stpmc_only_S_1_1_3_20230314_01,2023-03-14 13:48:00+00:00,705.0
es_v2b_prior_opposed_stpmc_only_S_1_1_3_20230317_01,2023-03-17,2023,3,Friday,9,es_prior_opposed_legacy,1.0,-4132.5,-4132.5,False,1.0,False,1.0,True,ST-event age,st_age_gt180m,es_v2b_prior_opposed_stpmc_only_S_1_1_3_20230317_01,2023-03-17 13:47:00+00:00,-4132.5
es_v2b_prior_opposed_stpmc_only_S_1_1_3_20230320_01,2023-03-20,2023,3,Monday,9,es_prior_opposed_legacy,1.0,817.5,817.5,False,1.0,False,1.0,True,ST-event age,st_age_gt180m,es_v2b_prior_opposed_stpmc_only_S_1_1_3_20230320_01,2023-03-20 13:51:00+00:00,817.5
es_v2b_prior_opposed_stpmc_only_S_1_1_3_20230322_318,2023-03-22,2023,3,Wednesday,15,es_prior_opposed_legacy,1.0,842.5,842.5,True,1.0,True,2.0,True,ST-event age,st_age_gt180m,es_v2b_prior_opposed_stpmc_only_S_1_1_3_20230322_318,2023-03-22 19:02:00+00:00,842.5
es_v2b_prior_opposed_stpmc_only_S_1_1_3_20230323_258,2023-03-23,2023,3,Thursday,14,es_prior_opposed_legacy,1.0,1705.0,1705.0,True,1.0,True,2.0,True,ST-event age,st_age_gt180m,es_v2b_prior_opposed_stpmc_only_S_1_1_3_20230323_258,2023-03-23 18:02:00+00:00,1705.0
es_v2b_prior_opposed_stpmc_only_S_1_1_3_20230328_198,2023-03-28,2023,3,Tuesday,13,es_prior_opposed_legacy,1.0,317.5,317.5,True,1.0,True,2.0,True,ST-event age,st_age_gt180m,es_v2b_prior_opposed_stpmc_only_S_1_1_3_20230328_198,2023-03-28 17:05:00+00:00,317.5
es_v2b_prior_opposed_stpmc_only_S_1_1_3_20230404_18,2023-04-04,2023,4,Tuesday,10,es_prior_opposed_legacy,1.0,4442.5,4442.5,False,1.0,False,1.0,True,ST-event age,st_age_gt180m,es_v2b_prior_opposed_stpmc_only_S_1_1_3_20230404_18,2023-04-04 14:21:00+00:00,4442.5
es_v2b_prior_opposed_stpmc_only_S_1_1_3_20230406_138,2023-04-06,2023,4,Thursday,12,es_prior_opposed_legacy,1.0,1280.0,1280.0,False,1.0,False,1.0,True,ST-event age,st_age_gt180m,es_v2b_prior_opposed_stpmc_only_S_1_1_3_20230406_138,2023-04-06 16:02:00+00:00,1280.0
es_v2b_prior_opposed_stpmc_only_S_1_1_3_20230412_18,2023-04-12,2023,4,Wednesday,10,es_prior_opposed_legacy,1.0,830.0,830.0,False,1.0,False,1.0,True,ST-event age,st_age_gt180m,es_v2b_prior_opposed_stpmc_only_S_1_1_3_20230412_18,2023-04-12 14:02:00+00:00,830.0
es_v2b_prior_opposed_stpmc_only_S_1_1_3_20230427_18,2023-04-27,2023,4,Thursday,10,es_prior_opposed_legacy,1.0,280.0,280.0,False,1.0,False,1.0,True,ST-event age,st_age_gt180m,es_v2b_prior_opposed_stpmc_only_S_1_1_3_20230427_18,2023-04-27 14:02:00+00:00,280.0
es_v2b_prior_opposed_stpmc_only_S_1_1_3_20230503_01,2023-05-03,2023,5,Wednesday,9,es_prior_opposed_legacy,1.0,155.0,155.0,False,1.0,False,1.0,True,ST-event age,st_age_gt180m,es_v2b_prior_opposed_stpmc_only_S_1_1_3_20230503_01,2023-05-03 13:45:00+00:00,155.0
es_v2b_prior_opposed_stpmc_only_S_1_1_3_20230505_01,2023-05-05,2023,5,Friday,9,es_prior_opposed_legacy,1.0,5867.5,5867.5,False,1.0,False,1.0,True,ST-event age,st_age_gt180m,es_v2b_prior_opposed_stpmc_only_S_1_1_3_20230505_01,2023-05-05 13:45:00+00:00,5867.5
es_v2b_prior_opposed_stpmc_only_S_1_1_3_20230519_78,2023-05-19,2023,5,Friday,11,es_prior_opposed_legacy,1.0,330.0,330.0,False,1.0,False,1.0,True,ST-event age,st_age_gt180m,es_v2b_prior_opposed_stpmc_only_S_1_1_3_20230519_78,2023-05-19 15:09:00+00:00,330.0
es_v2b_prior_opposed_stpmc_only_S_1_1_3_20230530_18,2023-05-30,2023,5,Tuesday,10,es_prior_opposed_legacy,1.0,-1645.0,-1645.0,False,1.0,False,1.0,True,ST-event age,st_age_gt180m,es_v2b_prior_opposed_stpmc_only_S_1_1_3_20230530_18,2023-05-30 14:02:00+00:00,-1645.0
es_v2b_prior_opposed_stpmc_only_S_1_1_3_20230601_18,2023-06-01,2023,6,Thursday,10,es_prior_opposed_legacy,1.0,7105.0,7105.0,False,1.0,False,1.0,True,ST-event age,st_age_gt180m,es_v2b_prior_opposed_stpmc_only_S_1_1_3_20230601_18,2023-06-01 14:12:00+00:00,7105.0
es_v2b_prior_opposed_stpmc_only_S_1_1_3_20230605_258,2023-06-05,2023,6,Monday,14,es_prior_opposed_legacy,1.0,2392.5,2392.5,True,1.0,True,2.0,True,ST-event age,st_age_gt180m,es_v2b_prior_opposed_stpmc_only_S_1_1_3_20230605_258,2023-06-05 18:06:00+00:00,2392.5
es_v2b_prior_opposed_stpmc_only_S_1_1_3_20230614_258,2023-06-14,2023,6,Wednesday,14,es_prior_opposed_legacy,1.0,155.0,155.0,True,1.0,True,2.0,True,ST-event age,st_age_gt180m,es_v2b_prior_opposed_stpmc_only_S_1_1_3_20230614_258,2023-06-14 18:02:00+00:00,155.0
es_v2b_prior_opposed_stpmc_only_S_1_1_3_20230616_318,2023-06-16,2023,6,Friday,15,es_prior_opposed_legacy,1.0,680.0,680.0,True,1.0,True,2.0,True,ST-event age,st_age_gt180m,es_v2b_prior_opposed_stpmc_only_S_1_1_3_20230616_318,2023-06-16 19:02:00+00:00,680.0
es_v2b_prior_opposed_stpmc_only_S_1_1_3_20230623_01,2023-06-23,2023,6,Friday,15,es_prior_opposed_legacy,1.0,-2320.0,-2320.0,True,1.0,True,2.0,True,ST-event age,st_age_gt180m,es_v2b_prior_opposed_stpmc_only_S_1_1_3_20230623_01,2023-06-23 19:00:00+00:00,-2320.0
es_v2b_prior_opposed_stpmc_only_S_1_1_3_20230706_258,2023-07-06,2023,7,Thursday,14,es_prior_opposed_legacy,1.0,-70.0,-70.0,True,1.0,True,2.0,True,ST-event age,st_age_gt180m,es_v2b_prior_opposed_stpmc_only_S_1_1_3_20230706_258,2023-07-06 18:02:00+00:00,-70.0
es_v2b_prior_opposed_stpmc_only_S_1_1_3_20230710_01,2023-07-10,2023,7,Monday,10,es_prior_opposed_legacy,1.0,-3507.5,-3507.5,False,1.0,False,1.0,True,ST-event age,st_age_gt180m,es_v2b_prior_opposed_stpmc_only_S_1_1_3_20230710_01,2023-07-10 14:01:00+00:00,-3507.5
es_v2b_prior_opposed_stpmc_only_S_1_1_3_20230714_318,2023-07-14,2023,7,Friday,15,es_prior_opposed_legacy,1.0,-1207.5,-1207.5,True,1.0,True,2.0,True,ST-event age,st_age_gt180m,es_v2b_prior_opposed_stpmc_only_S_1_1_3_20230714_318,2023-07-14 19:02:00+00:00,-1207.5
es_v2b_prior_opposed_stpmc_only_S_1_1_3_20230727_198,2023-07-27,2023,7,Thursday,13,es_prior_opposed_legacy,1.0,9767.5,9767.5,True,1.0,True,2.0,True,ST-event age,st_age_gt180m,es_v2b_prior_opposed_stpmc_only_S_1_1_3_20230727_198,2023-07-27 17:02:00+00:00,9767.5
es_v2b_prior_opposed_stpmc_only_S_1_1_3_20230804_01,2023-08-04,2023,8,Friday,9,es_prior_opposed_legacy,1.0,-3882.5,-3882.5,False,1.0,False,1.0,True,ST-event age,st_age_gt180m,es_v2b_prior_opposed_stpmc_only_S_1_1_3_20230804_01,2023-08-04 13:47:00+00:00,-3882.5
es_v2b_prior_opposed_stpmc_only_S_1_1_3_20230814_01,2023-08-14,2023,8,Monday,9,es_prior_opposed_legacy,1.0,5380.0,5380.0,False,1.0,False,1.0,True,ST-event age,st_age_gt180m,es_v2b_prior_opposed_stpmc_only_S_1_1_3_20230814_01,2023-08-14 13:52:00+00:00,5380.0
es_v2b_prior_opposed_stpmc_only_S_1_1_3_20230818_318,2023-08-18,2023,8,Friday,15,es_prior_opposed_legacy,1.0,2142.5,2142.5,True,1.0,True,2.0,True,ST-event age,st_age_gt180m,es_v2b_prior_opposed_stpmc_only_S_1_1_3_20230818_318,2023-08-18 19:02:00+00:00,2142.5
es_v2b_prior_opposed_stpmc_only_S_1_1_3_20230823_18,2023-08-23,2023,8,Wednesday,10,es_prior_opposed_legacy,1.0,4805.0,4805.0,False,1.0,False,1.0,True,ST-event age,st_age_gt180m,es_v2b_prior_opposed_stpmc_only_S_1_1_3_20230823_18,2023-08-23 14:02:00+00:00,4805.0
es_v2b_prior_opposed_stpmc_only_S_1_1_3_20230825_18,2023-08-25,2023,8,Friday,10,es_prior_opposed_legacy,1.0,-2570.0,-2570.0,False,1.0,False,1.0,True,ST-event age,st_age_gt180m,es_v2b_prior_opposed_stpmc_only_S_1_1_3_20230825_18,2023-08-25 14:03:00+00:00,-2570.0
es_v2b_prior_opposed_stpmc_only_S_1_1_3_20230901_78,2023-09-01,2023,9,Friday,11,es_prior_opposed_legacy,1.0,-695.0,-695.0,False,1.0,False,1.0,True,ST-event age,st_age_gt180m,es_v2b_prior_opposed_stpmc_only_S_1_1_3_20230901_78,2023-09-01 15:02:00+00:00,-695.0
es_v2b_prior_opposed_stpmc_only_S_1_1_3_20230908_01,2023-09-08,2023,9,Friday,10,es_prior_opposed_legacy,1.0,-3507.5,-3507.5,False,1.0,False,1.0,True,ST-event age,st_age_gt180m,es_v2b_prior_opposed_stpmc_only_S_1_1_3_20230908_01,2023-09-08 14:00:00+00:00,-3507.5
es_v2b_prior_opposed_stpmc_only_S_1_1_3_20230912_18,2023-09-12,2023,9,Tuesday,10,es_prior_opposed_legacy,1.0,-2882.5,-2882.5,False,1.0,False,1.0,True,ST-event age,st_age_gt180m,es_v2b_prior_opposed_stpmc_only_S_1_1_3_20230912_18,2023-09-12 14:25:00+00:00,-2882.5
es_v2b_prior_opposed_stpmc_only_S_1_1_3_20230918_138,2023-09-18,2023,9,Monday,12,es_prior_opposed_legacy,1.0,-1720.0,-1720.0,False,1.0,False,1.0,True,ST-event age,st_age_gt180m,es_v2b_prior_opposed_stpmc_only_S_1_1_3_20230918_138,2023-09-18 16:02:00+00:00,-1720.0
es_v2b_prior_opposed_stpmc_only_S_1_1_3_20230922_78,2023-09-22,2023,9,Friday,11,es_prior_opposed_legacy,1.0,-1545.0,-1545.0,False,1.0,False,1.0,True,ST-event age,st_age_gt180m,es_v2b_prior_opposed_stpmc_only_S_1_1_3_20230922_78,2023-09-22 15:02:00+00:00,-1545.0
es_v2b_prior_opposed_stpmc_only_S_1_1_3_20231004_01,2023-10-04,2023,10,Wednesday,11,es_prior_opposed_legacy,1.0,-3945.0,-3945.0,False,1.0,False,1.0,True,ST-event age,st_age_gt180m,es_v2b_prior_opposed_stpmc_only_S_1_1_3_20231004_01,2023-10-04 15:47:00+00:00,-3945.0
es_v2b_prior_opposed_stpmc_only_S_1_1_3_20231006_78,2023-10-06,2023,10,Friday,11,es_prior_opposed_legacy,1.0,10317.5,10317.5,False,1.0,False,1.0,True,ST-event age,st_age_gt180m,es_v2b_prior_opposed_stpmc_only_S_1_1_3_20231006_78,2023-10-06 15:02:00+00:00,10317.5
es_v2b_prior_opposed_stpmc_only_S_1_1_3_20231011_138,2023-10-11,2023,10,Wednesday,12,es_prior_opposed_legacy,1.0,-2245.0,-2245.0,False,1.0,False,1.0,True,ST-event age,st_age_gt180m,es_v2b_prior_opposed_stpmc_only_S_1_1_3_20231011_138,2023-10-11 16:02:00+00:00,-2245.0
es_v2b_prior_opposed_stpmc_only_S_1_1_3_20231013_18,2023-10-13,2023,10,Friday,10,es_prior_opposed_legacy,1.0,7292.5,7292.5,False,1.0,False,1.0,True,ST-event age,st_age_gt180m,es_v2b_prior_opposed_stpmc_only_S_1_1_3_20231013_18,2023-10-13 14:03:00+00:00,7292.5
es_v2b_prior_opposed_stpmc_only_S_1_1_3_20231017_01,2023-10-17,2023,10,Tuesday,9,es_prior_opposed_legacy,1.0,-2695.0,-2695.0,False,1.0,False,1.0,True,ST-event age,st_age_gt180m,es_v2b_prior_opposed_stpmc_only_S_1_1_3_20231017_01,2023-10-17 13:52:00+00:00,-2695.0
es_v2b_prior_opposed_stpmc_only_S_1_1_3_20231023_78,2023-10-23,2023,10,Monday,11,es_prior_opposed_legacy,1.0,355.0,355.0,False,1.0,False,1.0,True,ST-event age,st_age_gt180m,es_v2b_prior_opposed_stpmc_only_S_1_1_3_20231023_78,2023-10-23 15:02:00+00:00,355.0
es_v2b_prior_opposed_stpmc_only_S_1_1_3_20231229_01,2023-12-29,2023,12,Friday,10,es_prior_opposed_legacy,1.0,2042.5,2042.5,False,1.0,False,1.0,True,ST-event age,st_age_gt180m,es_v2b_prior_opposed_stpmc_only_S_1_1_3_20231229_01,2023-12-29 15:34:00+00:00,2042.5
es_v2b_prior_opposed_stpmc_only_S_1_1_3_20240102_01,2024-01-02,2024,1,Tuesday,9,es_prior_opposed_legacy,1.0,-3132.5,-3132.5,False,1.0,False,1.0,True,ST-event age,st_age_gt180m,es_v2b_prior_opposed_stpmc_only_S_1_1_3_20240102_01,2024-01-02 14:45:00+00:00,-3132.5
es_v2b_prior_opposed_stpmc_only_S_1_1_3_20240105_01,2024-01-05,2024,1,Friday,9,es_prior_opposed_legacy,1.0,580.0,580.0,False,1.0,False,1.0,True,ST-event age,st_age_gt180m,es_v2b_prior_opposed_stpmc_only_S_1_1_3_20240105_01,2024-01-05 14:53:00+00:00,580.0
es_v2b_prior_opposed_stpmc_only_S_1_1_3_20240109_78,2024-01-09,2024,1,Tuesday,11,es_prior_opposed_legacy,1.0,2255.0,2255.0,False,1.0,False,1.0,True,ST-event age,st_age_gt180m,es_v2b_prior_opposed_stpmc_only_S_1_1_3_20240109_78,2024-01-09 16:02:00+00:00,2255.0
es_v2b_prior_opposed_stpmc_only_S_1_1_3_20240111_01,2024-01-11,2024,1,Thursday,9,es_prior_opposed_legacy,1.0,1705.0,1705.0,False,1.0,False,1.0,True,ST-event age,st_age_gt180m,es_v2b_prior_opposed_stpmc_only_S_1_1_3_20240111_01,2024-01-11 14:45:00+00:00,1705.0
es_v2b_prior_opposed_stpmc_only_S_1_1_3_20240124_258,2024-01-24,2024,1,Wednesday,14,es_prior_opposed_legacy,1.0,3580.0,3580.0,True,1.0,True,2.0,True,ST-event age,st_age_gt180m,es_v2b_prior_opposed_stpmc_only_S_1_1_3_20240124_258,2024-01-24 19:02:00+00:00,3580.0
es_v2b_prior_opposed_stpmc_only_S_1_1_3_20240212_258,2024-02-12,2024,2,Monday,14,es_prior_opposed_legacy,1.0,-232.5,-232.5,True,1.0,True,2.0,True,ST-event age,st_age_gt180m,es_v2b_prior_opposed_stpmc_only_S_1_1_3_20240212_258,2024-02-12 19:18:00+00:00,-232.5
es_v2b_prior_opposed_stpmc_only_S_1_1_3_20240216_01,2024-02-16,2024,2,Friday,9,es_prior_opposed_legacy,1.0,480.0,480.0,False,1.0,False,1.0,True,ST-event age,st_age_gt180m,es_v2b_prior_opposed_stpmc_only_S_1_1_3_20240216_01,2024-02-16 14:50:00+00:00,480.0
es_v2b_prior_opposed_stpmc_only_S_1_1_3_20240229_78,2024-02-29,2024,2,Thursday,11,es_prior_opposed_legacy,1.0,-932.5,-932.5,False,1.0,False,1.0,True,ST-event age,st_age_gt180m,es_v2b_prior_opposed_stpmc_only_S_1_1_3_20240229_78,2024-02-29 16:02:00+00:00,-932.5
es_v2b_prior_opposed_stpmc_only_S_1_1_3_20240306_258,2024-03-06,2024,3,Wednesday,14,es_prior_opposed_legacy,1.0,442.5,442.5,True,1.0,True,2.0,True,ST-event age,st_age_gt180m,es_v2b_prior_opposed_stpmc_only_S_1_1_3_20240306_258,2024-03-06 19:03:00+00:00,442.5
es_v2b_prior_opposed_stpmc_only_S_1_1_3_20240308_78,2024-03-08,2024,3,Friday,11,es_prior_opposed_legacy,1.0,7292.5,7292.5,False,1.0,False,1.0,True,ST-event age,st_age_gt180m,es_v2b_prior_opposed_stpmc_only_S_1_1_3_20240308_78,2024-03-08 16:24:00+00:00,7292.5
es_v2b_prior_opposed_stpmc_only_S_1_1_3_20240312_01,2024-03-12,2024,3,Tuesday,9,es_prior_opposed_legacy,1.0,-6382.5,-6382.5,False,1.0,False,1.0,True,ST-event age,st_age_gt180m,es_v2b_prior_opposed_stpmc_only_S_1_1_3_20240312_01,2024-03-12 13:45:00+00:00,-6382.5
es_v2b_prior_opposed_stpmc_only_S_1_1_3_20240314_01,2024-03-14,2024,3,Thursday,9,es_prior_opposed_legacy,1.0,3017.5,3017.5,False,1.0,False,1.0,True,ST-event age,st_age_gt180m,es_v2b_prior_opposed_stpmc_only_S_1_1_3_20240314_01,2024-03-14 13:46:00+00:00,3017.5
es_v2b_prior_opposed_stpmc_only_S_1_1_3_20240322_01,2024-03-22,2024,3,Friday,9,es_prior_opposed_legacy,1.0,255.0,255.0,False,1.0,False,1.0,True,ST-event age,st_age_gt180m,es_v2b_prior_opposed_stpmc_only_S_1_1_3_20240322_01,2024-03-22 13:45:00+00:00,255.0
es_v2b_prior_opposed_stpmc_only_S_1_1_3_20240403_18,2024-04-03,2024,4,Wednesday,10,es_prior_opposed_legacy,1.0,-1520.0,-1520.0,False,1.0,False,1.0,True,ST-event age,st_age_gt180m,es_v2b_prior_opposed_stpmc_only_S_1_1_3_20240403_18,2024-04-03 14:02:00+00:00,-1520.0
es_v2b_prior_opposed_stpmc_only_S_1_1_3_20240405_18,2024-04-05,2024,4,Friday,10,es_prior_opposed_legacy,1.0,6130.0,6130.0,False,1.0,False,1.0,True,ST-event age,st_age_gt180m,es_v2b_prior_opposed_stpmc_only_S_1_1_3_20240405_18,2024-04-05 14:02:00+00:00,6130.0
es_v2b_prior_opposed_stpmc_only_S_1_1_3_20240411_01,2024-04-11,2024,4,Thursday,13,es_prior_opposed_legacy,1.0,5867.5,5867.5,True,1.0,True,2.0,True,ST-event age,st_age_gt180m,es_v2b_prior_opposed_stpmc_only_S_1_1_3_20240411_01,2024-04-11 17:04:00+00:00,5867.5
es_v2b_prior_opposed_stpmc_only_S_1_1_3_20240419_01,2024-04-19,2024,4,Friday,9,es_prior_opposed_legacy,1.0,-3945.0,-3945.0,False,1.0,False,1.0,True,ST-event age,st_age_gt180m,es_v2b_prior_opposed_stpmc_only_S_1_1_3_20240419_01,2024-04-19 13:46:00+00:00,-3945.0
es_v2b_prior_opposed_stpmc_only_S_1_1_3_20240425_198,2024-04-25,2024,4,Thursday,13,es_prior_opposed_legacy,1.0,680.0,680.0,True,1.0,True,2.0,True,ST-event age,st_age_gt180m,es_v2b_prior_opposed_stpmc_only_S_1_1_3_20240425_198,2024-04-25 17:02:00+00:00,680.0
es_v2b_prior_opposed_stpmc_only_S_1_1_3_20240501_258,2024-05-01,2024,5,Wednesday,14,es_prior_opposed_legacy,1.0,-2507.5,-2507.5,True,1.0,True,2.0,True,ST-event age,st_age_gt180m,es_v2b_prior_opposed_stpmc_only_S_1_1_3_20240501_258,2024-05-01 18:02:00+00:00,-2507.5
es_v2b_prior_opposed_stpmc_only_S_1_1_3_20240502_18,2024-05-02,2024,5,Thursday,10,es_prior_opposed_legacy,1.0,-2295.0,-2295.0,False,1.0,False,1.0,True,ST-event age,st_age_gt180m,es_v2b_prior_opposed_stpmc_only_S_1_1_3_20240502_18,2024-05-02 14:02:00+00:00,-2295.0
es_v2b_prior_opposed_stpmc_only_S_1_1_3_20240516_318,2024-05-16,2024,5,Thursday,15,es_prior_opposed_legacy,1.0,580.0,580.0,True,1.0,True,2.0,True,ST-event age,st_age_gt180m,es_v2b_prior_opposed_stpmc_only_S_1_1_3_20240516_318,2024-05-16 19:26:00+00:00,580.0
es_v2b_prior_opposed_stpmc_only_S_1_1_3_20240528_01,2024-05-28,2024,5,Tuesday,9,es_prior_opposed_legacy,1.0,180.0,180.0,False,1.0,False,1.0,True,ST-event age,st_age_gt180m,es_v2b_prior_opposed_stpmc_only_S_1_1_3_20240528_01,2024-05-28 13:45:00+00:00,180.0
es_v2b_prior_opposed_stpmc_only_S_1_1_3_20240531_18,2024-05-31,2024,5,Friday,10,es_prior_opposed_legacy,1.0,830.0,830.0,False,1.0,False,1.0,True,ST-event age,st_age_gt180m,es_v2b_prior_opposed_stpmc_only_S_1_1_3_20240531_18,2024-05-31 14:02:00+00:00,830.0
es_v2b_prior_opposed_stpmc_only_S_1_1_3_20240604_258,2024-06-04,2024,6,Tuesday,14,es_prior_opposed_legacy,1.0,1342.5,1342.5,True,1.0,True,2.0,True,ST-event age,st_age_gt180m,es_v2b_prior_opposed_stpmc_only_S_1_1_3_20240604_258,2024-06-04 18:02:00+00:00,1342.5
es_v2b_prior_opposed_stpmc_only_S_1_1_3_20240606_258,2024-06-06,2024,6,Thursday,14,es_prior_opposed_legacy,1.0,-282.5,-282.5,True,1.0,True,2.0,True,ST-event age,st_age_gt180m,es_v2b_prior_opposed_stpmc_only_S_1_1_3_20240606_258,2024-06-06 18:02:00+00:00,-282.5
es_v2b_prior_opposed_stpmc_only_S_1_1_3_20240612_318,2024-06-12,2024,6,Wednesday,15,es_prior_opposed_legacy,1.0,-382.5,-382.5,True,1.0,True,2.0,True,ST-event age,st_age_gt180m,es_v2b_prior_opposed_stpmc_only_S_1_1_3_20240612_318,2024-06-12 19:28:00+00:00,-382.5
es_v2b_prior_opposed_stpmc_only_S_1_1_3_20240620_01,2024-06-20,2024,6,Thursday,10,es_prior_opposed_legacy,1.0,4330.0,4330.0,False,1.0,False,1.0,True,ST-event age,st_age_gt180m,es_v2b_prior_opposed_stpmc_only_S_1_1_3_20240620_01,2024-06-20 14:11:00+00:00,4330.0
es_v2b_prior_opposed_stpmc_only_S_1_1_3_20240626_01,2024-06-26,2024,6,Wednesday,11,es_prior_opposed_legacy,1.0,-2070.0,-2070.0,False,1.0,False,1.0,True,ST-event age,st_age_gt180m,es_v2b_prior_opposed_stpmc_only_S_1_1_3_20240626_01,2024-06-26 15:11:00+00:00,-2070.0
es_v2b_prior_opposed_stpmc_only_S_1_1_3_20240702_01,2024-07-02,2024,7,Tuesday,10,es_prior_opposed_legacy,1.0,7605.0,7605.0,False,1.0,False,1.0,True,ST-event age,st_age_gt180m,es_v2b_prior_opposed_stpmc_only_S_1_1_3_20240702_01,2024-07-02 14:08:00+00:00,7605.0
es_v2b_prior_opposed_stpmc_only_S_1_1_3_20240705_01,2024-07-05,2024,7,Friday,9,es_prior_opposed_legacy,1.0,-2257.5,-2257.5,False,1.0,False,1.0,True,ST-event age,st_age_gt180m,es_v2b_prior_opposed_stpmc_only_S_1_1_3_20240705_01,2024-07-05 13:46:00+00:00,-2257.5
es_v2b_prior_opposed_stpmc_only_S_1_1_3_20240711_18,2024-07-11,2024,7,Thursday,10,es_prior_opposed_legacy,1.0,8230.0,8230.0,False,1.0,False,1.0,True,ST-event age,st_age_gt180m,es_v2b_prior_opposed_stpmc_only_S_1_1_3_20240711_18,2024-07-11 14:13:00+00:00,8230.0
es_v2b_prior_opposed_stpmc_only_S_1_1_3_20240725_78,2024-07-25,2024,7,Thursday,11,es_prior_opposed_legacy,1.0,442.5,442.5,False,1.0,False,1.0,True,ST-event age,st_age_gt180m,es_v2b_prior_opposed_stpmc_only_S_1_1_3_20240725_78,2024-07-25 15:02:00+00:00,442.5
es_v2b_prior_opposed_stpmc_only_S_1_1_3_20240726_138,2024-07-26,2024,7,Friday,12,es_prior_opposed_legacy,1.0,-2270.0,-2270.0,False,1.0,False,1.0,True,ST-event age,st_age_gt180m,es_v2b_prior_opposed_stpmc_only_S_1_1_3_20240726_138,2024-07-26 16:02:00+00:00,-2270.0
es_v2b_prior_opposed_stpmc_only_S_1_1_3_20240801_18,2024-08-01,2024,8,Thursday,10,es_prior_opposed_legacy,1.0,17680.0,17680.0,False,1.0,False,1.0,True,ST-event age,st_age_gt180m,es_v2b_prior_opposed_stpmc_only_S_1_1_3_20240801_18,2024-08-01 14:06:00+00:00,17680.0
es_v2b_prior_opposed_stpmc_only_S_1_1_3_20240805_138,2024-08-05,2024,8,Monday,12,es_prior_opposed_legacy,1.0,-6507.5,-6507.5,False,1.0,False,1.0,True,ST-event age,st_age_gt180m,es_v2b_prior_opposed_stpmc_only_S_1_1_3_20240805_138,2024-08-05 16:02:00+00:00,-6507.5
es_v2b_prior_opposed_stpmc_only_S_1_1_3_20240808_01,2024-08-08,2024,8,Thursday,9,es_prior_opposed_legacy,1.0,11417.5,11417.5,False,1.0,False,1.0,True,ST-event age,st_age_gt180m,es_v2b_prior_opposed_stpmc_only_S_1_1_3_20240808_01,2024-08-08 13:54:00+00:00,11417.5
es_v2b_prior_opposed_stpmc_only_S_1_1_3_20240816_138,2024-08-16,2024,8,Friday,12,es_prior_opposed_legacy,1.0,2130.0,2130.0,False,1.0,False,1.0,True,ST-event age,st_age_gt180m,es_v2b_prior_opposed_stpmc_only_S_1_1_3_20240816_138,2024-08-16 16:02:00+00:00,2130.0
es_v2b_prior_opposed_stpmc_only_S_1_1_3_20240820_78,2024-08-20,2024,8,Tuesday,11,es_prior_opposed_legacy,1.0,-1545.0,-1545.0,False,1.0,False,1.0,True,ST-event age,st_age_gt180m,es_v2b_prior_opposed_stpmc_only_S_1_1_3_20240820_78,2024-08-20 15:02:00+00:00,-1545.0
es_v2b_prior_opposed_stpmc_only_S_1_1_3_20240826_18,2024-08-26,2024,8,Monday,10,es_prior_opposed_legacy,1.0,4342.5,4342.5,False,1.0,False,1.0,True,ST-event age,st_age_gt180m,es_v2b_prior_opposed_stpmc_only_S_1_1_3_20240826_18,2024-08-26 14:02:00+00:00,4342.5
es_v2b_prior_opposed_stpmc_only_S_1_1_3_20240829_258,2024-08-29,2024,8,Thursday,14,es_prior_opposed_legacy,1.0,592.5,592.5,True,1.0,True,2.0,True,ST-event age,st_age_gt180m,es_v2b_prior_opposed_stpmc_only_S_1_1_3_20240829_258,2024-08-29 18:35:00+00:00,592.5
es_v2b_prior_opposed_stpmc_only_S_1_1_3_20240904_18,2024-09-04,2024,9,Wednesday,10,es_prior_opposed_legacy,1.0,-6132.5,-6132.5,False,1.0,False,1.0,True,ST-event age,st_age_gt180m,es_v2b_prior_opposed_stpmc_only_S_1_1_3_20240904_18,2024-09-04 14:02:00+00:00,-6132.5
es_v2b_prior_opposed_stpmc_only_S_1_1_3_20240909_18,2024-09-09,2024,9,Monday,10,es_prior_opposed_legacy,1.0,380.0,380.0,False,1.0,False,1.0,True,ST-event age,st_age_gt180m,es_v2b_prior_opposed_stpmc_only_S_1_1_3_20240909_18,2024-09-09 14:02:00+00:00,380.0
es_v2b_prior_opposed_stpmc_only_S_1_1_3_20240911_01,2024-09-11,2024,9,Wednesday,13,es_prior_opposed_legacy,1.0,12805.0,12805.0,True,1.0,True,2.0,True,ST-event age,st_age_gt180m,es_v2b_prior_opposed_stpmc_only_S_1_1_3_20240911_01,2024-09-11 17:07:00+00:00,12805.0
es_v2b_prior_opposed_stpmc_only_S_1_1_3_20240917_138,2024-09-17,2024,9,Tuesday,12,es_prior_opposed_legacy,1.0,3580.0,3580.0,False,1.0,False,1.0,True,ST-event age,st_age_gt180m,es_v2b_prior_opposed_stpmc_only_S_1_1_3_20240917_138,2024-09-17 16:10:00+00:00,3580.0
es_v2b_prior_opposed_stpmc_only_S_1_1_3_20240920_78,2024-09-20,2024,9,Friday,11,es_prior_opposed_legacy,1.0,-2182.5,-2182.5,False,1.0,False,1.0,True,ST-event age,st_age_gt180m,es_v2b_prior_opposed_stpmc_only_S_1_1_3_20240920_78,2024-09-20 15:02:00+00:00,-2182.5
es_v2b_prior_opposed_stpmc_only_S_1_1_3_20240926_18,2024-09-26,2024,9,Thursday,10,es_prior_opposed_legacy,1.0,3467.5,3467.5,False,1.0,False,1.0,True,ST-event age,st_age_gt180m,es_v2b_prior_opposed_stpmc_only_S_1_1_3_20240926_18,2024-09-26 14:04:00+00:00,3467.5
es_v2b_prior_opposed_stpmc_only_S_1_1_3_20241001_01,2024-10-01,2024,10,Tuesday,9,es_prior_opposed_legacy,1.0,2305.0,2305.0,False,1.0,False,1.0,True,ST-event age,st_age_gt180m,es_v2b_prior_opposed_stpmc_only_S_1_1_3_20241001_01,2024-10-01 13:45:00+00:00,2305.0
es_v2b_prior_opposed_stpmc_only_S_1_1_3_20241004_01,2024-10-04,2024,10,Friday,15,es_prior_opposed_legacy,1.0,367.5,367.5,True,1.0,True,2.0,True,ST-event age,st_age_gt180m,es_v2b_prior_opposed_stpmc_only_S_1_1_3_20241004_01,2024-10-04 19:34:00+00:00,367.5
es_v2b_prior_opposed_stpmc_only_S_1_1_3_20241008_18,2024-10-08,2024,10,Tuesday,10,es_prior_opposed_legacy,1.0,3505.0,3505.0,False,1.0,False,1.0,True,ST-event age,st_age_gt180m,es_v2b_prior_opposed_stpmc_only_S_1_1_3_20241008_18,2024-10-08 14:02:00+00:00,3505.0
es_v2b_prior_opposed_stpmc_only_S_1_1_3_20241010_01,2024-10-10,2024,10,Thursday,9,es_prior_opposed_legacy,1.0,-2945.0,-2945.0,False,1.0,False,1.0,True,ST-event age,st_age_gt180m,es_v2b_prior_opposed_stpmc_only_S_1_1_3_20241010_01,2024-10-10 13:47:00+00:00,-2945.0
es_v2b_prior_opposed_stpmc_only_S_1_1_3_20241015_18,2024-10-15,2024,10,Tuesday,10,es_prior_opposed_legacy,1.0,7480.0,7480.0,False,1.0,False,1.0,True,ST-event age,st_age_gt180m,es_v2b_prior_opposed_stpmc_only_S_1_1_3_20241015_18,2024-10-15 14:02:00+00:00,7480.0
es_v2b_prior_opposed_stpmc_only_S_1_1_3_20241017_18,2024-10-17,2024,10,Thursday,10,es_prior_opposed_legacy,1.0,2117.5,2117.5,False,1.0,False,1.0,True,ST-event age,st_age_gt180m,es_v2b_prior_opposed_stpmc_only_S_1_1_3_20241017_18,2024-10-17 14:02:00+00:00,2117.5
es_v2b_prior_opposed_stpmc_only_S_1_1_3_20241023_18,2024-10-23,2024,10,Wednesday,10,es_prior_opposed_legacy,1.0,242.5,242.5,False,1.0,False,1.0,True,ST-event age,st_age_gt180m,es_v2b_prior_opposed_stpmc_only_S_1_1_3_20241023_18,2024-10-23 14:04:00+00:00,242.5
es_v2b_prior_opposed_stpmc_only_S_1_1_3_20241024_78,2024-10-24,2024,10,Thursday,11,es_prior_opposed_legacy,1.0,1255.0,1255.0,False,1.0,False,1.0,True,ST-event age,st_age_gt180m,es_v2b_prior_opposed_stpmc_only_S_1_1_3_20241024_78,2024-10-24 15:02:00+00:00,1255.0
es_v2b_prior_opposed_stpmc_only_S_1_1_3_20241111_138,2024-11-11,2024,11,Monday,12,es_prior_opposed_legacy,1.0,1780.0,1780.0,False,1.0,False,1.0,True,ST-event age,st_age_gt180m,es_v2b_prior_opposed_stpmc_only_S_1_1_3_20241111_138,2024-11-11 17:06:00+00:00,1780.0
es_v2b_prior_opposed_stpmc_only_S_1_1_3_20241114_18,2024-11-14,2024,11,Thursday,10,es_prior_opposed_legacy,1.0,867.5,867.5,False,1.0,False,1.0,True,ST-event age,st_age_gt180m,es_v2b_prior_opposed_stpmc_only_S_1_1_3_20241114_18,2024-11-14 15:12:00+00:00,867.5
es_v2b_prior_opposed_stpmc_only_S_1_1_3_20241119_01,2024-11-19,2024,11,Tuesday,9,es_prior_opposed_legacy,1.0,-3257.5,-3257.5,False,1.0,False,1.0,True,ST-event age,st_age_gt180m,es_v2b_prior_opposed_stpmc_only_S_1_1_3_20241119_01,2024-11-19 14:50:00+00:00,-3257.5
es_v2b_prior_opposed_stpmc_only_S_1_1_3_20241120_01,2024-11-20,2024,11,Wednesday,9,es_prior_opposed_legacy,1.0,1205.0,1205.0,False,1.0,False,1.0,True,ST-event age,st_age_gt180m,es_v2b_prior_opposed_stpmc_only_S_1_1_3_20241120_01,2024-11-20 14:50:00+00:00,1205.0
es_v2b_prior_opposed_stpmc_only_S_1_1_3_20241121_18,2024-11-21,2024,11,Thursday,10,es_prior_opposed_legacy,1.0,-12882.5,-12882.5,False,1.0,False,1.0,True,ST-event age,st_age_gt180m,es_v2b_prior_opposed_stpmc_only_S_1_1_3_20241121_18,2024-11-21 15:06:00+00:00,-12882.5
es_v2b_prior_opposed_stpmc_only_S_1_1_3_20241125_138,2024-11-25,2024,11,Monday,12,es_prior_opposed_legacy,1.0,-520.0,-520.0,False,1.0,False,1.0,True,ST-event age,st_age_gt180m,es_v2b_prior_opposed_stpmc_only_S_1_1_3_20241125_138,2024-11-25 17:02:00+00:00,-520.0
es_v2b_prior_opposed_stpmc_only_S_1_1_3_20241211_01,2024-12-11,2024,12,Wednesday,9,es_prior_opposed_legacy,1.0,2792.5,2792.5,False,1.0,False,1.0,True,ST-event age,st_age_gt180m,es_v2b_prior_opposed_stpmc_only_S_1_1_3_20241211_01,2024-12-11 14:45:00+00:00,2792.5
es_v2b_prior_opposed_stpmc_only_S_1_1_3_20241212_01,2024-12-12,2024,12,Thursday,9,es_prior_opposed_legacy,1.0,242.5,242.5,False,1.0,False,1.0,True,ST-event age,st_age_gt180m,es_v2b_prior_opposed_stpmc_only_S_1_1_3_20241212_01,2024-12-12 14:50:00+00:00,242.5
es_v2b_prior_opposed_stpmc_only_S_1_1_3_20241217_01,2024-12-17,2024,12,Tuesday,10,es_prior_opposed_legacy,1.0,-2695.0,-2695.0,False,1.0,False,1.0,True,ST-event age,st_age_gt180m,es_v2b_prior_opposed_stpmc_only_S_1_1_3_20241217_01,2024-12-17 15:10:00+00:00,-2695.0
es_v2b_prior_opposed_stpmc_only_S_1_1_3_20241220_01,2024-12-20,2024,12,Friday,10,es_prior_opposed_legacy,1.0,15092.5,15092.5,False,1.0,False,1.0,True,ST-event age,st_age_gt180m,es_v2b_prior_opposed_stpmc_only_S_1_1_3_20241220_01,2024-12-20 15:13:00+00:00,15092.5
es_v2b_prior_opposed_stpmc_only_S_1_1_3_20241226_01,2024-12-26,2024,12,Thursday,9,es_prior_opposed_legacy,1.0,1030.0,1030.0,False,1.0,False,1.0,True,ST-event age,st_age_gt180m,es_v2b_prior_opposed_stpmc_only_S_1_1_3_20241226_01,2024-12-26 14:50:00+00:00,1030.0
es_v2b_prior_opposed_stpmc_only_S_1_1_3_20241230_138,2024-12-30,2024,12,Monday,12,es_prior_opposed_legacy,1.0,-2532.5,-2532.5,False,1.0,False,1.0,True,ST-event age,st_age_gt180m,es_v2b_prior_opposed_stpmc_only_S_1_1_3_20241230_138,2024-12-30 17:02:00+00:00,-2532.5
es_v2b_prior_opposed_stpmc_only_S_1_1_3_20250103_01,2025-01-03,2025,1,Friday,11,es_prior_opposed_legacy,1.0,5605.0,5605.0,False,1.0,False,1.0,True,ST-event age,st_age_gt180m,es_v2b_prior_opposed_stpmc_only_S_1_1_3_20250103_01,2025-01-03 16:03:00+00:00,5605.0
es_v2b_prior_opposed_stpmc_only_S_1_1_3_20250106_258,2025-01-06,2025,1,Monday,14,es_prior_opposed_legacy,1.0,-532.5,-532.5,True,1.0,True,2.0,True,ST-event age,st_age_gt180m,es_v2b_prior_opposed_stpmc_only_S_1_1_3_20250106_258,2025-01-06 19:02:00+00:00,-532.5
es_v2b_prior_opposed_stpmc_only_S_1_1_3_20250113_258,2025-01-13,2025,1,Monday,14,es_prior_opposed_legacy,1.0,342.5,342.5,True,1.0,True,2.0,True,ST-event age,st_age_gt180m,es_v2b_prior_opposed_stpmc_only_S_1_1_3_20250113_258,2025-01-13 19:02:00+00:00,342.5
es_v2b_prior_opposed_stpmc_only_S_1_1_3_20250115_01,2025-01-15,2025,1,Wednesday,9,es_prior_opposed_legacy,1.0,3830.0,3830.0,False,1.0,False,1.0,True,ST-event age,st_age_gt180m,es_v2b_prior_opposed_stpmc_only_S_1_1_3_20250115_01,2025-01-15 14:45:00+00:00,3830.0
es_v2b_prior_opposed_stpmc_only_S_1_1_3_20250116_198,2025-01-16,2025,1,Thursday,13,es_prior_opposed_legacy,1.0,542.5,542.5,True,1.0,True,2.0,True,ST-event age,st_age_gt180m,es_v2b_prior_opposed_stpmc_only_S_1_1_3_20250116_198,2025-01-16 18:15:00+00:00,542.5
es_v2b_prior_opposed_stpmc_only_S_1_1_3_20250129_198,2025-01-29,2025,1,Wednesday,13,es_prior_opposed_legacy,1.0,-2895.0,-2895.0,True,1.0,True,2.0,True,ST-event age,st_age_gt180m,es_v2b_prior_opposed_stpmc_only_S_1_1_3_20250129_198,2025-01-29 18:02:00+00:00,-2895.0
es_v2b_prior_opposed_stpmc_only_S_1_1_3_20250131_198,2025-01-31,2025,1,Friday,13,es_prior_opposed_legacy,1.0,9242.5,9242.5,True,1.0,True,2.0,True,ST-event age,st_age_gt180m,es_v2b_prior_opposed_stpmc_only_S_1_1_3_20250131_198,2025-01-31 18:26:00+00:00,9242.5
es_v2b_prior_opposed_stpmc_only_S_1_1_3_20250203_18,2025-02-03,2025,2,Monday,10,es_prior_opposed_legacy,1.0,8567.5,8567.5,False,1.0,False,1.0,True,ST-event age,st_age_gt180m,es_v2b_prior_opposed_stpmc_only_S_1_1_3_20250203_18,2025-02-03 15:24:00+00:00,8567.5
es_v2b_prior_opposed_stpmc_only_S_1_1_3_20250206_258,2025-02-06,2025,2,Thursday,14,es_prior_opposed_legacy,1.0,1292.5,1292.5,True,1.0,True,2.0,True,ST-event age,st_age_gt180m,es_v2b_prior_opposed_stpmc_only_S_1_1_3_20250206_258,2025-02-06 19:15:00+00:00,1292.5
es_v2b_prior_opposed_stpmc_only_S_1_1_3_20250218_01,2025-02-18,2025,2,Tuesday,9,es_prior_opposed_legacy,1.0,317.5,317.5,False,1.0,False,1.0,True,ST-event age,st_age_gt180m,es_v2b_prior_opposed_stpmc_only_S_1_1_3_20250218_01,2025-02-18 14:47:00+00:00,317.5
es_v2b_prior_opposed_stpmc_only_S_1_1_3_20250226_18,2025-02-26,2025,2,Wednesday,10,es_prior_opposed_legacy,1.0,-332.5,-332.5,False,1.0,False,1.0,True,ST-event age,st_age_gt180m,es_v2b_prior_opposed_stpmc_only_S_1_1_3_20250226_18,2025-02-26 15:02:00+00:00,-332.5
es_v2b_prior_opposed_stpmc_only_S_1_1_3_20250228_318,2025-02-28,2025,2,Friday,15,es_prior_opposed_legacy,1.0,11567.5,11567.5,True,1.0,True,2.0,True,ST-event age,st_age_gt180m,es_v2b_prior_opposed_stpmc_only_S_1_1_3_20250228_318,2025-02-28 20:02:00+00:00,11567.5
es_v2b_prior_opposed_stpmc_only_S_1_1_3_20250304_258,2025-03-04,2025,3,Tuesday,14,es_prior_opposed_legacy,1.0,117.5,117.5,True,1.0,True,2.0,True,ST-event age,st_age_gt180m,es_v2b_prior_opposed_stpmc_only_S_1_1_3_20250304_258,2025-03-04 19:02:00+00:00,117.5
es_v2b_prior_opposed_stpmc_only_S_1_1_3_20250307_258,2025-03-07,2025,3,Friday,14,es_prior_opposed_legacy,1.0,-257.5,-257.5,True,1.0,True,2.0,True,ST-event age,st_age_gt180m,es_v2b_prior_opposed_stpmc_only_S_1_1_3_20250307_258,2025-03-07 19:02:00+00:00,-257.5
es_v2b_prior_opposed_stpmc_only_S_1_1_3_20250314_18,2025-03-14,2025,3,Friday,10,es_prior_opposed_legacy,1.0,10180.0,10180.0,False,1.0,False,1.0,True,ST-event age,st_age_gt180m,es_v2b_prior_opposed_stpmc_only_S_1_1_3_20250314_18,2025-03-14 14:06:00+00:00,10180.0
es_v2b_prior_opposed_stpmc_only_S_1_1_3_20250319_18,2025-03-19,2025,3,Wednesday,10,es_prior_opposed_legacy,1.0,-2295.0,-2295.0,False,1.0,False,1.0,True,ST-event age,st_age_gt180m,es_v2b_prior_opposed_stpmc_only_S_1_1_3_20250319_18,2025-03-19 14:02:00+00:00,-2295.0
es_v2b_prior_opposed_stpmc_only_S_1_1_3_20250320_18,2025-03-20,2025,3,Thursday,10,es_prior_opposed_legacy,1.0,-3920.0,-3920.0,False,1.0,False,1.0,True,ST-event age,st_age_gt180m,es_v2b_prior_opposed_stpmc_only_S_1_1_3_20250320_18,2025-03-20 14:02:00+00:00,-3920.0
es_v2b_prior_opposed_stpmc_only_S_1_1_3_20250321_318,2025-03-21,2025,3,Friday,15,es_prior_opposed_legacy,1.0,3917.5,3917.5,True,1.0,True,2.0,True,ST-event age,st_age_gt180m,es_v2b_prior_opposed_stpmc_only_S_1_1_3_20250321_318,2025-03-21 19:02:00+00:00,3917.5
es_v2b_prior_opposed_stpmc_only_S_1_1_3_20250620_78,2025-06-20,2025,6,Friday,11,es_prior_opposed_legacy,1.0,-1545.0,-1545.0,False,1.0,False,1.0,True,ST-event age,st_age_gt180m,es_v2b_prior_opposed_stpmc_only_S_1_1_3_20250620_78,2025-06-20 15:02:00+00:00,-1545.0
es_v2b_prior_opposed_stpmc_only_S_1_1_3_20250627_198,2025-06-27,2025,6,Friday,14,es_prior_opposed_legacy,1.0,355.0,355.0,True,1.0,True,2.0,True,ST-event age,st_age_gt180m,es_v2b_prior_opposed_stpmc_only_S_1_1_3_20250627_198,2025-06-27 18:28:00+00:00,355.0
es_v2b_prior_opposed_stpmc_only_S_1_1_3_20250715_18,2025-07-15,2025,7,Tuesday,10,es_prior_opposed_legacy,1.0,8167.5,8167.5,False,1.0,False,1.0,True,ST-event age,st_age_gt180m,es_v2b_prior_opposed_stpmc_only_S_1_1_3_20250715_18,2025-07-15 14:02:00+00:00,8167.5
es_v2b_prior_opposed_stpmc_only_S_1_1_3_20250718_18,2025-07-18,2025,7,Friday,10,es_prior_opposed_legacy,1.0,2455.0,2455.0,False,1.0,False,1.0,True,ST-event age,st_age_gt180m,es_v2b_prior_opposed_stpmc_only_S_1_1_3_20250718_18,2025-07-18 14:04:00+00:00,2455.0
es_v2b_prior_opposed_stpmc_only_S_1_1_3_20250728_01,2025-07-28,2025,7,Monday,11,es_prior_opposed_legacy,1.0,467.5,467.5,False,1.0,False,1.0,True,ST-event age,st_age_gt180m,es_v2b_prior_opposed_stpmc_only_S_1_1_3_20250728_01,2025-07-28 15:18:00+00:00,467.5
es_v2b_prior_opposed_stpmc_only_S_1_1_3_20250729_18,2025-07-29,2025,7,Tuesday,10,es_prior_opposed_legacy,1.0,4867.5,4867.5,False,1.0,False,1.0,True,ST-event age,st_age_gt180m,es_v2b_prior_opposed_stpmc_only_S_1_1_3_20250729_18,2025-07-29 14:02:00+00:00,4867.5
es_v2b_prior_opposed_stpmc_only_S_1_1_3_20250731_01,2025-07-31,2025,7,Thursday,9,es_prior_opposed_legacy,1.0,-4882.5,-4882.5,False,1.0,False,1.0,True,ST-event age,st_age_gt180m,es_v2b_prior_opposed_stpmc_only_S_1_1_3_20250731_01,2025-07-31 13:45:00+00:00,-4882.5
es_v2b_prior_opposed_stpmc_only_S_1_1_3_20250804_01,2025-08-04,2025,8,Monday,9,es_prior_opposed_legacy,1.0,7255.0,7255.0,False,1.0,False,1.0,True,ST-event age,st_age_gt180m,es_v2b_prior_opposed_stpmc_only_S_1_1_3_20250804_01,2025-08-04 13:45:00+00:00,7255.0
es_v2b_prior_opposed_stpmc_only_S_1_1_3_20250805_18,2025-08-05,2025,8,Tuesday,10,es_prior_opposed_legacy,1.0,5630.0,5630.0,False,1.0,False,1.0,True,ST-event age,st_age_gt180m,es_v2b_prior_opposed_stpmc_only_S_1_1_3_20250805_18,2025-08-05 14:02:00+00:00,5630.0
es_v2b_prior_opposed_stpmc_only_S_1_1_3_20250806_78,2025-08-06,2025,8,Wednesday,11,es_prior_opposed_legacy,1.0,3192.5,3192.5,False,1.0,False,1.0,True,ST-event age,st_age_gt180m,es_v2b_prior_opposed_stpmc_only_S_1_1_3_20250806_78,2025-08-06 15:02:00+00:00,3192.5
es_v2b_prior_opposed_stpmc_only_S_1_1_3_20250807_18,2025-08-07,2025,8,Thursday,10,es_prior_opposed_legacy,1.0,6880.0,6880.0,False,1.0,False,1.0,True,ST-event age,st_age_gt180m,es_v2b_prior_opposed_stpmc_only_S_1_1_3_20250807_18,2025-08-07 14:05:00+00:00,6880.0
es_v2b_prior_opposed_stpmc_only_S_1_1_3_20250811_258,2025-08-11,2025,8,Monday,14,es_prior_opposed_legacy,1.0,2280.0,2280.0,True,1.0,True,2.0,True,ST-event age,st_age_gt180m,es_v2b_prior_opposed_stpmc_only_S_1_1_3_20250811_258,2025-08-11 18:02:00+00:00,2280.0
es_v2b_prior_opposed_stpmc_only_S_1_1_3_20250905_01,2025-09-05,2025,9,Friday,9,es_prior_opposed_legacy,1.0,-2320.0,-2320.0,False,1.0,False,1.0,True,ST-event age,st_age_gt180m,es_v2b_prior_opposed_stpmc_only_S_1_1_3_20250905_01,2025-09-05 13:46:00+00:00,-2320.0
es_v2b_prior_opposed_stpmc_only_S_1_1_3_20250910_318,2025-09-10,2025,9,Wednesday,15,es_prior_opposed_legacy,1.0,-245.0,-245.0,True,1.0,True,2.0,True,ST-event age,st_age_gt180m,es_v2b_prior_opposed_stpmc_only_S_1_1_3_20250910_318,2025-09-10 19:02:00+00:00,-245.0
es_v2b_prior_opposed_stpmc_only_S_1_1_3_20250916_01,2025-09-16,2025,9,Tuesday,9,es_prior_opposed_legacy,1.0,480.0,480.0,False,1.0,False,1.0,True,ST-event age,st_age_gt180m,es_v2b_prior_opposed_stpmc_only_S_1_1_3_20250916_01,2025-09-16 13:45:00+00:00,480.0
es_v2b_prior_opposed_stpmc_only_S_1_1_3_20250918_01,2025-09-18,2025,9,Thursday,9,es_prior_opposed_legacy,1.0,-4445.0,-4445.0,False,1.0,False,1.0,True,ST-event age,st_age_gt180m,es_v2b_prior_opposed_stpmc_only_S_1_1_3_20250918_01,2025-09-18 13:45:00+00:00,-4445.0
es_v2b_prior_opposed_stpmc_only_S_1_1_3_20250929_198,2025-09-29,2025,9,Monday,13,es_prior_opposed_legacy,1.0,-1920.0,-1920.0,True,1.0,True,2.0,True,ST-event age,st_age_gt180m,es_v2b_prior_opposed_stpmc_only_S_1_1_3_20250929_198,2025-09-29 17:02:00+00:00,-1920.0
es_v2b_prior_opposed_stpmc_only_S_1_1_3_20251002_18,2025-10-02,2025,10,Thursday,10,es_prior_opposed_legacy,1.0,730.0,730.0,False,1.0,False,1.0,True,ST-event age,st_age_gt180m,es_v2b_prior_opposed_stpmc_only_S_1_1_3_20251002_18,2025-10-02 14:10:00+00:00,730.0
es_v2b_prior_opposed_stpmc_only_S_1_1_3_20251014_78,2025-10-14,2025,10,Tuesday,11,es_prior_opposed_legacy,1.0,6455.0,6455.0,False,1.0,False,1.0,True,ST-event age,st_age_gt180m,es_v2b_prior_opposed_stpmc_only_S_1_1_3_20251014_78,2025-10-14 15:02:00+00:00,6455.0
es_v2b_prior_opposed_stpmc_only_S_1_1_3_20251015_78,2025-10-15,2025,10,Wednesday,11,es_prior_opposed_legacy,1.0,580.0,580.0,False,1.0,False,1.0,True,ST-event age,st_age_gt180m,es_v2b_prior_opposed_stpmc_only_S_1_1_3_20251015_78,2025-10-15 15:36:00+00:00,580.0
es_v2b_prior_opposed_stpmc_only_S_1_1_3_20251017_01,2025-10-17,2025,10,Friday,9,es_prior_opposed_legacy,1.0,-8132.5,-8132.5,False,1.0,False,1.0,True,ST-event age,st_age_gt180m,es_v2b_prior_opposed_stpmc_only_S_1_1_3_20251017_01,2025-10-17 13:53:00+00:00,-8132.5
es_v2b_prior_opposed_stpmc_only_S_1_1_3_20251022_18,2025-10-22,2025,10,Wednesday,10,es_prior_opposed_legacy,1.0,655.0,655.0,False,1.0,False,1.0,True,ST-event age,st_age_gt180m,es_v2b_prior_opposed_stpmc_only_S_1_1_3_20251022_18,2025-10-22 14:15:00+00:00,655.0
es_v2b_prior_opposed_stpmc_only_S_1_1_3_20251029_258,2025-10-29,2025,10,Wednesday,14,es_prior_opposed_legacy,1.0,1067.5,1067.5,True,1.0,True,2.0,True,ST-event age,st_age_gt180m,es_v2b_prior_opposed_stpmc_only_S_1_1_3_20251029_258,2025-10-29 18:03:00+00:00,1067.5
es_v2b_prior_opposed_stpmc_only_S_1_1_3_20251104_18,2025-11-04,2025,11,Tuesday,10,es_prior_opposed_legacy,1.0,-2670.0,-2670.0,False,1.0,False,1.0,True,ST-event age,st_age_gt180m,es_v2b_prior_opposed_stpmc_only_S_1_1_3_20251104_18,2025-11-04 15:02:00+00:00,-2670.0
es_v2b_prior_opposed_stpmc_only_S_1_1_3_20251105_01,2025-11-05,2025,11,Wednesday,9,es_prior_opposed_legacy,1.0,5005.0,5005.0,False,1.0,False,1.0,True,ST-event age,st_age_gt180m,es_v2b_prior_opposed_stpmc_only_S_1_1_3_20251105_01,2025-11-05 14:46:00+00:00,5005.0
es_v2b_prior_opposed_stpmc_only_S_1_1_3_20251107_258,2025-11-07,2025,11,Friday,14,es_prior_opposed_legacy,1.0,7180.0,7180.0,True,1.0,True,2.0,True,ST-event age,st_age_gt180m,es_v2b_prior_opposed_stpmc_only_S_1_1_3_20251107_258,2025-11-07 19:38:00+00:00,7180.0
es_v2b_prior_opposed_stpmc_only_S_1_1_3_20251112_18,2025-11-12,2025,11,Wednesday,10,es_prior_opposed_legacy,1.0,1442.5,1442.5,False,1.0,False,1.0,True,ST-event age,st_age_gt180m,es_v2b_prior_opposed_stpmc_only_S_1_1_3_20251112_18,2025-11-12 15:02:00+00:00,1442.5
es_v2b_prior_opposed_stpmc_only_S_1_1_3_20251114_18,2025-11-14,2025,11,Friday,10,es_prior_opposed_legacy,1.0,10455.0,10455.0,False,1.0,False,1.0,True,ST-event age,st_age_gt180m,es_v2b_prior_opposed_stpmc_only_S_1_1_3_20251114_18,2025-11-14 15:02:00+00:00,10455.0
es_v2b_prior_opposed_stpmc_only_S_1_1_3_20251119_18,2025-11-19,2025,11,Wednesday,10,es_prior_opposed_legacy,1.0,-4507.5,-4507.5,False,1.0,False,1.0,True,ST-event age,st_age_gt180m,es_v2b_prior_opposed_stpmc_only_S_1_1_3_20251119_18,2025-11-19 15:02:00+00:00,-4507.5
es_v2b_prior_opposed_stpmc_only_S_1_1_3_20251121_78,2025-11-21,2025,11,Friday,11,es_prior_opposed_legacy,1.0,7480.0,7480.0,False,1.0,False,1.0,True,ST-event age,st_age_gt180m,es_v2b_prior_opposed_stpmc_only_S_1_1_3_20251121_78,2025-11-21 16:36:00+00:00,7480.0
es_v2b_prior_opposed_stpmc_only_S_1_1_3_20251201_01,2025-12-01,2025,12,Monday,9,es_prior_opposed_legacy,1.0,655.0,655.0,False,1.0,False,1.0,True,ST-event age,st_age_gt180m,es_v2b_prior_opposed_stpmc_only_S_1_1_3_20251201_01,2025-12-01 14:47:00+00:00,655.0
es_v2b_prior_opposed_stpmc_only_S_1_1_3_20251204_258,2025-12-04,2025,12,Thursday,14,es_prior_opposed_legacy,1.0,730.0,730.0,True,1.0,True,2.0,True,ST-event age,st_age_gt180m,es_v2b_prior_opposed_stpmc_only_S_1_1_3_20251204_258,2025-12-04 19:13:00+00:00,730.0
es_v2b_prior_opposed_stpmc_only_S_1_1_3_20251212_18,2025-12-12,2025,12,Friday,10,es_prior_opposed_legacy,1.0,9342.5,9342.5,False,1.0,False,1.0,True,ST-event age,st_age_gt180m,es_v2b_prior_opposed_stpmc_only_S_1_1_3_20251212_18,2025-12-12 15:02:00+00:00,9342.5
es_v2b_prior_opposed_stpmc_only_S_1_1_3_20251218_01,2025-12-18,2025,12,Thursday,10,es_prior_opposed_legacy,1.0,-6632.5,-6632.5,False,1.0,False,1.0,True,ST-event age,st_age_gt180m,es_v2b_prior_opposed_stpmc_only_S_1_1_3_20251218_01,2025-12-18 15:26:00+00:00,-6632.5
es_v2b_prior_opposed_stpmc_only_S_1_1_3_20251226_198,2025-12-26,2025,12,Friday,13,es_prior_opposed_legacy,1.0,-1320.0,-1320.0,True,1.0,True,2.0,True,ST-event age,st_age_gt180m,es_v2b_prior_opposed_stpmc_only_S_1_1_3_20251226_198,2025-12-26 18:02:00+00:00,-1320.0
es_v2b_prior_opposed_stpmc_only_S_1_1_3_20251231_18,2025-12-31,2025,12,Wednesday,10,es_prior_opposed_legacy,1.0,8242.5,8242.5,False,1.0,False,1.0,True,ST-event age,st_age_gt180m,es_v2b_prior_opposed_stpmc_only_S_1_1_3_20251231_18,2025-12-31 15:02:00+00:00,8242.5
es_v2b_prior_opposed_stpmc_only_S_1_1_3_20260102_18,2026-01-02,2026,1,Friday,10,es_prior_opposed_legacy,1.0,905.0,905.0,False,1.0,False,1.0,True,ST-event age,st_age_gt180m,es_v2b_prior_opposed_stpmc_only_S_1_1_3_20260102_18,2026-01-02 15:14:00+00:00,905.0
es_v2b_prior_opposed_stpmc_only_S_1_1_3_20260107_318,2026-01-07,2026,1,Wednesday,15,es_prior_opposed_legacy,1.0,4542.5,4542.5,True,1.0,True,2.0,True,ST-event age,st_age_gt180m,es_v2b_prior_opposed_stpmc_only_S_1_1_3_20260107_318,2026-01-07 20:02:00+00:00,4542.5
es_v2b_prior_opposed_stpmc_only_S_1_1_3_20260116_18,2026-01-16,2026,1,Friday,10,es_prior_opposed_legacy,1.0,-2057.5,-2057.5,False,1.0,False,1.0,True,ST-event age,st_age_gt180m,es_v2b_prior_opposed_stpmc_only_S_1_1_3_20260116_18,2026-01-16 15:02:00+00:00,-2057.5
es_v2b_prior_opposed_stpmc_only_S_1_1_3_20260120_18,2026-01-20,2026,1,Tuesday,10,es_prior_opposed_legacy,1.0,-4882.5,-4882.5,False,1.0,False,1.0,True,ST-event age,st_age_gt180m,es_v2b_prior_opposed_stpmc_only_S_1_1_3_20260120_18,2026-01-20 15:24:00+00:00,-4882.5
es_v2b_prior_opposed_stpmc_only_S_1_1_3_20260121_01,2026-01-21,2026,1,Wednesday,9,es_prior_opposed_legacy,1.0,2567.5,2567.5,False,1.0,False,1.0,True,ST-event age,st_age_gt180m,es_v2b_prior_opposed_stpmc_only_S_1_1_3_20260121_01,2026-01-21 14:47:00+00:00,2567.5
es_v2b_prior_opposed_stpmc_only_S_1_1_3_20260128_18,2026-01-28,2026,1,Wednesday,10,es_prior_opposed_legacy,1.0,280.0,280.0,False,1.0,False,1.0,True,ST-event age,st_age_gt180m,es_v2b_prior_opposed_stpmc_only_S_1_1_3_20260128_18,2026-01-28 15:02:00+00:00,280.0
es_v2b_prior_opposed_stpmc_only_S_1_1_3_20260130_01,2026-01-30,2026,1,Friday,9,es_prior_opposed_legacy,1.0,-6320.0,-6320.0,False,1.0,False,1.0,True,ST-event age,st_age_gt180m,es_v2b_prior_opposed_stpmc_only_S_1_1_3_20260130_01,2026-01-30 14:59:00+00:00,-6320.0
es_v2b_prior_opposed_stpmc_only_S_1_1_3_20260202_01,2026-02-02,2026,2,Monday,9,es_prior_opposed_legacy,1.0,7042.5,7042.5,False,1.0,False,1.0,True,ST-event age,st_age_gt180m,es_v2b_prior_opposed_stpmc_only_S_1_1_3_20260202_01,2026-02-02 14:46:00+00:00,7042.5
es_v2b_prior_opposed_stpmc_only_S_1_1_3_20260203_18,2026-02-03,2026,2,Tuesday,10,es_prior_opposed_legacy,1.0,5430.0,5430.0,False,1.0,False,1.0,True,ST-event age,st_age_gt180m,es_v2b_prior_opposed_stpmc_only_S_1_1_3_20260203_18,2026-02-03 15:02:00+00:00,5430.0
es_v2b_prior_opposed_stpmc_only_S_1_1_3_20260204_01,2026-02-04,2026,2,Wednesday,9,es_prior_opposed_legacy,1.0,-5945.0,-5945.0,False,1.0,False,1.0,True,ST-event age,st_age_gt180m,es_v2b_prior_opposed_stpmc_only_S_1_1_3_20260204_01,2026-02-04 14:48:00+00:00,-5945.0
es_v2b_prior_opposed_stpmc_only_S_1_1_3_20260206_01,2026-02-06,2026,2,Friday,9,es_prior_opposed_legacy,1.0,12430.0,12430.0,False,1.0,False,1.0,True,ST-event age,st_age_gt180m,es_v2b_prior_opposed_stpmc_only_S_1_1_3_20260206_01,2026-02-06 14:45:00+00:00,12430.0
es_v2b_prior_opposed_stpmc_only_S_1_1_3_20260211_01,2026-02-11,2026,2,Wednesday,9,es_prior_opposed_legacy,1.0,7742.5,7742.5,False,1.0,False,1.0,True,ST-event age,st_age_gt180m,es_v2b_prior_opposed_stpmc_only_S_1_1_3_20260211_01,2026-02-11 14:50:00+00:00,7742.5
es_v2b_prior_opposed_stpmc_only_S_1_1_3_20260213_78,2026-02-13,2026,2,Friday,11,es_prior_opposed_legacy,1.0,-4257.5,-4257.5,False,1.0,False,1.0,True,ST-event age,st_age_gt180m,es_v2b_prior_opposed_stpmc_only_S_1_1_3_20260213_78,2026-02-13 16:02:00+00:00,-4257.5
es_v2b_prior_opposed_stpmc_only_S_1_1_3_20260217_78,2026-02-17,2026,2,Tuesday,11,es_prior_opposed_legacy,1.0,-7195.0,-7195.0,False,1.0,False,1.0,True,ST-event age,st_age_gt180m,es_v2b_prior_opposed_stpmc_only_S_1_1_3_20260217_78,2026-02-17 16:19:00+00:00,-7195.0
es_v2b_prior_opposed_stpmc_only_S_1_1_3_20260220_18,2026-02-20,2026,2,Friday,10,es_prior_opposed_legacy,1.0,-7357.5,-7357.5,False,1.0,False,1.0,True,ST-event age,st_age_gt180m,es_v2b_prior_opposed_stpmc_only_S_1_1_3_20260220_18,2026-02-20 15:02:00+00:00,-7357.5
es_v2b_prior_opposed_stpmc_only_S_1_1_3_20260224_138,2026-02-24,2026,2,Tuesday,12,es_prior_opposed_legacy,1.0,1805.0,1805.0,False,1.0,False,1.0,True,ST-event age,st_age_gt180m,es_v2b_prior_opposed_stpmc_only_S_1_1_3_20260224_138,2026-02-24 17:02:00+00:00,1805.0
es_v2b_prior_opposed_stpmc_only_S_1_1_3_20260226_01,2026-02-26,2026,2,Thursday,9,es_prior_opposed_legacy,1.0,5792.5,5792.5,False,1.0,False,1.0,True,ST-event age,st_age_gt180m,es_v2b_prior_opposed_stpmc_only_S_1_1_3_20260226_01,2026-02-26 14:45:00+00:00,5792.5
es_v2b_prior_opposed_stpmc_only_S_1_1_3_20260302_01,2026-03-02,2026,3,Monday,9,es_prior_opposed_legacy,1.0,9692.5,9692.5,False,1.0,False,1.0,True,ST-event age,st_age_gt180m,es_v2b_prior_opposed_stpmc_only_S_1_1_3_20260302_01,2026-03-02 14:45:00+00:00,9692.5
es_v2b_prior_opposed_stpmc_only_S_1_1_3_20260303_198,2026-03-03,2026,3,Tuesday,13,es_prior_opposed_legacy,1.0,4405.0,4405.0,True,1.0,True,2.0,True,ST-event age,st_age_gt180m,es_v2b_prior_opposed_stpmc_only_S_1_1_3_20260303_198,2026-03-03 18:02:00+00:00,4405.0
